{"loss": [1.2597084290255938, 1.1104618018643695, 1.0429591128700657, 0.9956854647635189, 0.9269066003841062, 0.9477316546654364, 0.9062190514933007, 0.9093923311637516, 0.8623399452924422, 0.8719415823822609, 0.8572578087391688, 0.8553321848172738, 0.8403540477826139, 0.8580992163681402, 0.8637968756268052, 0.8405780522905969, 0.8313192776446165, 0.8366862188101734, 0.8379199281430519, 0.8410041231245988, 0.8346832627968549, 0.8368975305128771, 0.8294504579438784, 0.8397048342977776, 0.8445738570834002, 0.8382498627296614, 0.8487222889421534, 0.8316056492698973, 0.8399800801307766, 0.8383183411976493, 0.8575983206635109, 0.8469434941381178, 0.8415695797647224, 0.8477357759096197, 0.8376467194269496, 0.8512415757381258, 0.8520017337431803, 0.8489415924111441, 0.8490380420611361, 0.838059078897224, 0.8546613465530728, 0.8441100212361602, 0.8518101664042442, 0.848463183343028], "mae": [0.7875224396261232, 0.7159629106827664, 0.6968473892309852, 0.6713935352565389, 0.6488075501193437, 0.6651109100459323, 0.6430156350288831, 0.6328940630265164, 0.6233489167552552, 0.6253252335476172, 0.6230350832271944, 0.6184036587873074, 0.6099239246530006, 0.6156974273407413, 0.6214085629111842, 0.6077242301578546, 0.6040773991595796, 0.6076087804752688, 0.608113397835767, 0.6042435025373074, 0.6057539855408577, 0.6031434202377848, 0.6023897653366697, 0.6057553958525553, 0.6024301159213535, 0.5975024476743019, 0.6010299506328225, 0.596541751180901, 0.5968718816441351, 0.5997773979686497, 0.6019575439766528, 0.5958905789298179, 0.5967279906756459, 0.5944703166995948, 0.5925527628946365, 0.5984745833625842, 0.5966328338113768, 0.5940972500802311, 0.5976680417728056, 0.5939875983457357, 0.599169945380195, 0.5955705165250923, 0.5989375965280006, 0.5971947254969312]}