{"loss": [1.242798488008342, 1.093458558720021, 1.0134414646332985, 0.951067599713243, 0.8745518742396594, 0.898653789754953, 0.8362365446863051, 0.8224021468760861, 0.7795552550399721, 0.7730100799443865, 0.7515591056221759, 0.7388777779588113, 0.716031103362878, 0.7136948209940911, 0.7261467566041014, 0.6732144214893987, 0.6532027991397289, 0.63671875, 0.6265350734271811, 0.6092405826381647, 0.5846296462243656, 0.5580424012100278, 0.5445762933937262, 0.5313807514337852, 0.4952561872718978, 0.47810256316258254, 0.4577896897810219, 0.4254376710766423, 0.40602780402763294, 0.38824577875173794, 0.36579682340545705, 0.34168839068474105, 0.31409366038842546, 0.2938517973909454, 0.26776810832681613, 0.25274615349104973, 0.22926905807373132, 0.20771340113942474, 0.1936585215176399, 0.17776635003910324, 0.16531178378627912, 0.15266229538690476, 0.14320146854362184, 0.13564101806895204], "mae": [0.7805721427485227, 0.7108072916666667, 0.6873055021506778, 0.6571108821037539, 0.6313307183046576, 0.6484085799009385, 0.6195709642205423, 0.6060081845238096, 0.5954230888295099, 0.5953284535757734, 0.5896742347714633, 0.5823936337765033, 0.573410209202294, 0.5723786577815433, 0.5791733875347584, 0.555680525232447, 0.5490652562347932, 0.5480471804940041, 0.5465672657064651, 0.5360462219217066, 0.5294444286040146, 0.5187364564324818, 0.5157378970064304, 0.5108121456269552, 0.49474927088764337, 0.4873516996328641, 0.47867342962504345, 0.46357377748088285, 0.4568008396332986, 0.44969644079118876, 0.43762644057394856, 0.42328173200165103, 0.4096803242852798, 0.3972902681830031, 0.38103306531326037, 0.37213606159845325, 0.3561765117201077, 0.34038708805830725, 0.33032418344847064, 0.31716869514685436, 0.30663672146550225, 0.2952301184502085, 0.286680054092805, 0.2790509353547532]}