{"jid": "JVASP-22677", "opt_atoms": {"lattice_mat": [[3.169243241104932, 9.02160469164795e-09, 2.1156641320203045e-08], [9.021633880326004e-09, 3.169243241104932, 1.1891268832365655e-08], [4.3509773506480784e-08, 2.445502465517383e-08, 6.218326589337289]], "coords": [[1.5846215986144092, 1.5846214737173325, -5.651096518256468e-05], [4.0035557859710704e-08, 1.8053699115985996e-08, 5.508512500152543], [1.5846216514391813, 1.584621648162635, 3.8154663718867905], [3.1256799734298605e-08, 1.6922829797913017e-07, 3.1091303804181103], [1.5846216379148843, 1.5846216429544973, 2.40203441276385], [2.9774213839894422e-09, -3.0588264677447277e-09, 0.7095889241592288]], "elements": ["Ca", "O", "O", "Ca", "O", "O"], "abc": [3.16924, 3.16924, 6.21833], "angles": [90.0, 90.0, 90.0], "cartesian": true, "props": ["", "", "", "", "", ""]}, "dft_atoms": {"lattice_mat": [[3.28571, 0.0, 0.0], [0.0, 3.28571, 0.0], [0.0, 0.0, 6.75724]], "coords": [[0.5, 0.5, 0.0], [0.0, 0.0, 0.8877319881091106], [0.5, 0.5, 0.6122680118908894], [0.0, 0.0, 0.5], [0.5, 0.5, 0.3877319881091106], [0.0, 0.0, 0.11226801189088942]], "elements": ["Ca", "O", "O", "Ca", "O", "O"], "abc": [3.28571, 3.28571, 6.75724], "angles": [90.0, 90.0, 90.0], "cartesian": false, "props": ["", "", "", "", "", ""]}, "energy": -24.95222568511963}