{"jid": "JVASP-7804", "opt_atoms": {"lattice_mat": [[2.1042060281234045, -3.619743969535538, -9.368421144814538e-05], [2.1042060261610764, 3.6197439684025863, 9.368557694827176e-05], [1.6540161215825875e-09, 0.00013103495600492727, 5.098255220740596]], "coords": [[0.4980464800354153, 0.8567875006989393, 0.8497332319611778], [3.2123647240201754, 6.551659187373359e-05, 2.5491276114390784], [0.4980464823027962, -0.8566564667936185, 4.24852198924427]], "elements": ["Se", "Se", "Se"], "abc": [4.18691, 4.18691, 5.09826], "angles": [89.9975, 90.0025, 119.6598], "cartesian": true, "props": ["", "", ""]}, "dft_atoms": {"lattice_mat": [[2.11823, -3.66888, 0.0], [2.11823, 3.66888, 0.0], [0.0, 0.0, 5.13158]], "coords": [[0.0, 0.23716795428144852, 0.16666666666666666], [0.7628320457185515, 0.7628320457185515, 0.5], [0.23716795428144852, 0.0, 0.8333333333333333]], "elements": ["Se", "Se", "Se"], "abc": [4.236458, 4.236458, 5.13158], "angles": [90.0, 90.0, 120.0], "cartesian": false, "props": ["", "", ""]}, "energy": -5.440743684768677}