{"jid": "JVASP-20204", "opt_atoms": {"lattice_mat": [[2.870448170744465, -4.971760547422755, -1.1450609053437462e-09], [2.8704481719032144, 4.971760548091763, 1.0390333400558933e-09], [-8.614688802677665e-11, 1.024546426943929e-09, 4.663567422903586]], "coords": [[1.4594583320928205, -0.8426183997347069, 1.1658918580630895], [2.870448171642219, 3.2865237454667144, 3.4976755653531457], [1.4594583320268302, 0.8426184010176295, 3.497675564807356], [4.281438010583448, -0.8426183993139176, 1.165891858007077], [2.8704481709237455, -3.2865237440056254, 1.1658918574301356], [4.281438010598398, 0.8426184013702789, 3.4976755647474493], [2.8704481714951986, 1.6572535168350675, 1.1658918560239189], [2.870448171064997, -1.657253515149365, 3.4976755667697463]], "elements": ["Ti", "Ti", "Ti", "Ti", "Ti", "Ti", "Al", "Al"], "abc": [5.740895, 5.740895, 4.66357], "angles": [90.0, 90.0, 120.0], "cartesian": true, "props": ["", "", "", "", "", "", "", ""]}, "dft_atoms": {"lattice_mat": [[2.8655, -4.96319, 0.0], [2.8655, 4.96319, 0.0], [0.0, 0.0, 4.65641]], "coords": [[0.33897313470151685, 0.16948656735075843, 0.25], [0.16948656735075843, 0.8305134326492416, 0.75], [0.16948656735075843, 0.33897313470151685, 0.75], [0.8305134326492416, 0.6610268652984832, 0.25], [0.8305134326492416, 0.16948656735075843, 0.25], [0.6610268652984832, 0.8305134326492416, 0.75], [0.3333333333333333, 0.6666666666666666, 0.25], [0.6666666666666667, 0.33333333333333337, 0.75]], "elements": ["Ti", "Ti", "Ti", "Ti", "Ti", "Ti", "Al", "Al"], "abc": [5.730999, 5.730999, 4.65641], "angles": [90.0, 90.0, 120.0], "cartesian": false, "props": ["", "", "", "", "", "", "", ""]}, "energy": -36.976966857910156}