{"jid": "JVASP-825", "opt_atoms": {"lattice_mat": [[4.15289, 0.0, 0.0], [0.0, 4.15289, 0.0], [0.0, 0.0, 4.15289]], "coords": [[0.0, 0.0, 0.0], [0.0, 2.076445, 2.076445], [2.076445, 0.0, 2.076445], [2.076445, 2.076445, 0.0]], "elements": ["Au", "Au", "Au", "Au"], "abc": [4.15289, 4.15289, 4.15289], "angles": [90.0, 90.0, 90.0], "cartesian": true, "props": ["", "", "", ""]}, "dft_atoms": {"lattice_mat": [[4.15289, 0.0, 0.0], [0.0, 4.15289, 0.0], [0.0, 0.0, 4.15289]], "coords": [[0.0, 0.0, 0.0], [0.0, 0.5, 0.5], [0.5, 0.0, 0.5], [0.5, 0.5, 0.0]], "elements": ["Au", "Au", "Au", "Au"], "abc": [4.15289, 4.15289, 4.15289], "angles": [90.0, 90.0, 90.0], "cartesian": false, "props": ["", "", "", ""]}, "energy": -2.2909300327301025}