{"jid": "JVASP-1002", "opt_atoms": {"lattice_mat": [[5.234211575825201, 1.7805413377116933e-05, 1.138427970136792e-05], [1.7805413370987593e-05, 5.231650845181809, -0.0011860107132479897], [1.1384279697873713e-05, -0.0011860107132462192, 5.231649842348214]], "coords": [[1.3085438475930933, 3.9234673105805555, 1.306997635801878], [3.719100622994144e-05, -0.0006032677007431589, 2.6158637551673594], [1.308536453202653, 1.3069918484134853, 3.9234716347989864], [2.6948919402716615e-05, 2.6158551238521865, -0.0006387304720817508], [3.9256194116717595, 3.9228656194958997, 3.9228639605496327], [2.617168314495668, -2.3472385829552943e-05, 1.742899288617218e-05], [3.9256512654558486, 1.3076465805098347, 1.3076569538357339], [2.6171368140839095, 2.6152481499423623, 2.615192273413396]], "elements": ["Si", "Si", "Si", "Si", "Si", "Si", "Si", "Si"], "abc": [5.23421, 5.23165, 5.23165], "angles": [90.0261, 89.9998, 89.9996], "cartesian": true, "props": ["", "", "", "", "", "", "", ""]}, "dft_atoms": {"lattice_mat": [[5.49363, 0.0, 0.0], [0.0, 5.49363, 0.0], [0.0, 0.0, 5.49363]], "coords": [[0.25, 0.75, 0.25], [0.0, 0.0, 0.5], [0.25, 0.25, 0.75], [0.0, 0.5, 0.0], [0.75, 0.75, 0.75], [0.5, 0.0, 0.0], [0.75, 0.25, 0.25], [0.5, 0.5, 0.5]], "elements": ["Si", "Si", "Si", "Si", "Si", "Si", "Si", "Si"], "abc": [5.49363, 5.49363, 5.49363], "angles": [90.0, 90.0, 90.0], "cartesian": false, "props": ["", "", "", "", "", "", "", ""]}, "energy": -33.03225326538086}