{"jid": "JVASP-7762", "opt_atoms": {"lattice_mat": [[6.589001087528936, -0.0004123474890510278, 0.00041205693416265836], [-0.0004123474890501729, 6.588708287654891, 7.952461540925717e-05], [0.0004120569341630004, 7.952461540997835e-05, 6.5887083324155755]], "coords": [[1.2655935787173797e-05, -2.151604708966286e-05, -6.65595669212615e-06], [1.6472505130324888, 4.941485814836414, 4.9416923429340756], [1.5621574143712135e-05, 3.2944443734471944, 3.294343455088928], [1.6472550893585038, 1.6470917715632662, 1.6473011236898907], [3.2946698885171477, -0.00024803311941408923, 3.2945353963970097], [4.941551283153928, 4.941246000664039, 1.6475383019853593], [3.294288068929215, 3.2942032605734646, 0.00032744362956404647], [4.941968431561966, 1.6469265968289857, 4.9418845876956645]], "elements": ["Mg", "Te", "Mg", "Te", "Mg", "Te", "Mg", "Te"], "abc": [6.589, 6.58871, 6.58871], "angles": [89.9986, 89.9929, 90.0071], "cartesian": true, "props": ["", "", "", "", "", "", "", ""]}, "dft_atoms": {"lattice_mat": [[6.4644, 0.0, 0.0], [0.0, 6.4644, 0.0], [0.0, 0.0, 6.4644]], "coords": [[0.0, 0.0, 0.0], [0.25, 0.75, 0.75], [0.0, 0.5, 0.5], [0.25, 0.25, 0.25], [0.5, 0.0, 0.5], [0.75, 0.75, 0.25], [0.5, 0.5, 0.0], [0.75, 0.25, 0.75]], "elements": ["Mg", "Te", "Mg", "Te", "Mg", "Te", "Mg", "Te"], "abc": [6.4644, 6.4644, 6.4644], "angles": [90.0, 90.0, 90.0], "cartesian": false, "props": ["", "", "", "", "", "", "", ""]}, "energy": -8.318029403686523}