{"jid": "JVASP-7630", "opt_atoms": {"lattice_mat": [[4.81651, 0.0, 0.0], [0.0, 4.81651, 0.0], [0.0, 0.0, 4.81651]], "coords": [[3.6123825, 1.2041275, 1.2041275], [0.0, 0.0, 0.0], [3.6123825, 3.6123825, 3.6123825], [0.0, 2.408255, 2.408255], [1.2041275, 1.2041275, 3.6123825], [2.408255, 0.0, 2.408255], [1.2041275, 3.6123825, 1.2041275], [2.408255, 2.408255, 0.0]], "elements": ["B", "As", "B", "As", "B", "As", "B", "As"], "abc": [4.81651, 4.81651, 4.81651], "angles": [90.0, 90.0, 90.0], "cartesian": true, "props": ["", "", "", "", "", "", "", ""]}, "dft_atoms": {"lattice_mat": [[4.81651, 0.0, 0.0], [0.0, 4.81651, 0.0], [0.0, 0.0, 4.81651]], "coords": [[0.75, 0.25, 0.25], [0.0, 0.0, 0.0], [0.75, 0.75, 0.75], [0.0, 0.5, 0.5], [0.25, 0.25, 0.75], [0.5, 0.0, 0.5], [0.25, 0.75, 0.25], [0.5, 0.5, 0.0]], "elements": ["B", "As", "B", "As", "B", "As", "B", "As"], "abc": [4.81651, 4.81651, 4.81651], "angles": [90.0, 90.0, 90.0], "cartesian": false, "props": ["", "", "", "", "", "", "", ""]}, "energy": -35.10291290283203}