{"jid": "JVASP-39", "opt_atoms": {"lattice_mat": [[1.5498493212293547, -2.6849186144268686, 5.690886266059883e-10], [1.5497807666756818, 2.684879034376185, 1.6652938042997865e-09], [3.584424729777612e-09, 1.0152987335900668e-09, 4.999657220782222]], "coords": [[1.5497965470000932, 0.8949459510923461, 4.9993405127493125], [1.5498335491059176, -0.8949855181895215, 2.499563136134753], [1.5498054908282082, 0.8949466430983991, 1.9031073222728483], [1.5498246031288663, -0.8949862175841325, 4.402933309429406]], "elements": ["Al", "Al", "N", "N"], "abc": [3.100134, 3.100064, 4.99966], "angles": [90.0, 90.0, 120.01], "cartesian": true, "props": ["", "", "", ""]}, "dft_atoms": {"lattice_mat": [[1.56502, -2.71069, 0.0], [1.56502, 2.71069, 0.0], [0.0, 0.0, 5.02125]], "coords": [[0.3333333333333333, 0.6666666666666666, 0.9993312971779396], [0.6666666666666667, 0.3333333333333333, 0.49933129717793956], [0.3333333333333333, 0.6666666666666666, 0.3806687028220628], [0.6666666666666667, 0.3333333333333333, 0.8806687028220628]], "elements": ["Al", "Al", "N", "N"], "abc": [3.130036, 3.130036, 5.02125], "angles": [90.0, 90.0, 119.9999], "cartesian": false, "props": ["", "", "", ""]}, "energy": -24.573974609375}