{"jid": "JVASP-7957", "opt_atoms": {"lattice_mat": [[5.884359445080751, -1.4427668706719722e-05, -1.82256795845552e-05], [-1.4427668705296737e-05, 5.883417328159685, 5.1670945793148614e-08], [-1.82256795838595e-05, 5.167094256920532e-08, 5.88386436775379]], "coords": [[-1.5269107865165968e-07, 1.4754006349301442e-07, -3.0190932744472917e-07], [-2.2511461692626467e-05, 1.3417353504561373e-05, 2.9419321948925186], [4.4132060911819675, 1.4708897968186372, 4.412937755124252], [1.471049682557018, 4.412453185112223, 1.4709119713742924], [-1.6148884372915816e-05, 2.941708870795476, 2.941931929748801], [7.821477657555312e-06, 2.941708662336294, -3.004730135028115e-05], [4.413238561374982, 4.412615474040397, 1.4709524592846015], [1.4711064924666117, 1.470867726091435, 4.412853312790282], [2.942170133504161, -7.025998748048699e-06, 2.9419232453439985], [2.94213734586912, 3.516569793471734e-05, 1.208438372907322e-05], [1.4710816156266129, 1.4709162206138746, 1.4709943407576516], [4.413248009794511, 4.412545546128773, 4.4128846295332815], [2.9421728215480423, 2.941701807757666, -9.169264835758954e-06], [2.942201700793904, 2.9417206296008347, 2.9418847791722427], [1.4711086570911687, 4.41253884250503, 4.412939242233391], [4.413261512292229, 1.470777528908066, 1.4709193726401353]], "elements": ["Al", "Fe", "Fe", "Fe", "Al", "Fe", "Fe", "Fe", "Al", "Fe", "Fe", "Fe", "Al", "Fe", "Fe", "Fe"], "abc": [5.88436, 5.88342, 5.88386], "angles": [90.0, 90.0004, 90.0002], "cartesian": true, "props": ["", "", "", "", "", "", "", "", "", "", "", "", "", "", "", ""]}, "dft_atoms": {"lattice_mat": [[5.73081, 0.0, 0.0], [0.0, 5.73081, 0.0], [0.0, 0.0, 5.73081]], "coords": [[0.0, 0.0, 0.0], [0.0, 0.0, 0.5], [0.75, 0.25, 0.75], [0.25, 0.75, 0.25], [0.0, 0.5, 0.5], [0.0, 0.5, 0.0], [0.75, 0.75, 0.25], [0.25, 0.25, 0.75], [0.5, 0.0, 0.5], [0.5, 0.0, 0.0], [0.25, 0.25, 0.25], [0.75, 0.75, 0.75], [0.5, 0.5, 0.0], [0.5, 0.5, 0.5], [0.25, 0.75, 0.75], [0.75, 0.25, 0.25]], "elements": ["Al", "Fe", "Fe", "Fe", "Al", "Fe", "Fe", "Fe", "Al", "Fe", "Fe", "Fe", "Al", "Fe", "Fe", "Fe"], "abc": [5.73081, 5.73081, 5.73081], "angles": [90.0, 90.0, 90.0], "cartesian": false, "props": ["", "", "", "", "", "", "", "", "", "", "", "", "", "", "", ""]}, "energy": -66.81786346435547}