{"jid": "JVASP-15000", "opt_atoms": {"lattice_mat": [[2.87473, 0.0, 0.0], [0.0, 2.87473, 0.0], [0.0, 0.0, 2.87473]], "coords": [[0.0, 0.0, 0.0], [1.437365, 1.437365, 1.437365]], "elements": ["Al", "Fe"], "abc": [2.87473, 2.87473, 2.87473], "angles": [90.0, 90.0, 90.0], "cartesian": true, "props": ["", ""]}, "dft_atoms": {"lattice_mat": [[2.87473, 0.0, 0.0], [0.0, 2.87473, 0.0], [0.0, 0.0, 2.87473]], "coords": [[0.0, 0.0, 0.0], [0.5, 0.5, 0.5]], "elements": ["Al", "Fe"], "abc": [2.87473, 2.87473, 2.87473], "angles": [90.0, 90.0, 90.0], "cartesian": false, "props": ["", ""]}, "energy": -7.627015113830566}