{"jid": "JVASP-11956", "opt_atoms": {"lattice_mat": [[2.852915592034747, -1.9935349629271866e-08, 7.69371056877414e-09], [-1.993534962876655e-08, 2.851713165096333, 3.3229292497922387e-09], [7.693710568286878e-09, 3.3229292497914227e-09, 2.853620294908903]], "coords": [[1.4264577645508196, 1.4258564558107307, 1.4268100629598675], [2.5212155822029055e-09, 6.400522882203602e-09, 2.6993383172404327e-08]], "elements": ["Al", "Ni"], "abc": [2.85292, 2.85171, 2.85362], "angles": [90.0, 90.0, 90.0], "cartesian": true, "props": ["", ""]}, "dft_atoms": {"lattice_mat": [[2.89494, 0.0, 0.0], [0.0, 2.89494, 0.0], [0.0, 0.0, 2.89494]], "coords": [[0.5, 0.5, 0.5], [0.0, 0.0, 0.0]], "elements": ["Al", "Ni"], "abc": [2.89494, 2.89494, 2.89494], "angles": [90.0, 90.0, 90.0], "cartesian": false, "props": ["", ""]}, "energy": -4.964329242706299}