{"jid": "JVASP-11975", "opt_atoms": {"lattice_mat": [[4.779549501243381, -6.30872281764228e-08, -0.0008962426819199055], [-8.609565235024316e-08, 6.603556485107427, 1.883725325898043e-08], [-0.001372510886347273, 2.1138197128233602e-08, 7.29010289690974]], "coords": [[4.382704981744748, 0.024379818967917386, 1.8216995921391284], [1.724237334647132, 1.1269684072554698, 3.2513071478486233], [1.7248017878608388, 1.126975585443536, 0.3931216256926557], [4.11389027421145, 2.174802586790701, 4.037724946307306], [0.6642866299104598, 4.428753856836088, 3.2514817262462565], [3.0533751165757836, 5.476580857692337, 6.896085047527202], [0.6648510911867084, 4.428746650571555, 0.3932961886814961], [3.0539395695161207, 5.476588036135236, 4.037899524949102], [4.113325813038681, 2.1748097922384333, 6.895910484397068], [2.7859329699452275, 3.3261580822547523, 1.8220075019514648], [0.39547192337748704, 6.5791766240064655, 5.467507080981615], [1.9922439353475823, 3.2773983611080624, 5.46719917113276], [2.1183136984287376, 5.740068718492053, 1.822125374938463], [0.2707746877900835, 2.4382905062325086, 1.8224779745253183], [2.6598632064418157, 0.8634877246787599, 5.467081297987549], [4.507402215093123, 4.165265936538068, 5.466728698802422]], "elements": ["Al", "Al", "Al", "Al", "Al", "Al", "Al", "Al", "Al", "Al", "Al", "Al", "Ni", "Ni", "Ni", "Ni"], "abc": [4.77955, 6.60356, 7.2901], "angles": [90.0, 90.0216, 90.0], "cartesian": true, "props": ["", "", "", "", "", "", "", "", "", "", "", "", "", "", "", ""]}, "dft_atoms": {"lattice_mat": [[4.84423, 0.0, 0.0], [0.0, 6.61096, 0.0], [0.0, 0.0, 7.41848]], "coords": [[0.9168545009287985, 0.0036665000254768, 0.25], [0.3609218764551575, 0.1707121816762325, 0.44602174973096237], [0.3609218764551575, 0.1707121816762325, 0.05397825026903763], [0.8609218764551575, 0.3292878183237675, 0.5539782502690376], [0.1390781235448425, 0.6707121816762325, 0.44602174973096237], [0.6390781235448425, 0.8292878183237675, 0.9460217497309624], [0.1390781235448425, 0.6707121816762325, 0.05397825026903763], [0.6390781235448425, 0.8292878183237675, 0.5539782502690376], [0.8609218764551575, 0.3292878183237675, 0.9460217497309624], [0.5831454990712015, 0.5036665000254767, 0.25], [0.0831454990712015, 0.9963334999745233, 0.75], [0.4168545009287985, 0.4963334999745232, 0.75], [0.44318311069422733, 0.8692580673979678, 0.25], [0.056816889305772666, 0.36925806739796796, 0.25], [0.5568168893057727, 0.13074193260203215, 0.75], [0.9431831106942273, 0.6307419326020322, 0.75]], "elements": ["Al", "Al", "Al", "Al", "Al", "Al", "Al", "Al", "Al", "Al", "Al", "Al", "Ni", "Ni", "Ni", "Ni"], "abc": [4.84423, 6.61096, 7.41848], "angles": [90.0, 90.0, 90.0], "cartesian": false, "props": ["", "", "", "", "", "", "", "", "", "", "", "", "", "", "", ""]}, "energy": -40.48585891723633}