{"jid": "JVASP-14857", "opt_atoms": {"lattice_mat": [[3.214067018122713, -2.0956089132238132e-10, 3.7713228539600193e-10], [-2.0956017796091412e-10, 3.2140670193345064, 3.7340167155653633e-10], [1.30614718832032e-09, 1.2932262335968183e-09, 11.035309295097015]], "coords": [[1.607033508981642, 1.6070335095278383, 9.33657628850799], [2.308064372237904e-09, 2.283962865107178e-09, 7.216387655685036], [-1.2220467163907848e-09, -1.2231001373438125e-09, -8.362982323815426e-10], [1.8018395058072059e-09, 1.80172343944711e-09, 3.8189216374735677], [1.607033507784001, 1.6070335083755227, 1.6987330080248884], [1.607033511246965, 1.6070335118464005, 5.517654647925027]], "elements": ["Zr", "Zr", "Cu", "Zr", "Zr", "Cu"], "abc": [3.21407, 3.21407, 11.03531], "angles": [90.0, 90.0, 90.0], "cartesian": true, "props": ["", "", "", "", "", ""]}, "dft_atoms": {"lattice_mat": [[3.22958, 0.0, 0.0], [0.0, 3.22958, 0.0], [0.0, 0.0, 11.18523]], "coords": [[0.5, 0.5, 0.8459591861808804], [0.0, 0.0, 0.6540408138191196], [0.0, 0.0, 0.0], [0.0, 0.0, 0.3459591861808804], [0.5, 0.5, 0.1540408138191196], [0.5, 0.5, 0.5]], "elements": ["Zr", "Zr", "Cu", "Zr", "Zr", "Cu"], "abc": [3.22958, 3.22958, 11.18523], "angles": [90.0, 90.0, 90.0], "cartesian": false, "props": ["", "", "", "", "", ""]}, "energy": -22.713759899139404}