{"jid": "JVASP-37599", "opt_atoms": {"lattice_mat": [[4.082720315597385, 4.422041812202878e-09, 4.282933988657843e-09], [4.422041929118772e-09, 4.082720309219328, 4.468944962414333e-09], [4.282934173635097e-09, 4.46894449504872e-09, 4.082720322161314]], "coords": [[5.9437244828097046e-09, 2.041360141368964, 2.0413601478335046], [2.041360144387936, 6.074490496904465e-09, 2.041360147657649], [2.0413601444606577, 2.04136014128877, 6.002432408692495e-09], [-1.0350390507753745e-07, -1.0350927723699838e-07, -1.0351613051836249e-07]], "elements": ["Ti", "Ti", "Ti", "Nb"], "abc": [4.08272, 4.08272, 4.08272], "angles": [90.0, 90.0, 90.0], "cartesian": true, "props": ["", "", "", ""]}, "dft_atoms": {"lattice_mat": [[4.11425, 0.0, 0.0], [0.0, 4.11425, 0.0], [0.0, 0.0, 4.11425]], "coords": [[0.0, 0.5, 0.5], [0.5, 0.0, 0.5], [0.5, 0.5, 0.0], [0.0, 0.0, 0.0]], "elements": ["Ti", "Ti", "Ti", "Nb"], "abc": [4.11425, 4.11425, 4.11425], "angles": [90.0, 90.0, 90.0], "cartesian": false, "props": ["", "", "", ""]}, "energy": -22.430984497070312}