{"jid": "JVASP-14744", "opt_atoms": {"lattice_mat": [[1.358502151079233, -2.3530058760814025, 6.837214913152048e-10], [1.3585021509039643, 2.3530058759802124, -7.226208965730426e-10], [-6.138007889946116e-11, -1.2811846356854446e-09, 4.298881770663057]], "coords": [[1.358502150947042, 0.7843353162281095, 1.0747204595093485], [1.358502150974775, -0.7843353169664207, 3.2241613106563864]], "elements": ["Os", "Os"], "abc": [2.717016, 2.717016, 4.29888], "angles": [90.0, 90.0, 120.0004], "cartesian": true, "props": ["", ""]}, "dft_atoms": {"lattice_mat": [[1.38408, -2.39731, 0.0], [1.38408, 2.39731, 0.0], [0.0, 0.0, 4.36793]], "coords": [[0.3333333333333333, 0.6666666666666666, 0.25], [0.6666666666666667, 0.33333333333333337, 0.75]], "elements": ["Os", "Os"], "abc": [2.768171, 2.768171, 4.36793], "angles": [90.0, 90.0, 120.0003], "cartesian": false, "props": ["", ""]}, "energy": -15.840540885925293}