{"jid": "JVASP-54", "opt_atoms": {"lattice_mat": [[1.5958, -2.76401, 0.0], [1.5958, 2.76401, 0.0], [0.0, 0.0, 12.4789]], "coords": [[1.5958, 0.9213366666666666, 9.359175], [1.5958000000000003, -0.9213366666666667, 3.119725], [1.5958, -0.9213366666666666, 7.792475569564047], [1.5958, 0.9213366666666666, 1.553025569564049], [1.5958000000000003, -0.9213366666666667, 10.925874430435952], [1.5958000000000003, 0.9213366666666668, 4.686424430435952]], "elements": ["Mo", "Mo", "S", "S", "S", "S"], "abc": [3.191603, 3.191603, 12.4789], "angles": [90.0, 90.0, 120.0001], "cartesian": true, "props": ["", "", "", "", "", ""]}, "dft_atoms": {"lattice_mat": [[1.5958, -2.76401, 0.0], [1.5958, 2.76401, 0.0], [0.0, 0.0, 12.4789]], "coords": [[0.3333333333333333, 0.6666666666666666, 0.75], [0.6666666666666667, 0.33333333333333337, 0.25], [0.6666666666666666, 0.3333333333333333, 0.6244521207449413], [0.3333333333333333, 0.6666666666666666, 0.12445212074494139], [0.6666666666666667, 0.33333333333333337, 0.8755478792550587], [0.33333333333333337, 0.6666666666666667, 0.3755478792550587]], "elements": ["Mo", "Mo", "S", "S", "S", "S"], "abc": [3.191603, 3.191603, 12.4789], "angles": [90.0, 90.0, 120.0001], "cartesian": false, "props": ["", "", "", "", "", ""]}, "energy": -31.578277587890625}