{"jid": "JVASP-16852", "opt_atoms": {"lattice_mat": [[4.1218093983248565, 4.7984176122252536e-12, 9.597422930325344e-12], [4.7984176122252536e-12, 4.121809403721687, 4.798711468308359e-12], [6.777715242031111e-12, 3.388857623237045e-12, 2.911184838306073]], "coords": [[6.370364749087772e-12, 2.0609047018613738, 1.4555924191554357], [2.060904699165817, 4.093637617731149e-12, 1.455592419157835], [0.0, 0.0, 0.0]], "elements": ["Al", "Al", "Cu"], "abc": [4.12181, 4.12181, 2.91118], "angles": [90.0, 90.0, 90.0], "cartesian": true, "props": ["", "", ""]}, "dft_atoms": {"lattice_mat": [[4.12024, 0.0, 0.0], [0.0, 4.12024, 0.0], [0.0, 0.0, 2.90972]], "coords": [[0.0, 0.5, 0.5], [0.5, 0.0, 0.5], [0.0, 0.0, 0.0]], "elements": ["Al", "Al", "Cu"], "abc": [4.12024, 4.12024, 2.90972], "angles": [90.0, 90.0, 90.0], "cartesian": false, "props": ["", "", ""]}, "energy": -4.53871750831604}