{"jid": "JVASP-972", "opt_atoms": {"lattice_mat": [[4.0266542971983865, -7.700360260754149e-10, 3.850708628758808e-10], [-7.700354869484985e-10, 4.026654292936001, 5.3520889021787e-10], [3.850740499987389e-10, 5.352087912526566e-10, 4.026654298331527]], "coords": [[1.0736061626076843e-08, 9.527029280149266e-09, 8.205463782415214e-09], [1.0242543599380223e-08, 2.0133271373970834, 2.0133271412123324], [2.0133271381742373, 9.243264363208398e-09, 2.0133271411675757], [2.0133271376503172, 2.0133271367229617, 8.723805451957597e-09]], "elements": ["Pt", "Pt", "Pt", "Pt"], "abc": [4.02665, 4.02665, 4.02665], "angles": [90.0, 90.0, 90.0], "cartesian": true, "props": ["", "", "", ""]}, "dft_atoms": {"lattice_mat": [[3.97677, 0.0, 0.0], [0.0, 3.97677, 0.0], [0.0, 0.0, 3.97677]], "coords": [[0.0, 0.0, 0.0], [0.0, 0.5, 0.5], [0.5, 0.0, 0.5], [0.5, 0.5, 0.0]], "elements": ["Pt", "Pt", "Pt", "Pt"], "abc": [3.97677, 3.97677, 3.97677], "angles": [90.0, 90.0, 90.0], "cartesian": false, "props": ["", "", "", ""]}, "energy": -13.964346885681152}