{"jid": "JVASP-25210", "opt_atoms": {"lattice_mat": [[2.244673728468426, -3.887881307190303, 5.5757848002240673e-08], [2.244673735597901, 3.8878813113065145, -4.743648112234341e-08], [1.1135253452669683e-08, -7.97262769979691e-08, 6.015957861220269]], "coords": [[0.611537479649683, 1.0592118748336838, 2.005319269980724], [0.611537481187497, -1.0592119551387629, 4.0106385952862675], [3.2662725182815024, 1.9397244639414457e-09, 4.14310083641344e-09]], "elements": ["Te", "Te", "Te"], "abc": [4.489338, 4.489338, 6.01596], "angles": [90.0, 90.0, 120.0], "cartesian": true, "props": ["", "", ""]}, "dft_atoms": {"lattice_mat": [[2.24062, -3.88086, 0.0], [2.24062, 3.88086, 0.0], [0.0, 0.0, 5.99658]], "coords": [[0.0, 0.27222802101392257, 0.3333333333333333], [0.27222802101392257, 0.0, 0.6666666666666666], [0.7277719789860775, 0.7277719789860775, 0.0]], "elements": ["Te", "Te", "Te"], "abc": [4.481233, 4.481233, 5.99658], "angles": [90.0, 90.0, 119.9999], "cartesian": false, "props": ["", "", ""]}, "energy": -3.593567132949829}