{"jid": "JVASP-840", "opt_atoms": {"lattice_mat": [[4.233478580391821, -2.809095253102702e-11, -2.34010835712202e-07], [-4.562902236657847e-11, 6.826155992879543, -2.0368916294263277e-11], [-4.810014343961244e-07, -2.5777216251832332e-11, 8.820863936126278]], "coords": [[0.6417630600253952, 8.165779739449007e-11, 1.046556203506861], [1.4749758711786547, 6.963526281373484e-11, 5.4569881287258335], [2.7585022334222344, 7.036452737163678e-11, 3.363875565879353], [3.591715036270716, 3.780829645289482e-11, 7.774307494262931], [2.7585023381469846, 3.413077996329825, 1.0465560656117656], [3.5917151512781267, 3.4130779962986746, 5.456988030095603], [0.6417629501011838, 3.413077996329111, 3.363875668923235], [1.4749757550184879, 3.4130779963178774, 7.7743076261686666]], "elements": ["Br", "Br", "Br", "Br", "Br", "Br", "Br", "Br"], "abc": [4.23348, 6.82616, 8.82086], "angles": [90.0, 90.0, 90.0], "cartesian": true, "props": ["", "", "", "", "", "", "", ""]}, "dft_atoms": {"lattice_mat": [[4.19857, 0.0, 0.0], [0.0, 6.81987, 0.0], [0.0, 0.0, 8.63002]], "coords": [[0.15118990183757064, 0.0, 0.1183221191669146], [0.34881009816242936, 0.0, 0.6183221191669146], [0.6511899018375706, 0.0, 0.3816778808330854], [0.8488100981624294, 0.0, 0.8816778808330854], [0.6511899018375706, 0.5, 0.1183221191669146], [0.8488100981624294, 0.5, 0.6183221191669146], [0.15118990183757064, 0.5, 0.3816778808330854], [0.34881009816242936, 0.5, 0.8816778808330854]], "elements": ["Br", "Br", "Br", "Br", "Br", "Br", "Br", "Br"], "abc": [4.19857, 6.81987, 8.63002], "angles": [90.0, 90.0, 90.0], "cartesian": false, "props": ["", "", "", "", "", "", "", ""]}, "energy": 1.527578353881836}