{"jid": "JVASP-113", "opt_atoms": {"lattice_mat": [[0.0, 5.17336, 0.0], [5.26057, 0.0, 0.0], [0.0, -0.86252, -5.27326]], "coords": [[-0.21943142376321975, -1.2504606240069005, 1.1055774504177398], [-2.4108535762367804, -0.8192006240069004, 3.7422074504177396], [-2.84971642376322, -3.491639375993099, 1.5310525495822602], [-5.041138576236781, -3.060379375993099, 4.16768254958226], [-4.409045083108606, -4.6647437256732776, 0.8452598164452927], [-3.4818099168913945, -4.233483725673278, 3.4818898164452925], [-3.9037413366521707, -1.4737415616782348, 5.1661757178028065], [-1.27345633665217, -2.405838438321765, 2.743714282197193], [-3.98711366334783, -1.905001561678235, 2.5295457178028062], [-1.3568286633478297, -2.837098438321765, 0.10708428219719308], [-1.778760083108606, -0.07735627432672233, 1.791370183554707], [-0.8515249168913944, 0.35390372567327766, 4.4280001835547065]], "elements": ["Zr", "Zr", "Zr", "Zr", "O", "O", "O", "O", "O", "O", "O", "O"], "abc": [5.17336, 5.26057, 5.343333], "angles": [90.0, 99.2893, 90.0], "cartesian": true, "props": ["", "", "", "", "", "", "", "", "", "", "", ""]}, "dft_atoms": {"lattice_mat": [[0.0, 5.17336, 0.0], [5.26057, 0.0, 0.0], [0.0, -0.86252, -5.27326]], "coords": [[-0.2766662745005197, -0.0417124805416941, -0.20965729935898095], [-0.2766662745005197, -0.4582875194583059, -0.7096572993589809], [-0.7233337254994803, -0.5417124805416941, -0.2903427006410191], [-0.7233337254994803, -0.9582875194583059, -0.7903427006410191], [-0.9284098774918018, -0.8381306746433572, -0.1602917012332585], [-0.9284098774918018, -0.6618693253566428, -0.6602917012332585], [-0.4482089660753654, -0.7420757326016326, -0.9796929637079922], [-0.5517910339246346, -0.2420757326016325, -0.5203070362920078], [-0.4482089660753654, -0.7579242673983674, -0.4796929637079921], [-0.5517910339246346, -0.2579242673983674, -0.020307036292007807], [-0.07159012250819818, -0.3381306746433572, -0.33970829876674147], [-0.07159012250819818, -0.16186932535664278, -0.8397082987667415]], "elements": ["Zr", "Zr", "Zr", "Zr", "O", "O", "O", "O", "O", "O", "O", "O"], "abc": [5.17336, 5.26057, 5.343333], "angles": [90.0, 99.2893, 90.0], "cartesian": false, "props": ["", "", "", "", "", "", "", "", "", "", "", ""]}, "energy": -91.86884880065918}