{"jid": "JVASP-14725", "opt_atoms": {"lattice_mat": [[2.763765422662148, -1.3172100930154867e-08, 7.540817735437982e-09], [-2.7765969565828734e-08, 5.262271314652465, 4.978797003354218e-07], [1.3173902190996534e-08, 4.126317260676492e-07, 4.782878803883514]], "coords": [[-4.9738890201445754e-08, 0.5369780243231762, 3.5871594164803535], [1.3818827604646409, 2.0941580002878704, 1.1957197186182138], [1.3818827651935874, 3.1681136743341374, 3.587159587291345], [-8.171956608141881e-08, 4.725293706607718, 1.1957198861416292]], "elements": ["U", "U", "U", "U"], "abc": [2.76377, 5.26227, 4.78288], "angles": [90.0, 90.0, 90.0], "cartesian": true, "props": ["", "", "", ""]}, "dft_atoms": {"lattice_mat": [[2.80745, 0.0, 0.0], [0.0, 5.91793, 0.0], [0.0, 0.0, 4.90465]], "coords": [[0.0, 0.09688191894840914, 0.75], [0.5, 0.40311808105159086, 0.25], [0.5, 0.5968819189484091, 0.75], [0.0, 0.9031180810515909, 0.25]], "elements": ["U", "U", "U", "U"], "abc": [2.80745, 5.91793, 4.90465], "angles": [90.0, 90.0, 90.0], "cartesian": false, "props": ["", "", "", ""]}, "energy": -31.761457443237305}