{"jid": "JVASP-20524", "opt_atoms": {"lattice_mat": [[2.789602329806819, -1.805634345078095e-09, -1.1767863512716908e-09], [-1.8056341875608412e-09, 2.789602329806815, 1.2406873748980878e-09], [-1.707147150299297e-09, 1.7998453078499412e-09, 3.971884316139398]], "coords": [[1.3948011693926932, 1.394801170566814, 1.9859421825016719], [4.125412707510677e-09, 4.472401562564e-09, 1.4042721236065598e-08]], "elements": ["Ti", "Al"], "abc": [2.7896, 2.7896, 3.97188], "angles": [90.0, 90.0, 90.0], "cartesian": true, "props": ["", ""]}, "dft_atoms": {"lattice_mat": [[2.81877, 0.0, 0.0], [0.0, 2.81877, 0.0], [0.0, 0.0, 4.08915]], "coords": [[0.5, 0.5, 0.5], [0.0, 0.0, 0.0]], "elements": ["Ti", "Al"], "abc": [2.81877, 2.81877, 4.08915], "angles": [90.0, 90.0, 90.0], "cartesian": false, "props": ["", ""]}, "energy": -8.150289535522461}