{"jid": "JVASP-12195", "opt_atoms": {"lattice_mat": [[3.112538628283116e-09, 4.81608655772341, -0.0005818743558502555], [2.779783273875616, 1.7970526906842278e-09, 1.6801672249284982e-09], [-6.233583500252896e-09, -1.6752256891512662, -8.583146738100517]], "coords": [[-4.025959921514292e-09, 0.8376128432768533, 4.291573845353401], [-1.3079955807676638e-08, -2.4079409790610904, 0.002409100291011222], [-1.3898916370180872, -3.175502307851683, 5.224777593826407], [5.555706541168152e-09, -2.334457555846025, 7.65547349075119], [3.6732596263782e-09, -2.3733980794186436, 3.360479362337398], [-1.3898916442903488, -3.2144807033971383, 0.9286199753786104], [-1.3898916285251959, -1.5704304499904214, 4.291864777571579], [-1.389891625401604, 0.00010232687547758254, 0.0021181739216354373], [4.021380272896766e-09, -0.7674590387582546, 5.224486633855798], [-1.3898916360995859, 0.07358570984977736, 7.6551825386442385], [-1.389891637940739, 0.03464518361902185, 3.3601884099411117], [5.676589254752558e-09, -0.8064374389184402, 0.9283290076181351]], "elements": ["Ni", "Ni", "O", "O", "O", "O", "Ni", "Ni", "O", "O", "O", "O"], "abc": [4.81609, 2.77978, 8.745105], "angles": [90.0, 101.0371, 90.0], "cartesian": true, "props": ["", "", "", "", "", "", "", "", "", "", "", ""]}, "dft_atoms": {"lattice_mat": [[0.0, 4.89761, 0.0], [2.82768, 0.0, 0.0], [0.0, -1.70463, -8.66775]], "coords": [[0.0, 0.0, -0.5], [-0.5, 0.0, 0.0], [-0.8710085885499768, -0.5, -0.6084876475438571], [-0.7947905661676551, 0.0, -0.8914247741761446], [-0.6289914114500232, 0.0, -0.3915123524561429], [-0.7052094338323449, -0.5, -0.10857522582385537], [-0.5, -0.5, -0.5], [0.0, -0.5, 0.0], [-0.37100858854997676, 0.0, -0.6084876475438571], [-0.2947905661676551, -0.5, -0.8914247741761446], [-0.12899141145002324, -0.5, -0.3915123524561429], [-0.2052094338323449, 0.0, -0.10857522582385537]], "elements": ["Ni", "Ni", "O", "O", "O", "O", "Ni", "Ni", "O", "O", "O", "O"], "abc": [4.89761, 2.82768, 8.833779], "angles": [90.0, 101.126, 90.0], "cartesian": false, "props": ["", "", "", "", "", "", "", "", "", "", "", ""]}, "energy": -39.905479431152344}