{"jid": "JVASP-1192", "opt_atoms": {"lattice_mat": [[6.353783703589753, -0.003762015995586712, 0.0018524477160613711], [-0.003762015995587543, 6.355136389521206, 0.002404169710856903], [0.0018524477160619358, 0.0024041697108530863, 6.353919816948659]], "coords": [[3.644969116078531e-05, 0.0001258708565949959, 9.47249701066807e-05], [1.5891455587786376, 1.5901717576202918, 4.767006085786029], [-0.0009751376965199369, 3.1787268465630696, 3.178155729303177], [1.586513203323131, 4.765409342965439, 1.59035528168118], [3.1778159065979215, -0.0007122223320666191, 3.1778616507782282], [4.7644736619373, 1.5866810516376293, 1.5901297571633668], [3.1750312513507715, 3.175632040287559, 0.0020539577144046916], [4.763665914544034, 4.76531963643433, 4.768851864123099]], "elements": ["Cd", "Se", "Cd", "Se", "Cd", "Se", "Cd", "Se"], "abc": [6.353781, 6.355142, 6.353921], "angles": [89.9567, 89.9666, 90.0678], "cartesian": true, "props": ["", "", "", "", "", "", "", ""]}, "dft_atoms": {"lattice_mat": [[6.16789, 0.0, 0.0], [0.0, 6.16789, 0.0], [0.0, 0.0, 6.16789]], "coords": [[0.0, 0.0, 0.0], [0.25, 0.25, 0.75], [0.0, 0.5, 0.5], [0.25, 0.75, 0.25], [0.5, 0.0, 0.5], [0.75, 0.25, 0.25], [0.5, 0.5, 0.0], [0.75, 0.75, 0.75]], "elements": ["Cd", "Se", "Cd", "Se", "Cd", "Se", "Cd", "Se"], "abc": [6.16789, 6.16789, 6.16789], "angles": [90.0, 90.0, 90.0], "cartesian": false, "props": ["", "", "", "", "", "", "", ""]}, "energy": -2.1988272666931152}