{"jid": "JVASP-8158", "opt_atoms": {"lattice_mat": [[4.365021192486926, 1.3977800580164827e-06, 4.908735925485565e-05], [1.3977800596979212e-06, 4.365014167444932, -4.4052533672155686e-05], [4.908735925404761e-05, -4.405253366876696e-05, 4.364897380064872]], "coords": [[3.2737978709595357, 1.0912893398748726, 1.0912853015668753], [-1.3542856458441858e-05, -3.3420096076119596e-05, -2.729235468008002e-05], [3.2737931510257594, 3.2736743693939636, 3.2736632589888552], [5.208598961016015e-05, 2.1824975275027345, 2.1824472388904756], [1.0913246182612353, 1.091238353870576, 3.2736744324808487], [2.182521367498319, -4.931209718109357e-05, 2.1824473560547677], [1.0912335054900173, 3.2737385021291026, 1.0911890427465594], [2.1825135210965287, 2.1825286260234904, 4.256553973784068e-05]], "elements": ["Si", "C", "Si", "C", "Si", "C", "Si", "C"], "abc": [4.36502, 4.36501, 4.3649], "angles": [90.0011, 89.9987, 90.0], "cartesian": true, "props": ["", "", "", "", "", "", "", ""]}, "dft_atoms": {"lattice_mat": [[4.38781, 0.0, 0.0], [0.0, 4.38781, 0.0], [0.0, 0.0, 4.38781]], "coords": [[0.75, 0.25, 0.25], [0.0, 0.0, 0.0], [0.75, 0.75, 0.75], [0.0, 0.5, 0.5], [0.25, 0.25, 0.75], [0.5, 0.0, 0.5], [0.25, 0.75, 0.25], [0.5, 0.5, 0.0]], "elements": ["Si", "C", "Si", "C", "Si", "C", "Si", "C"], "abc": [4.38781, 4.38781, 4.38781], "angles": [90.0, 90.0, 90.0], "cartesian": false, "props": ["", "", "", "", "", "", "", ""]}, "energy": -50.251731872558594}