{"jid": "JVASP-3717", "opt_atoms": {"lattice_mat": [[2.2882284241089397, -3.9633243998561083, 6.727184895468071e-09], [2.288228420648213, 3.9633243978580537, -1.752515136957688e-08], [-2.865108548630278e-08, -3.7152867995941885e-08, 12.186677877238862]], "coords": [[2.2882284215549236, 1.3211081266128024, 2.0311129738580886], [-1.3705572031621166e-08, -5.808419382885633e-10, -5.62988792192957e-09], [2.868798162990463, 2.6422162643223985, 1.0155564778679549], [3.1420577496337643, 0.15776635083310722, 1.0155564862869462], [1.4343990814122858, -2.484449920143983, 3.046669477044299], [1.434399079647458, 2.4844499011529826, 3.046669454943048], [1.7076586687354243, -9.939803320141616e-09, 3.046669465307754], [0.8538293382561085, 1.1633417709995517, 1.015556485829395], [-2.8128840860853188e-08, -1.804565976609333e-08, 6.093338938513461], [2.2882284179244765, -1.321108147183264, 4.062225953941684], [2.8687981541127514, -2.642216285862765, 5.07778244964199], [0.8538293301619284, -1.1633417894367624, 5.077782451187333], [1.4343990723305498, 0.1577663362276746, 7.108895423957755], [3.7226274835126643, 1.1633417532313897, 7.108895416454475], [1.707658657551885, 2.6422162450827016, 7.108895417802123], [3.1420577413340394, -0.15776637423630527, 5.077782440035719], [2.2882283985436085, -1.3211081648387035, 10.155564896668677], [2.288228402180492, 1.3211081070053534, 8.124451908272409], [2.868798145375823, -2.9093870489061555e-08, 9.140008401151249], [0.8538293184756847, 1.4788744657326147, 9.14000840248729], [3.722627475908351, -1.163341812293167, 11.171121379596132], [1.434399063266358, -0.15776639342598708, 11.171121381731336], [1.7076586498548931, -2.642216302538568, 11.171121387427885], [0.8538293198742681, -1.4788745229145719, 9.140008409139266]], "elements": ["Al", "Al", "H", "H", "H", "H", "H", "H", "Al", "Al", "H", "H", "H", "H", "H", "H", "Al", "Al", "H", "H", "H", "H", "H", "H"], "abc": [4.576451, 4.576451, 12.18668], "angles": [90.0, 90.0, 119.9999], "cartesian": true, "props": ["", "", "", "", "", "", "", "", "", "", "", "", "", "", "", "", "", "", "", "", "", "", "", ""]}, "dft_atoms": {"lattice_mat": [[2.23765, -3.87572, 0.0], [2.23765, 3.87572, 0.0], [0.0, 0.0, 11.87466]], "coords": [[0.33333333333333326, 0.6666666666666666, 0.16666666666666666], [0.0, 5.551115123125783e-17, 0.0], [0.29351288288453514, 0.9601795495512018, 0.08333333333333333], [0.6666666666666666, 0.7064871171154649, 0.08333333333333333], [0.6268462162178685, 0.0, 0.25], [0.0, 0.6268462162178685, 0.25], [0.3731537837821315, 0.3731537837821315, 0.25], [0.03982045044879823, 0.33333333333333337, 0.08333333333333333], [-1.1102230246251565e-16, 0.0, 0.5], [0.6666666666666666, 0.33333333333333337, 0.3333333333333333], [0.9601795495512018, 0.29351288288453503, 0.41666666666666663], [0.33333333333333326, 0.03982045044879823, 0.41666666666666663], [0.29351288288453503, 0.3333333333333333, 0.5833333333333333], [0.6666666666666666, 0.9601795495512018, 0.5833333333333333], [0.039820450448798006, 0.7064871171154647, 0.5833333333333333], [0.7064871171154649, 0.6666666666666667, 0.41666666666666663], [0.6666666666666665, 0.33333333333333326, 0.8333333333333333], [0.3333333333333333, 0.6666666666666667, 0.6666666666666666], [0.6268462162178685, 0.6268462162178685, 0.75], [0.0, 0.3731537837821315, 0.75], [0.9601795495512018, 0.6666666666666666, 0.9166666666666666], [0.3333333333333333, 0.29351288288453503, 0.9166666666666666], [0.7064871171154647, 0.039820450448798006, 0.9166666666666666], [0.37315378378213154, 0.0, 0.75]], "elements": ["Al", "Al", "H", "H", "H", "H", "H", "H", "Al", "Al", "H", "H", "H", "H", "H", "H", "Al", "Al", "H", "H", "H", "H", "H", "H"], "abc": [4.475297, 4.475297, 11.87466], "angles": [90.0, 90.0, 120.0], "cartesian": false, "props": ["", "", "", "", "", "", "", "", "", "", "", "", "", "", "", "", "", "", "", "", "", "", "", ""]}, "energy": -77.68267250061035}