{"jid": "JVASP-90875", "opt_atoms": {"lattice_mat": [[6.320374111257247, 0.002031265441641616, -0.0020082002478789057], [0.002031265441642238, 6.3329080263306645, -0.0005242834939550926], [-0.002008200247878626, -0.0005242834939532927, 6.326809015496082]], "coords": [[-0.0009921323570747185, 3.1660940237696606, 4.7451352983626], [3.160649044636209, 1.5844017478242514, -0.001509038168162209], [4.739144617162686, 0.001285433623887334, 3.1619819243491794], [0.0010152504682574635, 3.166289711901687, 1.5811494545191722], [3.16175662652215, 4.750537518385356, -0.0014047161654839103], [1.5792209870026557, 0.00022162834122216218, 3.16314714179064], [3.160198584366097, 3.167207509593631, 3.162138750144125], [1.2316721105508446e-08, -1.0094267922924682e-08, -4.2603607492457926e-07]], "elements": ["Tl", "Tl", "Tl", "Tl", "Tl", "Tl", "Au", "Au"], "abc": [6.320371, 6.33291, 6.32681], "angles": [90.0094, 90.0364, 89.9632], "cartesian": true, "props": ["", "", "", "", "", "", "", ""]}, "dft_atoms": {"lattice_mat": [[6.04712, 0.0, 0.0], [0.0, 6.04712, 0.0], [0.0, 0.0, 6.04712]], "coords": [[0.0, 0.5, 0.75], [0.5, 0.25, 0.0], [0.75, 0.0, 0.5], [0.0, 0.5, 0.25], [0.5, 0.75, 0.0], [0.25, 0.0, 0.5], [0.5, 0.5, 0.5], [0.0, 0.0, 0.0]], "elements": ["Tl", "Tl", "Tl", "Tl", "Tl", "Tl", "Au", "Au"], "abc": [6.04712, 6.04712, 6.04712], "angles": [90.0, 90.0, 90.0], "cartesian": false, "props": ["", "", "", "", "", "", "", ""]}, "energy": 5.315888404846191}