{"jid": "JVASP-1130", "opt_atoms": {"lattice_mat": [[4.01523, 0.0, 0.0], [0.0, 4.01523, 0.0], [0.0, 0.0, 4.01523]], "coords": [[0.0, 0.0, 0.0], [0.0, 2.007615, 0.0], [0.0, 2.007615, 2.007615], [0.0, 0.0, 2.007615], [2.007615, 0.0, 2.007615], [2.007615, 2.007615, 2.007615], [2.007615, 2.007615, 0.0], [2.007615, 0.0, 0.0]], "elements": ["Li", "F", "Li", "F", "Li", "F", "Li", "F"], "abc": [4.01523, 4.01523, 4.01523], "angles": [90.0, 90.0, 90.0], "cartesian": true, "props": ["", "", "", "", "", "", "", ""]}, "dft_atoms": {"lattice_mat": [[4.01523, 0.0, 0.0], [0.0, 4.01523, 0.0], [0.0, 0.0, 4.01523]], "coords": [[0.0, 0.0, 0.0], [0.0, 0.5, 0.0], [0.0, 0.5, 0.5], [0.0, 0.0, 0.5], [0.5, 0.0, 0.5], [0.5, 0.5, 0.5], [0.5, 0.5, 0.0], [0.5, 0.0, 0.0]], "elements": ["Li", "F", "Li", "F", "Li", "F", "Li", "F"], "abc": [4.01523, 4.01523, 4.01523], "angles": [90.0, 90.0, 90.0], "cartesian": false, "props": ["", "", "", "", "", "", "", ""]}, "energy": -26.211732864379883}