{"jid": "JVASP-14601", "opt_atoms": {"lattice_mat": [[6.876940318235788, 0.004534410116717171, 0.006027406931171489], [0.00453441011671734, 6.8724389278957005, 0.00011666793916631019], [0.006027406931170545, 0.0001166679391686279, 6.87399143790205]], "coords": [[0.003031656970300991, 9.538706563486632e-05, 3.4369782305352787], [1.7248733331865147, 1.7193021220041718, 5.157040771799937], [0.0022616869298181484, 3.436196181906134, 7.772872902473034e-05], [1.7241471520780052, 5.155505784742515, 1.7200812210306442], [3.4384791361757117, 0.002296275953682036, 0.0030263775783467704], [5.160340930234724, 1.721521010686414, 1.7230276669852103], [3.4437310023836494, 3.438509896398408, 3.440051884708734], [5.1656437185484165, 5.157846343302497, 5.16012234855612]], "elements": ["Sn", "Sn", "Sn", "Sn", "Sn", "Sn", "Sn", "Sn"], "abc": [6.876944, 6.872441, 6.873993], "angles": [89.998, 89.8995, 89.9245], "cartesian": true, "props": ["", "", "", "", "", "", "", ""]}, "dft_atoms": {"lattice_mat": [[6.63384, 0.0, 0.0], [0.0, 6.63384, 0.0], [0.0, 0.0, 6.63384]], "coords": [[0.0, 0.0, 0.5], [0.25, 0.25, 0.75], [0.0, 0.5, 0.0], [0.25, 0.75, 0.25], [0.5, 0.0, 0.0], [0.75, 0.25, 0.25], [0.5, 0.5, 0.5], [0.75, 0.75, 0.75]], "elements": ["Sn", "Sn", "Sn", "Sn", "Sn", "Sn", "Sn", "Sn"], "abc": [6.63384, 6.63384, 6.63384], "angles": [90.0, 90.0, 90.0], "cartesian": false, "props": ["", "", "", "", "", "", "", ""]}, "energy": -4.3943305015563965}