{"jid": "JVASP-30", "opt_atoms": {"lattice_mat": [[1.6041712453984516, -2.779270264632743, -3.3451912446933794e-05], [1.6041712453986505, 2.7792702646328635, 3.343229878938625e-05], [-3.200723558753776e-08, 6.301625209179055e-05, 5.240410780069412]], "coords": [[1.604171399645393, -0.9262600147874586, 0.003013242079918015], [1.6041710742723634, 0.9262911939731746, 2.623263150419113], [1.6041705189765112, -0.9264107951200297, 3.272087489785303], [1.6041718457351937, 0.9264564111435704, 0.6518874123161628]], "elements": ["Ga", "Ga", "N", "N"], "abc": [3.209003, 3.209003, 5.24041], "angles": [89.9989, 90.0011, 120.0137], "cartesian": true, "props": ["", "", "", ""]}, "dft_atoms": {"lattice_mat": [[1.60564, -2.78105, 0.0], [1.60564, 2.78105, 0.0], [0.0, 0.0, 5.24044]], "coords": [[0.6666666666666666, 0.3333333333333333, 0.0005859179897492739], [0.3333333333333333, 0.6666666666666666, 0.5005859179897493], [0.6666666666666666, 0.3333333333333333, 0.6244140820102508], [0.3333333333333333, 0.6666666666666666, 0.12441408201025084]], "elements": ["Ga", "Ga", "N", "N"], "abc": [3.21128, 3.21128, 5.24044], "angles": [90.0, 90.0, 120.0], "cartesian": false, "props": ["", "", "", ""]}, "energy": -14.947126388549805}