{"jid": "JVASP-1285", "opt_atoms": {"lattice_mat": [[3.5320563550205244, 1.4062024025592632e-08, -3.710742263870265e-09], [1.4062024833551402e-08, 3.5320563550205257, -8.795507704672978e-09], [-6.689740461533348e-09, -1.5856342348811023e-08, 6.466425176424592]], "coords": [[1.1139387864487114e-08, -5.75342227493944e-08, 1.6283795171970442e-08], [1.7660281751142053, 1.7660281585777895, 5.770843989414796], [-2.1641283630141984e-09, -1.96319679427915e-09, 3.9315325030774484], [1.7660281648312757, 1.7660282353347665, 3.23321258114312], [-5.325258571715317e-10, 1.5336376661225965e-09, 2.5348926828309164], [1.7660281814433219, 1.7660281744070359, 0.6955811187725583]], "elements": ["Ba", "O", "O", "Ba", "O", "O"], "abc": [3.53206, 3.53206, 6.46643], "angles": [90.0, 90.0, 90.0], "cartesian": true, "props": ["", "", "", "", "", ""]}, "dft_atoms": {"lattice_mat": [[3.84024, 0.0, 0.0], [0.0, 3.84024, 0.0], [0.0, 0.0, 6.9232]], "coords": [[0.0, 0.0, 0.0], [0.5, 0.5, 0.8912178200466214], [0.0, 0.0, 0.6087821799533786], [0.5, 0.5, 0.5], [0.0, 0.0, 0.3912178200466214], [0.5, 0.5, 0.10878217995337858]], "elements": ["Ba", "O", "O", "Ba", "O", "O"], "abc": [3.84024, 3.84024, 6.9232], "angles": [90.0, 90.0, 90.0], "cartesian": false, "props": ["", "", "", "", "", ""]}, "energy": -24.29985809326172}