{"jid": "JVASP-1189", "opt_atoms": {"lattice_mat": [[6.564150849768915, 0.0042461818145849714, 0.005628408934377678], [0.0042461818145854095, 6.5607540452251145, 0.0022427977787691637], [0.005628408934378196, 0.0022427977787721973, 6.562141943287707]], "coords": [[2.223878031376507e-08, 7.219868171494315e-08, 4.204247844682788e-08], [4.928319216673218, 1.6451162115746487, 4.926371732650026], [0.004937313638846373, 3.281498498697572, 3.282192411483729], [4.927618187089964, 4.924186406080853, 1.6464509607716244], [3.2848896501727434, 0.0032445632621814005, 3.2838852144209256], [1.6435819792758852, 1.6419185678584807, 1.6425785026966544], [3.2841985337478796, 3.282500191493223, 0.003935645216686986], [1.648517093364755, 4.9232434715373445, 4.924606495477565]], "elements": ["In", "Sb", "In", "Sb", "In", "Sb", "In", "Sb"], "abc": [6.564154, 6.560752, 6.562143], "angles": [89.9608, 89.9017, 89.9258], "cartesian": true, "props": ["", "", "", "", "", "", "", ""]}, "dft_atoms": {"lattice_mat": [[6.60978, 0.0, 0.0], [0.0, 6.60978, 0.0], [0.0, 0.0, 6.60978]], "coords": [[0.0, 0.0, 0.0], [0.75, 0.25, 0.75], [0.0, 0.5, 0.5], [0.75, 0.75, 0.25], [0.5, 0.0, 0.5], [0.25, 0.25, 0.25], [0.5, 0.5, 0.0], [0.25, 0.75, 0.75]], "elements": ["In", "Sb", "In", "Sb", "In", "Sb", "In", "Sb"], "abc": [6.60978, 6.60978, 6.60978], "angles": [90.0, 90.0, 90.0], "cartesian": false, "props": ["", "", "", "", "", "", "", ""]}, "energy": -7.090724945068359}