{"jid": "JVASP-57", "opt_atoms": {"lattice_mat": [[1.6580367834412615, -2.871893302190844, -9.74601605979708e-06], [1.6578898562032165, 2.8718084733948714, 0.00020548701802752968], [0.0007744275795144723, 0.0004916419356725028, 13.118686163549391]], "coords": [[1.6581325297589853, 0.9573642480998035, 3.2798101416667818], [1.6585685374826176, -0.9569574350136267, 9.839071762342861], [1.6582572450669932, -0.9571633746501158, 4.946162054405281], [1.6586223655507404, 0.9576835449047739, 11.505591304778049], [1.6580787016704233, -0.9572767317498148, 1.6132906011044883], [1.6584438222900242, 0.9575701877704601, 8.17271985024982]], "elements": ["Mo", "Mo", "Se", "Se", "Se", "Se"], "abc": [3.31615, 3.316005, 13.11869], "angles": [89.9928, 90.0003, 120.0029], "cartesian": true, "props": ["", "", "", "", "", ""]}, "dft_atoms": {"lattice_mat": [[1.66438, -2.88278, 0.0], [1.66438, 2.88278, 0.0], [0.0, 0.0, 13.16987]], "coords": [[0.3333333333333333, 0.6666666666666666, 0.25], [0.6666666666666667, 0.33333333333333337, 0.75], [0.6666666666666666, 0.3333333333333333, 0.37704046743751807], [0.3333333333333333, 0.6666666666666666, 0.8770404674375181], [0.6666666666666667, 0.33333333333333337, 0.12295953256248193], [0.33333333333333337, 0.6666666666666667, 0.6229595325624819]], "elements": ["Mo", "Mo", "Se", "Se", "Se", "Se"], "abc": [3.328751, 3.328751, 13.16987], "angles": [90.0, 90.0, 119.9998], "cartesian": false, "props": ["", "", "", "", "", ""]}, "energy": -27.348724365234375}