{"jid": "JVASP-1453", "opt_atoms": {"lattice_mat": [[1.445013576515568, -2.502766186986845, -0.0003538841043714073], [1.444944376321227, 2.5027262343140038, 0.00021712651123639008], [-0.0008129850591573147, 0.00195980933785769, 17.07520061915468]], "coords": [[1.4443130260208907, -0.8326355473704399, 14.229170305508807], [5.709625691727062e-10, -1.4056922147956387e-06, -5.486952033791578e-06], [-0.0007236223201861576, 0.00174384455437783, 15.19743815914683], [1.4443360896980155, 0.8357512653323956, 13.261257514720487], [1.4448081339203813, 0.8345416343907129, 2.8458471388641056], [1.4447195149891527, -0.8336154446703321, 5.691567868454092], [1.444808870533155, -0.83383147120676, 3.8139168423516], [-8.9370313943772e-05, 0.0002159345574473903, 1.8778831353678078], [-0.00037884243175602807, 0.000995889786704261, 8.537654653276299], [1.4444254519755024, 0.8355356626808211, 11.38349586346226], [1.4445148183201721, 0.8353194152383328, 9.505696258162635], [1.4446301547257827, -0.8333995531185342, 7.569366325894896]], "elements": ["Al", "Cu", "O", "O", "Al", "Cu", "O", "O", "Al", "Cu", "O", "O"], "abc": [2.889967, 2.889898, 17.0752], "angles": [89.9913, 90.014, 119.9996], "cartesian": true, "props": ["", "", "", "", "", "", "", "", "", "", "", ""]}, "dft_atoms": {"lattice_mat": [[1.43794, -2.49059, 0.0], [1.43794, 2.49059, 0.0], [0.0, 0.0, 17.09629]], "coords": [[0.6666666666666665, 0.33333333333333326, 0.8333333333333331], [0.0, 0.0, 0.0], [0.0, 0.0, 0.8899876893132126], [0.3333333333333333, 0.6666666666666666, 0.776678977353454], [0.33333333333333304, 0.6666666666666665, 0.16666666666666652], [0.6666666666666666, 0.3333333333333333, 0.3333333333333333], [0.6666666666666666, 0.3333333333333333, 0.22332102264654585], [0.0, 0.0, 0.1100123106867874], [-2.220446049250313e-16, -1.1102230246251565e-16, 0.4999999999999998], [0.3333333333333333, 0.6666666666666666, 0.6666666666666666], [0.3333333333333333, 0.6666666666666666, 0.5566543559798793], [0.6666666666666666, 0.33333333333333326, 0.44334564402012067]], "elements": ["Al", "Cu", "O", "O", "Al", "Cu", "O", "O", "Al", "Cu", "O", "O"], "abc": [2.875884, 2.875884, 17.09629], "angles": [90.0, 90.0, 120.0001], "cartesian": false, "props": ["", "", "", "", "", "", "", "", "", "", "", ""]}, "energy": -51.670108795166016}