{"jid": "JVASP-7678", "opt_atoms": {"lattice_mat": [[5.516554913604899, -7.714361528249826e-08, 1.5055858756300092e-08], [-7.714360986470149e-08, 5.516554731551452, 3.816706466529172e-10], [1.5055859952967693e-08, 3.8167367886824274e-10, 5.516554519716532]], "coords": [[3.6492191432233407e-09, 8.04719242330471e-09, 2.655005142010291e-08], [2.7582777899509097, -9.395446528664608e-08, 2.07277203372059e-07], [-3.221245208388918e-08, 2.7582773580397233, 2.758277233685678], [2.7582773473733573, 2.758277273054375, 2.758277463485984], [2.7582774643238066, -3.054503967465171e-08, 2.758277240840858], [-3.288520187481947e-07, 5.4524082229167476e-08, 2.7582770603019786], [2.7582774158137466, 2.758277319108314, 3.383493344070128e-08], [4.261470133797843e-08, 2.7582774211370342, -1.9603532085158773e-07]], "elements": ["Mg", "Se", "Mg", "Se", "Mg", "Se", "Mg", "Se"], "abc": [5.51655, 5.51655, 5.51655], "angles": [90.0, 90.0, 90.0], "cartesian": true, "props": ["", "", "", "", "", "", "", ""]}, "dft_atoms": {"lattice_mat": [[5.47795, 0.0, 0.0], [0.0, 5.47795, 0.0], [0.0, 0.0, 5.47795]], "coords": [[0.0, 0.0, 0.0], [0.5, 0.0, 0.0], [0.0, 0.5, 0.5], [0.5, 0.5, 0.5], [0.5, 0.0, 0.5], [0.0, 0.0, 0.5], [0.5, 0.5, 0.0], [0.0, 0.5, 0.0]], "elements": ["Mg", "Se", "Mg", "Se", "Mg", "Se", "Mg", "Se"], "abc": [5.47795, 5.47795, 5.47795], "angles": [90.0, 90.0, 90.0], "cartesian": false, "props": ["", "", "", "", "", "", "", ""]}, "energy": -13.961443901062012}