{"jid": "JVASP-18428", "opt_atoms": {"lattice_mat": [[1.4572373068440636, -2.52400851646884, 1.9655267898703385e-09], [1.4572373069665505, 2.5240085165395576, -2.424592386472448e-09], [-2.1099592914375505e-09, -1.16497678672155e-08, 13.425752444305749]], "coords": [[1.4572373073554064, -0.8413361812439448, 11.18812703670689], [1.2196537507072343e-08, -6.976048896822749e-09, 10.23578264847988], [1.4572373014160989, 0.8413361586448335, 12.140471423187423], [1.4572373088523392, 0.8413361697865114, 2.23762540687926], [1.4572373031784414, -0.8413361704999911, 1.2852810211681271], [1.3272685623074431e-08, -4.363056486133643e-09, 3.1899697907178353], [-5.812694294199971e-09, -5.7979282955841e-09, 6.712876222105372], [1.4572372960254705, 0.8413361675805141, 5.760531833825348], [1.4572372955465243, -0.8413361792570326, 7.6652206085768935]], "elements": ["Cr", "O", "O", "Cr", "O", "O", "Cr", "O", "O"], "abc": [2.914477, 2.914477, 13.42575], "angles": [90.0, 90.0, 119.9999], "cartesian": true, "props": ["", "", "", "", "", "", "", "", ""]}, "dft_atoms": {"lattice_mat": [[1.4499, -2.5113, 0.0], [1.4499, 2.5113, 0.0], [0.0, 0.0, 13.32814]], "coords": [[0.6666666666666665, 0.33333333333333326, 0.8333333333333331], [0.0, 0.0, 0.7624842272533959], [0.33333333333333326, 0.6666666666666666, 0.9041824394132707], [0.33333333333333304, 0.6666666666666665, 0.16666666666666652], [0.6666666666666665, 0.3333333333333333, 0.0958175605867293], [-1.1102230246251565e-16, 0.0, 0.23751577274660396], [-2.220446049250313e-16, -1.1102230246251565e-16, 0.4999999999999998], [0.33333333333333326, 0.6666666666666666, 0.42915089392006256], [0.6666666666666665, 0.33333333333333326, 0.5708491060799372]], "elements": ["Cr", "O", "O", "Cr", "O", "O", "Cr", "O", "O"], "abc": [2.8998, 2.8998, 13.32814], "angles": [90.0, 90.0, 120.0], "cartesian": false, "props": ["", "", "", "", "", "", "", "", ""]}, "energy": -54.843621253967285}