{"jid": "JVASP-25273", "opt_atoms": {"lattice_mat": [[9.523599389220878e-09, 4.571409048669005, 0.03662863667213435], [4.393751568221931, 9.210770726299716e-09, 7.264773317637618e-10], [-1.0218770589359822e-09, -0.2883067164243936, -3.0740553177468946]], "coords": [[1.3775622259893679e-08, 0.14415333937007324, 1.5370276604353734], [-2.1968758018795214, -2.1415511521378283, 1.5187133386575982]], "elements": ["Hg", "Hg"], "abc": [4.571557, 4.39375, 3.08755], "angles": [90.0, 95.8171, 90.0], "cartesian": true, "props": ["", ""]}, "dft_atoms": {"lattice_mat": [[0.0, 4.51264, 0.0], [4.36441, 0.0, 0.0], [0.0, -0.26203, -2.81687]], "coords": [[0.0, 0.0, -0.5], [-0.5, -0.5, -0.5]], "elements": ["Hg", "Hg"], "abc": [4.51264, 4.36441, 2.829031], "angles": [90.0, 95.3145, 90.0], "cartesian": false, "props": ["", ""]}, "energy": 4.980005741119385}