{"jid": "JVASP-100703", "opt_atoms": {"lattice_mat": [[3.315332031809597, 0.01704913368233033, 0.0054531795281585315], [0.021870046682063, 5.134108891317152, -0.01015698035744272], [0.008457630606755705, -0.012280502448823614, 4.155319174263339]], "coords": [[1.6685583711561391, 2.5757303121539397, -0.0023213428988642973], [0.004274778413467147, -0.00583557586154878, 2.0777058270264797], [1.661065499979638, 1.3532897650480995, 1.7187791105907724], [0.021702609836350615, 1.202867673406241, 3.801961194295922], [1.6845743714597043, 3.786424797287683, 2.4318497205157437], [0.008517713051903995, 3.9179028296183573, 0.3445548454082922]], "elements": ["In", "In", "O", "O", "O", "O"], "abc": [3.315378, 5.134167, 4.155347], "angles": [90.2822, 89.79, 89.4615], "cartesian": true, "props": ["", "", "", "", "", ""]}, "dft_atoms": {"lattice_mat": [[3.3805, 0.0, 0.0], [0.0, 4.33639, 0.0], [0.0, 0.0, 5.243]], "coords": [[0.5, 0.5, 0.0], [0.0, 0.0, 0.5], [0.5, 0.2877405957560562, 0.3757799577277096], [0.0, 0.2122594042439438, 0.8757799577277097], [0.5, 0.7122594042439438, 0.6242200422722903], [0.0, 0.7877405957560562, 0.12422004227229039]], "elements": ["In", "In", "O", "O", "O", "O"], "abc": [3.3805, 4.33639, 5.243], "angles": [90.0, 90.0, 90.0], "cartesian": false, "props": ["", "", "", "", "", ""]}, "energy": -20.13435459136963}