{"jid": "JVASP-20259", "opt_atoms": {"lattice_mat": [[3.797669268460279, -6.57625561684216, 3.660405178448455e-09], [3.7948074960949, 6.574603369560392, -6.711669252543215e-09], [-3.0124002764836028e-09, -5.912055035250713e-09, 7.454986100185668]], "coords": [[-3.254592737059494e-09, 7.329991404518115e-10, 3.727493053024704], [5.380036424742098, -1.2787141013223522, 0.4483348990056317], [2.2129969754474654, -1.2780254250803922, 0.4483352705690283], [3.79711313832627, -4.0211682766731665, 0.4483350254769365], [3.7953636237355073, 4.019515767502381, 4.1758279027253415], [5.379479479488526, 1.2763733486443372, 7.0066510575404415], [2.2124405631873754, 1.2770619814465058, 4.175827727108546], [5.380036423771327, -1.2787141035129455, 3.2791581483685137], [3.797113137212697, -4.021168279035327, 3.2791580281552], [3.7953636225463363, 4.01951576567179, 7.006651238429814], [5.37947948013874, 1.2763733511817774, 4.175828086353874], [2.2129969743509337, -1.2780254274036467, 3.2791577796903204], [2.212440562006078, 1.277061979168048, 7.006651419770239], [5.333280632178308, -3.0800116093279875, 5.591239575375965], [5.331982200426337, 3.0777142460071616, 1.8637465204222141], [3.7961465451554837, 0.4168841407186231, 1.8637465230350552], [-1.4516110688471626e-09, 3.80155782930988e-09, -2.7946451313179147e-09], [2.2605150727623995, -3.0793630036942683, 5.591239576754907], [2.259157915098192, 3.0783803298619774, 1.8637465217204547], [3.796337658012408, -0.41854795241522347, 5.591239573963413], [6.126383326107529, -0.8478714315669864, 5.591239572998928], [3.7967170379891413, -2.1926279239030197, 1.8637465252779377], [3.79575969153968, 2.1909757712778504, 5.591239571861079], [1.466581566990421, -0.8469521841219952, 5.591239574614037], [1.4660993146838046, 0.8462229273700476, 1.8637465242496176], [3.795177494917868, 4.881422152474774, 1.8637465195832708], [3.7972992778174435, -4.883081165050772, 5.591239577348126], [6.125891833945955, 0.8453016153825581, 1.8637465223936416]], "elements": ["Al", "Al", "Al", "Al", "Al", "Al", "Al", "Al", "Al", "Al", "Al", "Al", "Al", "Al", "Al", "Al", "Al", "Al", "Al", "Al", "Co", "Co", "Co", "Co", "Co", "Co", "Co", "Co"], "abc": [7.594043, 7.591176, 7.45499], "angles": [90.0, 90.0, 120.0011], "cartesian": true, "props": ["", "", "", "", "", "", "", "", "", "", "", "", "", "", "", "", "", "", "", "", "", "", "", "", "", "", "", ""]}, "dft_atoms": {"lattice_mat": [[3.84786, -6.66468, 0.0], [3.84786, 6.66468, 0.0], [0.0, 0.0, 7.5977]], "coords": [[0.0, 0.0, 0.5], [0.8057159411200474, 0.6114318822400947, 0.06011017070743907], [0.3885681177599053, 0.1942840588799527, 0.06011017070743907], [0.8057159411200473, 0.1942840588799526, 0.06011017070743907], [0.1942840588799527, 0.8057159411200474, 0.5601101707074391], [0.6114318822400947, 0.8057159411200473, 0.9398898292925609], [0.1942840588799526, 0.3885681177599053, 0.5601101707074391], [0.8057159411200474, 0.6114318822400947, 0.43988982929256093], [0.8057159411200473, 0.1942840588799526, 0.43988982929256093], [0.1942840588799527, 0.8057159411200474, 0.9398898292925609], [0.6114318822400947, 0.8057159411200473, 0.5601101707074391], [0.3885681177599053, 0.1942840588799527, 0.43988982929256093], [0.1942840588799526, 0.3885681177599053, 0.9398898292925609], [0.9363517822108264, 0.4681758911054132, 0.75], [0.4681758911054132, 0.9363517822108264, 0.25], [0.4681758911054132, 0.5318241088945868, 0.25], [0.0, 0.0, 0.0], [0.5318241088945868, 0.06364821778917362, 0.75], [0.06364821778917362, 0.5318241088945868, 0.25], [0.5318241088945868, 0.4681758911054132, 0.75], [0.8713833975661972, 0.7427667951323944, 0.75], [0.6666666666666666, 0.3333333333333333, 0.25], [0.33333333333333337, 0.6666666666666667, 0.75], [0.2572332048676056, 0.1286166024338028, 0.75], [0.1286166024338028, 0.2572332048676056, 0.25], [0.1286166024338028, 0.8713833975661972, 0.25], [0.8713833975661972, 0.1286166024338028, 0.75], [0.7427667951323944, 0.8713833975661972, 0.25]], "elements": ["Al", "Al", "Al", "Al", "Al", "Al", "Al", "Al", "Al", "Al", "Al", "Al", "Al", "Al", "Al", "Al", "Al", "Al", "Al", "Al", "Co", "Co", "Co", "Co", "Co", "Co", "Co", "Co"], "abc": [7.695712, 7.695712, 7.5977], "angles": [90.0, 90.0, 119.9999], "cartesian": false, "props": ["", "", "", "", "", "", "", "", "", "", "", "", "", "", "", "", "", "", "", "", "", "", "", "", "", "", "", ""]}, "energy": -95.18828678131104}