{"jid": "JVASP-802", "opt_atoms": {"lattice_mat": [[1.5951066052643679, -2.7628055783719843, -2.889133062425625e-11], [1.5951066052264067, 2.7628055783500685, 4.5250098081651816e-11], [2.5892083072445655e-11, 6.775187704903968e-11, 5.055815168124129]], "coords": [[1.595106605258187, -0.9209351918929645, 1.2639537908709075], [1.5951066052584797, 0.9209351919122117, 3.791861377237618]], "elements": ["Hf", "Hf"], "abc": [3.190219, 3.190219, 5.05582], "angles": [90.0, 90.0, 120.0], "cartesian": true, "props": ["", ""]}, "dft_atoms": {"lattice_mat": [[1.59004, -2.75403, 0.0], [1.59004, 2.75403, 0.0], [0.0, 0.0, 5.0334]], "coords": [[0.6666666666666666, 0.3333333333333333, 0.25], [0.33333333333333337, 0.6666666666666667, 0.75]], "elements": ["Hf", "Hf"], "abc": [3.18008, 3.18008, 5.0334], "angles": [90.0, 90.0, 120.0], "cartesian": false, "props": ["", ""]}, "energy": -14.397990226745605}