{"jid": "JVASP-37995", "opt_atoms": {"lattice_mat": [[1.4230742417519928, -2.4207677647798227, 0.9024741164524182], [1.4230742275792116, 2.420767756597167, -0.9024741154071514], [1.945479133481261e-09, -1.9395568521742874, 4.40775804130338]], "coords": [[1.0309377646442617e-09, -0.9697793575310593, 2.2038796041920694], [7.056458107770575e-11, -1.4605520253982082e-06, 1.2374928725147925e-06]], "elements": ["Al", "Fe"], "abc": [2.949527, 2.949527, 4.815625], "angles": [127.6342, 52.3658, 122.3058], "cartesian": true, "props": ["", ""]}, "dft_atoms": {"lattice_mat": [[1.32192, -2.28963, 0.0], [1.32192, 2.28963, 0.0], [0.0, 0.0, 4.92077]], "coords": [[0.0, 0.0, 0.5], [0.0, 0.0, 0.0]], "elements": ["Al", "Fe"], "abc": [2.643838, 2.643838, 4.92077], "angles": [90.0, 90.0, 119.9999], "cartesian": false, "props": ["", ""]}, "energy": -7.64359188079834}