{"jid": "JVASP-19705", "opt_atoms": {"lattice_mat": [[3.5591621399651476, 2.277199226222173e-09, 1.542845306079402e-09], [2.277198679267692e-09, 3.559162134307898, 1.706275835481905e-09], [1.5428452246315876e-09, 1.706275010886552e-09, 3.5591621442304526]], "coords": [[-8.787831743571986e-10, -8.9495170236019e-10, -9.080508793809773e-10], [8.84984621815049e-09, 1.7795810626038473, 1.7795810675273318], [1.7795810656303637, 1.7795810627660014, 8.818830856809545e-09], [1.7795810653230049, 9.033057507081926e-09, 1.779581067449663]], "elements": ["Fe", "Ni", "Ni", "Ni"], "abc": [3.55916, 3.55916, 3.55916], "angles": [90.0, 90.0, 90.0], "cartesian": true, "props": ["", "", "", ""]}, "dft_atoms": {"lattice_mat": [[3.53827, 0.0, 0.0], [0.0, 3.53827, 0.0], [0.0, 0.0, 3.53827]], "coords": [[0.0, 0.0, 0.0], [0.0, 0.5, 0.5], [0.5, 0.5, 0.0], [0.5, 0.0, 0.5]], "elements": ["Fe", "Ni", "Ni", "Ni"], "abc": [3.53827, 3.53827, 3.53827], "angles": [90.0, 90.0, 90.0], "cartesian": false, "props": ["", "", "", ""]}, "energy": -8.61498737335205}