{"jid": "JVASP-25254", "opt_atoms": {"lattice_mat": [[3.132868014872143, 5.409247723299182e-07, 0.009304882501206473], [8.544800646289003e-07, 4.912198208924719, -4.80834764478234e-07], [0.01857534180767435, -6.076544979911402e-07, 6.200591998539512]], "coords": [[0.009287528650383535, 0.00019723416949189514, 3.100296131833859], [2.354295170157503, 1.2278523112339663, 1.5571264154656297], [2.993104961552871e-07, 2.4562964088871033, -3.5089385138532294e-07], [2.3635833209381074, 3.6839512471366955, 4.6574224029810924], [1.5664340022112013, 0.00019785327194915073, 0.004652326565522448], [0.797148697674539, 1.2278517014788752, 4.652770220215756], [1.5757221497496878, 2.456296371942258, 3.104948318907851], [0.7878614577032237, 3.6839512878624636, 1.552473730241142]], "elements": ["Pu", "Pu", "Pu", "Pu", "Pu", "Pu", "Pu", "Pu"], "abc": [3.132884, 4.9122, 6.200618], "angles": [90.0, 89.6582, 90.0], "cartesian": true, "props": ["", "", "", "", "", "", "", ""]}, "dft_atoms": {"lattice_mat": [[3.55726, 0.0, 0.0], [0.0, 5.61928, 0.0], [0.0, 0.0, 7.10136]], "coords": [[0.0, 0.0, 0.5], [0.75, 0.25, 0.25], [0.0, 0.5, 0.0], [0.75, 0.75, 0.75], [0.5, 0.0, 0.0], [0.25, 0.25, 0.75], [0.5, 0.5, 0.5], [0.25, 0.75, 0.25]], "elements": ["Pu", "Pu", "Pu", "Pu", "Pu", "Pu", "Pu", "Pu"], "abc": [3.55726, 5.61928, 7.10136], "angles": [90.0, 90.0, 90.0], "cartesian": false, "props": ["", "", "", "", "", "", "", ""]}, "energy": -80.17433166503906}