{"jid": "JVASP-819", "opt_atoms": {"lattice_mat": [[5.21511, 0.0, 0.0], [0.0, 5.21511, 0.0], [0.0, 0.0, 5.21511]], "coords": [[0.0, 0.0, 0.0], [0.0, 2.607555, 2.607555], [2.607555, 0.0, 2.607555], [2.607555, 2.607555, 0.0]], "elements": ["Ar", "Ar", "Ar", "Ar"], "abc": [5.21511, 5.21511, 5.21511], "angles": [90.0, 90.0, 90.0], "cartesian": true, "props": ["", "", "", ""]}, "dft_atoms": {"lattice_mat": [[5.21511, 0.0, 0.0], [0.0, 5.21511, 0.0], [0.0, 0.0, 5.21511]], "coords": [[0.0, 0.0, 0.0], [0.0, 0.5, 0.5], [0.5, 0.0, 0.5], [0.5, 0.5, 0.0]], "elements": ["Ar", "Ar", "Ar", "Ar"], "abc": [5.21511, 5.21511, 5.21511], "angles": [90.0, 90.0, 90.0], "cartesian": false, "props": ["", "", "", ""]}, "energy": 7.839768409729004}