{"jid": "JVASP-17252", "opt_atoms": {"lattice_mat": [[1.4572242363829682, -2.5239831050442247, 8.447190526185817e-08], [1.4572242377598064, 2.5239831058391435, -8.501588361103457e-08], [-2.501133447594678e-09, -4.4991846681301784e-07, 13.430369234041526]], "coords": [[1.457224227292564, 0.8413276293318056, 2.2383948438889316], [1.4572242461592586, -0.8413277659360778, 1.2860521914912257], [-4.746201375283142e-08, -8.017303219352725e-08, 3.190737581706734], [1.7989266156782823e-08, -2.2495583496858922e-07, 6.715184617003776], [1.4572242737080991, 0.8413274810696407, 5.762841884163875], [1.457224272792696, -0.8413279301188146, 7.667527354004277], [1.4572242249605392, -0.8413280785753245, 11.191974389104827], [-4.86767165306837e-08, -3.696033864229767e-07, 10.239631636692295], [1.4572242446266375, 0.841327316787281, 12.144317058397494]], "elements": ["Cr", "O", "O", "Cr", "O", "O", "Cr", "O", "O"], "abc": [2.914441, 2.914441, 13.43037], "angles": [90.0, 90.0, 120.0], "cartesian": true, "props": ["", "", "", "", "", "", "", "", ""]}, "dft_atoms": {"lattice_mat": [[1.44992, -2.51133, 0.0], [1.44992, 2.51133, 0.0], [0.0, 0.0, 13.33304]], "coords": [[0.33333333333333326, 0.6666666666666665, 0.16666666666666666], [0.6666666666666666, 0.3333333333333333, 0.09584162488949398], [0.0, 0.0, 0.23749170844383932], [-1.1102230246251565e-16, -2.220446049250313e-16, 0.5], [0.33333333333333326, 0.6666666666666666, 0.4291749582228273], [0.6666666666666666, 0.3333333333333333, 0.5708250417771726], [0.6666666666666665, 0.33333333333333304, 0.8333333333333333], [0.0, 0.0, 0.7625082915561606], [0.3333333333333333, 0.6666666666666666, 0.904158375110506]], "elements": ["Cr", "O", "O", "Cr", "O", "O", "Cr", "O", "O"], "abc": [2.899836, 2.899836, 13.33304], "angles": [90.0, 90.0, 119.9999], "cartesian": false, "props": ["", "", "", "", "", "", "", "", ""]}, "energy": -54.843621253967285}