{"jid": "JVASP-55158", "opt_atoms": {"lattice_mat": [[4.293243054121759, -4.3438324018214595e-08, -4.3507486709052666e-08], [-4.343832390175347e-08, 4.2932430881224395, -4.017974569809889e-08], [-4.350748673594825e-08, -4.01797465408838e-08, 4.293243112568178]], "coords": [[-1.061250212331725e-07, 2.1466214960229575, 2.146621513109382], [2.146621480618135, -1.0078554115595703e-07, 2.146621511560382], [2.1466214810038906, 2.146621502899875, -9.805186646867162e-08], [1.7837829814792864e-08, 1.663197186052815e-08, 1.5439057343422625e-08]], "elements": ["Zr", "Zr", "Zr", "Cu"], "abc": [4.29324, 4.29324, 4.29324], "angles": [90.0, 90.0, 90.0], "cartesian": true, "props": ["", "", "", ""]}, "dft_atoms": {"lattice_mat": [[4.30839, 0.0, 0.0], [0.0, 4.30839, 0.0], [0.0, 0.0, 4.30839]], "coords": [[0.0, 0.5, 0.5], [0.5, 0.0, 0.5], [0.5, 0.5, 0.0], [0.0, 0.0, 0.0]], "elements": ["Zr", "Zr", "Zr", "Cu"], "abc": [4.30839, 4.30839, 4.30839], "angles": [90.0, 90.0, 90.0], "cartesian": false, "props": ["", "", "", ""]}, "energy": -16.51321792602539}