{"jid": "JVASP-1035", "opt_atoms": {"lattice_mat": [[1.8320528025324012, -3.1732098621594305, -7.319960330683899e-09], [1.8320528029545164, 3.1732098624031373, 7.344104016216138e-09], [3.75314932888361e-11, 1.3159184920787204e-08, 5.942050198608398]], "coords": [[1.8320528026824896, -1.0577367639699178, 1.4855125553221897], [1.8320528028419607, 1.0577367767837587, 4.456537643677499]], "elements": ["Tm", "Tm"], "abc": [3.664105, 3.664105, 5.94205], "angles": [90.0, 90.0, 120.0001], "cartesian": true, "props": ["", ""]}, "dft_atoms": {"lattice_mat": [[1.76074, -3.04969, 0.0], [1.76074, 3.04969, 0.0], [0.0, 0.0, 5.47344]], "coords": [[0.6666666666666666, 0.3333333333333333, 0.25], [0.33333333333333337, 0.6666666666666667, 0.75]], "elements": ["Tm", "Tm"], "abc": [3.521479, 3.521479, 5.47344], "angles": [90.0, 90.0, 120.0], "cartesian": false, "props": ["", ""]}, "energy": -3.5714163780212402}