{"jid": "JVASP-937", "opt_atoms": {"lattice_mat": [[1.8524282250412918, -3.208499751034607, 1.780418220285597e-09], [1.8524282255048796, 3.2084997513022597, -1.2398200727241101e-09], [1.7404152978001227e-09, -5.613846148589031e-09, 11.968700380794981]], "coords": [[-4.526504020883865e-09, -2.806923074752601e-09, 5.984350190385214], [-5.343845293871908e-09, -5.991745499091815e-11, -7.236948173305559e-10], [1.8524282318316443, -1.069499912396458, 8.976525287162596], [1.8524282312027296, 1.069499907168968, 2.992175094963743]], "elements": ["Nd", "Nd", "Nd", "Nd"], "abc": [3.704858, 3.704858, 11.9687], "angles": [90.0, 90.0, 119.9999], "cartesian": true, "props": ["", "", "", ""]}, "dft_atoms": {"lattice_mat": [[1.83542, -3.17904, 0.0], [1.83542, 3.17904, 0.0], [0.0, 0.0, 11.81803]], "coords": [[0.0, 0.0, 0.5], [0.0, 0.0, 0.0], [0.6666666666666666, 0.3333333333333333, 0.75], [0.33333333333333337, 0.6666666666666667, 0.25]], "elements": ["Nd", "Nd", "Nd", "Nd"], "abc": [3.670839, 3.670839, 11.81803], "angles": [90.0, 90.0, 120.0], "cartesian": false, "props": ["", "", "", ""]}, "energy": -8.580804824829102}