{"jid": "JVASP-25407", "opt_atoms": {"lattice_mat": [[1.2530691847310031, -2.170384085360673, 0.0], [1.2530691845715476, 2.170384085268612, 0.0], [0.0, 0.0, 6.69838]], "coords": [[2.526030106278031e-08, -9.807501787040949e-08, 1.674595], [2.5546333086381554e-08, 9.806706590731309e-08, 5.023785], [1.2530691592946317, 0.7234614599276808, 1.674595], [1.2530691593273322, -0.7234614595429254, 5.023785]], "elements": ["C", "C", "C", "C"], "abc": [2.506139, 2.506139, 6.69838], "angles": [90.0, 90.0, 120.0], "cartesian": true, "props": ["", "", "", ""]}, "dft_atoms": {"lattice_mat": [[1.23249, -2.13474, 0.0], [1.23249, 2.13474, 0.0], [0.0, 0.0, 6.69838]], "coords": [[0.0, 0.0, 0.25], [0.0, 0.0, 0.75], [0.3333333333333333, 0.6666666666666666, 0.25], [0.6666666666666667, 0.33333333333333337, 0.75]], "elements": ["C", "C", "C", "C"], "abc": [2.464984, 2.464984, 6.69838], "angles": [90.0, 90.0, 120.0001], "cartesian": false, "props": ["", "", "", ""]}, "energy": -30.88945198059082}