{"jid": "JVASP-54444", "opt_atoms": {"lattice_mat": [[4.7902322582032895, -0.009791560465185348, 1.7404051427470406e-09], [-0.010594892694763143, 5.2507081879053406, -2.2293250801011523e-08], [2.623223910178208e-09, -3.105373026687174e-08, 7.418479601506614]], "coords": [[1.674064106239641, 0.8714983708086602, 3.1291076249786074], [0.712198907574426, 3.49878096061434, 0.5801734961544479], [4.067437625596561, 1.7421365502433428, 6.838306164059998], [1.6226160581214244, 2.345791596876566, 5.563859179145769], [0.7121993146832324, 3.4987804764952264, 3.129066289181914], [1.6740644877879054, 0.8714988732807514, 0.5801321641236765], [0.7577246502820434, 4.972891271076807, 5.563859161387445], [3.105573658865324, 4.3694186482302895, 6.838347455613556], [4.06743803322386, 1.7421360870312694, 4.289413255989426], [3.1570214159957803, 2.8951249481935015, 1.8546193642815496], [3.1055732694278317, 4.3694181744399065, 4.289371920973909], [4.021912621634343, 0.2680252761541316, 1.8546193766134282], [1.3805687081348344e-08, -2.7765711060467598e-09, 3.709239798889039], [2.389818685553575, 2.6204582990110414, 3.709239788150606], [2.3897336984191995, 2.6204583682870886, 8.292266789767851e-08], [8.500948037380063e-05, -3.062156086911215e-08, 9.839105363808599e-08]], "elements": ["Fe", "Fe", "Fe", "Fe", "Fe", "Fe", "Fe", "Fe", "Fe", "Fe", "Fe", "Fe", "C", "C", "C", "C"], "abc": [4.79024, 5.250721, 7.41848], "angles": [90.0, 90.0, 90.2327], "cartesian": true, "props": ["", "", "", "", "", "", "", "", "", "", "", "", "", "", "", ""]}, "dft_atoms": {"lattice_mat": [[4.6434, 0.0, 0.0], [0.0, 5.02436, 0.0], [0.0, 0.0, 6.99876]], "coords": [[0.3495824666594571, 0.16679379916041623, 0.42190803678343475], [0.15041753334054292, 0.6667937991604163, 0.07809196321656525], [0.8495824666594571, 0.33320620083958374, 0.9219080367834347], [0.3402094388456737, 0.44757192536709145, 0.75], [0.15041753334054292, 0.6667937991604163, 0.42190803678343475], [0.3495824666594571, 0.16679379916041623, 0.07809196321656525], [0.15979056115432633, 0.9475719253670914, 0.75], [0.6504175333405429, 0.8332062008395837, 0.9219080367834347], [0.8495824666594571, 0.33320620083958374, 0.5780919632165653], [0.6597905611543263, 0.5524280746329086, 0.25], [0.6504175333405429, 0.8332062008395837, 0.5780919632165653], [0.8402094388456737, 0.05242807463290855, 0.25], [0.0, 0.0, 0.5], [0.5, 0.5, 0.5], [0.5, 0.5, 0.0], [0.0, 0.0, 0.0]], "elements": ["Fe", "Fe", "Fe", "Fe", "Fe", "Fe", "Fe", "Fe", "Fe", "Fe", "Fe", "Fe", "C", "C", "C", "C"], "abc": [4.6434, 5.02436, 6.99876], "angles": [90.0, 90.0, 90.0], "cartesian": false, "props": ["", "", "", "", "", "", "", "", "", "", "", "", "", "", "", ""]}, "energy": -86.1631851196289}