{"jid": "JVASP-90872", "opt_atoms": {"lattice_mat": [[3.5074781746224093, -6.075129397003955, 6.0187562763179225e-09], [3.5074781689128787, 6.075129393707541, -4.031694825162673e-09], [1.519477068270697e-09, -4.437183523205815e-09, 5.43531474759515]], "coords": [[3.5074781711905563, 2.0250431270491505, 1.3588286949656458], [3.507478173860602, -2.0250431362036636, 4.076486054680046], [3.5074781740673546, -4.1358339088197145, 1.3588287054997397], [5.335476891929915, -0.9696477388103109, 1.3588287033777782], [1.679479455530431, -0.9696477383744957, 1.3588287025768868], [3.507478170971926, 4.135833900867497, 4.07648604374923], [1.6794794501726962, 0.9696477288800875, 4.076486045755549], [5.335476894554474, 0.9696477275140384, 4.076486046904833]], "elements": ["Sr", "Sr", "Hg", "Hg", "Hg", "Hg", "Hg", "Hg"], "abc": [7.014957, 7.014957, 5.43531], "angles": [90.0, 90.0, 120.0], "cartesian": true, "props": ["", "", "", "", "", "", "", ""]}, "dft_atoms": {"lattice_mat": [[3.46226, -5.99681, 0.0], [3.46226, 5.99681, 0.0], [0.0, 0.0, 5.29508]], "coords": [[0.3333333333333333, 0.6666666666666666, 0.25], [0.6666666666666667, 0.33333333333333337, 0.75], [0.8407243900689063, 0.15927560993109363, 0.25], [0.8407243900689063, 0.6814487801378126, 0.25], [0.3185512198621874, 0.1592756099310937, 0.25], [0.1592756099310937, 0.8407243900689063, 0.75], [0.15927560993109363, 0.3185512198621874, 0.75], [0.6814487801378126, 0.8407243900689063, 0.75]], "elements": ["Sr", "Sr", "Hg", "Hg", "Hg", "Hg", "Hg", "Hg"], "abc": [6.92452, 6.92452, 5.29508], "angles": [90.0, 90.0, 120.0], "cartesian": false, "props": ["", "", "", "", "", "", "", ""]}, "energy": 12.724664688110352}