{"jid": "JVASP-107385", "opt_atoms": {"lattice_mat": [[1.4550177814635452, -2.520165318367872, -9.297857540799937e-09], [1.4550177817387064, 2.5201653185267343, 9.884766369610071e-09], [2.6870191358306093e-09, 5.070456711550163e-08, 13.34525745169744]], "coords": [[1.4550177770897934, 0.8400551047269723, 2.2242095780512963], [1.455017785782749, -0.8400551247296902, 1.2684845409549752], [-2.0329721352397444e-08, -9.543735509898543e-10, 3.1799346029624265], [1.127206935216955e-08, 2.5337030876582132e-08, 6.672628725848318], [1.4550177999737124, 0.8400551498063987, 5.716903703919995], [1.4550178001989291, -0.8400550991829061, 7.628353746333434], [1.4550177786930276, -0.8400550543635159, 11.121047874255002], [-1.9198471838733817e-08, 5.171907360007483e-08, 10.165322835416141], [1.4550177881131983, 0.8400551760169416, 12.07677292089224]], "elements": ["Cr", "O", "O", "Cr", "O", "O", "Cr", "O", "O"], "abc": [2.910041, 2.910041, 13.34526], "angles": [90.0, 90.0, 120.0], "cartesian": true, "props": ["", "", "", "", "", "", "", "", ""]}, "dft_atoms": {"lattice_mat": [[1.44677, -2.50588, 0.0], [1.44677, 2.50588, 0.0], [0.0, 0.0, 13.24736]], "coords": [[0.33333333333333326, 0.6666666666666665, 0.16666666666666666], [0.6666666666666666, 0.3333333333333333, 0.09514184801462508], [0.0, 0.0, 0.23819148531870823], [-1.1102230246251565e-16, -2.220446049250313e-16, 0.5], [0.33333333333333326, 0.6666666666666666, 0.42847518134795837], [0.6666666666666666, 0.3333333333333333, 0.5715248186520415], [0.6666666666666665, 0.33333333333333304, 0.8333333333333333], [0.0, 0.0, 0.7618085146812917], [0.3333333333333333, 0.6666666666666666, 0.9048581519853749]], "elements": ["Cr", "O", "O", "Cr", "O", "O", "Cr", "O", "O"], "abc": [2.893541, 2.893541, 13.24736], "angles": [90.0, 90.0, 120.0], "cartesian": false, "props": ["", "", "", "", "", "", "", "", ""]}, "energy": -54.8458571434021}