{"jid": "JVASP-14622", "opt_atoms": {"lattice_mat": [[4.6268400920730715, -0.0001310253299634019, -0.0005194319536672585], [-0.00021857447321501356, 7.77611601104628, 0.0004833418445176643], [-0.0005131550105770179, 0.0002862398714580932, 4.579714015190607]], "coords": [[2.3130261929716425, 6.561382822841966, 1.8954443319996197], [2.312804835607748, 5.103040529797526, 4.18522380702956], [2.31308217095654, 1.2148883996383608, 2.6842335910087627], [2.3133035281588876, 2.6732306986431165, 0.39445411596306024], [-0.0002845669022523881, 2.673390309910815, 1.8954623718370571], [-0.0005059241852930791, 1.2150480223574756, 4.1852418583866235], [-0.0004471638926107022, 5.103011941270979, 2.6847349851200435], [-0.00022580654322752186, 6.561354229537679, 0.39495549806401087]], "elements": ["Ga", "Ga", "Ga", "Ga", "Ga", "Ga", "Ga", "Ga"], "abc": [4.62684, 7.77612, 4.57971], "angles": [89.9928, 90.0128, 90.0032], "cartesian": true, "props": ["", "", "", "", "", "", "", ""]}, "dft_atoms": {"lattice_mat": [[4.6151, 0.0, 0.0], [0.0, 7.69884, 0.0], [0.0, 0.0, 4.55933]], "coords": [[0.5, 0.8438880470675088, 0.4139101204317712], [0.5, 0.6561119529324912, 0.9139101204317712], [0.5, 0.15611195293249125, 0.5860898795682288], [0.5, 0.34388804706750875, 0.08608987956822878], [0.0, 0.34388804706750875, 0.4139101204317712], [0.0, 0.15611195293249125, 0.9139101204317712], [0.0, 0.6561119529324912, 0.5860898795682288], [0.0, 0.8438880470675088, 0.08608987956822878]], "elements": ["Ga", "Ga", "Ga", "Ga", "Ga", "Ga", "Ga", "Ga"], "abc": [4.6151, 7.69884, 4.55933], "angles": [90.0, 90.0, 90.0], "cartesian": false, "props": ["", "", "", "", "", "", "", ""]}, "energy": 4.671966552734375}