{"jid": "JVASP-25388", "opt_atoms": {"lattice_mat": [[2.4769, -4.29013, 0.0], [2.4769, 4.29013, 0.0], [0.0, 0.0, 8.06634]], "coords": [[2.4769, 1.4300433333333336, 2.016585], [2.4769000000000005, -1.4300433333333336, 6.049755]], "elements": ["Rb", "Rb"], "abc": [4.953812, 4.953812, 8.06634], "angles": [90.0, 90.0, 120.0001], "cartesian": true, "props": ["", ""]}, "dft_atoms": {"lattice_mat": [[2.4769, -4.29013, 0.0], [2.4769, 4.29013, 0.0], [0.0, 0.0, 8.06634]], "coords": [[0.3333333333333333, 0.6666666666666666, 0.25], [0.6666666666666667, 0.33333333333333337, 0.75]], "elements": ["Rb", "Rb"], "abc": [4.953812, 4.953812, 8.06634], "angles": [90.0, 90.0, 120.0001], "cartesian": false, "props": ["", ""]}, "energy": 2.5151939392089844}