{"jid": "JVASP-94423", "opt_atoms": {"lattice_mat": [[4.511664201716498, 4.1291888510390245e-08, 3.239867333026888e-09], [4.129188850982002e-08, 4.511664204603759, -2.8528504728333285e-09], [2.1321024652354613e-09, -1.877412902147343e-09, 2.984753537446623]], "coords": [[2.255832122602267, 2.2558321219962854, 1.4923767539910981], [-1.9088592900503996e-09, -1.8567106004538174e-09, 1.350205188338875e-08], [0.8885646215335218, 3.623099624217569, 1.4923766983065814], [3.6230996216754905, 0.8885646224360673, 1.4923767007765047], [1.3672675122671927, 1.3672675128871052, 6.867653206513597e-08], [3.144396748052645, 3.1443967503798658, 6.890234552760973e-08]], "elements": ["Cr", "Cr", "O", "O", "O", "O"], "abc": [4.51166, 4.51166, 2.98475], "angles": [90.0, 90.0, 90.0], "cartesian": true, "props": ["", "", "", "", "", ""]}, "dft_atoms": {"lattice_mat": [[4.43608, 0.0, 0.0], [0.0, 4.43608, 0.0], [0.0, 0.0, 2.91931]], "coords": [[0.5, 0.5, 0.5], [0.0, 0.0, 0.0], [0.19701465882442126, 0.8029853411755787, 0.5], [0.8029853411755787, 0.19701465882442126, 0.5], [0.30298534117557874, 0.30298534117557874, 0.0], [0.6970146588244213, 0.6970146588244213, 0.0]], "elements": ["Cr", "Cr", "O", "O", "O", "O"], "abc": [4.43608, 4.43608, 2.91931], "angles": [90.0, 90.0, 90.0], "cartesian": false, "props": ["", "", "", "", "", ""]}, "energy": -38.03361225128174}