{"jid": "JVASP-7860", "opt_atoms": {"lattice_mat": [[6.507135089163548, -2.2667799881995504e-10, -3.4999445704944046e-10], [-2.2667800310782605e-10, 6.507159622692278, -2.4476075304352984e-05], [-3.499944559694226e-10, -2.4476075301497616e-05, 6.507110829541665]], "coords": [[1.9370591511640074e-09, 1.5177299322677865e-10, -6.146388199065135e-10], [-1.2406419527198703e-09, 3.2535798113756402, -1.2237271652570428e-05], [2.3751412225133587e-09, 3.253567573443662, 3.253543177132266], [-1.2762816469061753e-09, -1.223812114468293e-05, 3.2535554141204974], [3.253567541992236, -1.2237165111617395e-05, 3.2535554142208096], [3.2535675453404185, 3.2535675734250535, 3.2535431760931846], [3.2535675419661256, 3.253579809730066, -1.2237747099100166e-05], [3.2535675456485316, -4.169131813496436e-10, 1.6883106453627618e-10]], "elements": ["Sn", "Te", "Sn", "Te", "Sn", "Te", "Sn", "Te"], "abc": [6.50714, 6.50716, 6.50711], "angles": [90.0004, 90.0, 90.0], "cartesian": true, "props": ["", "", "", "", "", "", "", ""]}, "dft_atoms": {"lattice_mat": [[6.41179, 0.0, 0.0], [0.0, 6.41179, 0.0], [0.0, 0.0, 6.41179]], "coords": [[0.0, 0.0, 0.0], [0.0, 0.5, 0.0], [0.0, 0.5, 0.5], [0.0, 0.0, 0.5], [0.5, 0.0, 0.5], [0.5, 0.5, 0.5], [0.5, 0.5, 0.0], [0.5, 0.0, 0.0]], "elements": ["Sn", "Te", "Sn", "Te", "Sn", "Te", "Sn", "Te"], "abc": [6.41179, 6.41179, 6.41179], "angles": [90.0, 90.0, 90.0], "cartesian": false, "props": ["", "", "", "", "", "", "", ""]}, "energy": -9.26201057434082}