{"jid": "JVASP-1300", "opt_atoms": {"lattice_mat": [[5.275366682536484, -3.6431256036706384e-11, -1.8738547307686536e-05], [-3.643109875526537e-11, 5.275023160179078, -3.224055413138377e-11], [-1.8738547307649507e-05, -3.2239396990122466e-11, 5.2747922818379545]], "coords": [[-6.295840541155719e-09, 5.451077615636612e-09, 5.596946449525799e-09], [2.6376833589248947, 1.0701297639187633e-08, -9.359146616065163e-06], [-9.37790250844795e-06, 2.637511574625934, 2.6373961341332395], [2.6376739843613115, 2.637511569138168, 2.637386763822988], [2.637673978210151, 5.407033836371716e-09, 2.6373867660282873], [-9.386962662447666e-06, 1.0835799217670906e-08, 2.6373961306274767], [2.637683349867028, 2.6375115743948276, -9.362365963567242e-06], [-1.2477161466339505e-08, 2.6375115692230877, 7.801099753774052e-09]], "elements": ["Mg", "S", "Mg", "S", "Mg", "S", "Mg", "S"], "abc": [5.27537, 5.27502, 5.27479], "angles": [90.0, 90.0004, 90.0], "cartesian": true, "props": ["", "", "", "", "", "", "", ""]}, "dft_atoms": {"lattice_mat": [[5.21069, 0.0, 0.0], [0.0, 5.21069, 0.0], [0.0, 0.0, 5.21069]], "coords": [[0.0, 0.0, 0.0], [0.5, 0.0, 0.0], [0.0, 0.5, 0.5], [0.5, 0.5, 0.5], [0.5, 0.0, 0.5], [0.0, 0.0, 0.5], [0.5, 0.5, 0.0], [0.0, 0.5, 0.0]], "elements": ["Mg", "S", "Mg", "S", "Mg", "S", "Mg", "S"], "abc": [5.21069, 5.21069, 5.21069], "angles": [90.0, 90.0, 90.0], "cartesian": false, "props": ["", "", "", "", "", "", "", ""]}, "energy": -18.58896255493164}