{"jid": "JVASP-14603", "opt_atoms": {"lattice_mat": [[1.908, -3.30475, 0.0], [1.908, 3.30475, 0.0], [0.0, 0.0, 10.93842]], "coords": [[1.9079999999999997, 1.1015833333333334, 9.765112708956698], [0.0, 0.0, 8.465587291043303], [0.0, 0.0, 2.4728327089566973], [1.9079999999999997, -1.1015833333333331, 1.1733072910433022], [1.9079999999999997, -1.1015833333333331, 6.118972708956699], [1.9079999999999997, 1.1015833333333334, 4.819447291043302]], "elements": ["As", "As", "As", "As", "As", "As"], "abc": [3.815997, 3.815997, 10.93842], "angles": [90.0, 90.0, 120.0], "cartesian": true, "props": ["", "", "", "", "", ""]}, "dft_atoms": {"lattice_mat": [[1.908, -3.30475, 0.0], [1.908, 3.30475, 0.0], [0.0, 0.0, 10.93842]], "coords": [[0.3333333333333333, 0.6666666666666666, 0.8927352130341217], [0.0, 0.0, 0.7739314536325449], [0.0, 0.0, 0.226068546367455], [0.6666666666666666, 0.3333333333333333, 0.10726478696587827], [0.6666666666666666, 0.33333333333333326, 0.5594018797007885], [0.3333333333333333, 0.6666666666666666, 0.4405981202992115]], "elements": ["As", "As", "As", "As", "As", "As"], "abc": [3.815997, 3.815997, 10.93842], "angles": [90.0, 90.0, 120.0], "cartesian": false, "props": ["", "", "", "", "", ""]}, "energy": -17.69086503982544}