{"jid": "JVASP-63569", "opt_atoms": {"lattice_mat": [[4.99902, 0.0, 0.0], [0.0, 5.11309, 0.0], [0.0, 0.0, 6.15914]], "coords": [[2.49951, 1.748697296204764, 0.0], [0.0, 3.3643927037952355, 3.07957], [2.49951, 4.277839918691431, 1.5714127365997521], [2.49951, 4.277839918691431, 4.5877272634002475], [0.0, 0.8352500813085694, 1.5081572634002478], [0.0, 0.8352500813085694, 4.650982736599752], [0.0, 3.397369917990469, 0.0], [2.49951, 1.7157200820095309, 3.07957]], "elements": ["Er", "Er", "Au", "Au", "Au", "Au", "Au", "Au"], "abc": [4.99902, 5.11309, 6.15914], "angles": [90.0, 90.0, 90.0], "cartesian": true, "props": ["", "", "", "", "", "", "", ""]}, "dft_atoms": {"lattice_mat": [[4.99902, 0.0, 0.0], [0.0, 5.11309, 0.0], [0.0, 0.0, 6.15914]], "coords": [[0.5, 0.34200401248653245, 0.0], [0.0, 0.6579959875134676, 0.5], [0.5, 0.8366447527212372, 0.2551350897365139], [0.5, 0.8366447527212372, 0.7448649102634861], [0.0, 0.16335524727876283, 0.2448649102634861], [0.0, 0.16335524727876283, 0.7551350897365139], [0.0, 0.6644455540564451, 0.0], [0.5, 0.3355544459435549, 0.5]], "elements": ["Er", "Er", "Au", "Au", "Au", "Au", "Au", "Au"], "abc": [4.99902, 5.11309, 6.15914], "angles": [90.0, 90.0, 90.0], "cartesian": false, "props": ["", "", "", "", "", "", "", ""]}, "energy": -13.10399055480957}