{"jid": "JVASP-17864", "opt_atoms": {"lattice_mat": [[4.307107776236429, 0.00020435976143769172, -1.0135653553874937], [0.00020435976143656298, 4.24709608636691, 0.00020310471696871707], [-1.013565355387493, 0.00020310471695847944, 4.306993966111711]], "coords": [[1.647808740177488, 0.0002527645062715845, 1.6479436514879313], [-0.5072037593685248, 2.123645157595788, 2.1541007381666697], [2.1536408574788326, 2.1236449810869495, -0.5063308742400556], [0.005445304169705667, 4.441328196104799e-05, 0.008215560525176609], [1.6435866451539376, 2.1238135574889783, 1.6443953384320973]], "elements": ["Fe", "Fe", "Fe", "Fe", "P"], "abc": [4.424762, 4.2471, 4.424645], "angles": [89.9954, 116.4847, 89.9954], "cartesian": true, "props": ["", "", "", "", ""]}, "dft_atoms": {"lattice_mat": [[4.13253, 0.0, 0.0], [0.0, 4.13253, 0.0], [0.0, 0.0, 4.13253]], "coords": [[0.5, 0.0, 0.5], [0.0, 0.5, 0.5], [0.5, 0.5, 0.0], [0.0, 0.0, 0.0], [0.5, 0.5, 0.5]], "elements": ["Fe", "Fe", "Fe", "Fe", "P"], "abc": [4.13253, 4.13253, 4.13253], "angles": [90.0, 90.0, 90.0], "cartesian": false, "props": ["", "", "", "", ""]}, "energy": -21.2105131149292}