{"jid": "JVASP-79137", "opt_atoms": {"lattice_mat": [[4.132871130579393, 8.56789969082042e-09, -9.27666720458041e-09], [8.567900148097369e-09, 4.132871129845215, -9.329289704195035e-09], [-1.8094533220315828e-08, -1.819716993317851e-08, 8.085772414443724]], "coords": [[-1.9812816564779782e-09, 2.06643556199944, 2.0214431000260533], [2.066435562442198, -2.165373401749892e-09, 2.021443099829598], [2.066435569262908, 2.0664355688940983, -3.3684084926654514e-08], [-5.637001959845736e-10, -5.640826155496774e-10, -5.152509282002409e-11], [2.066435554226623, -1.0314118516393132e-08, 6.064329310749888], [-1.023838137078673e-08, 2.0664355537171732, 6.064329310904398], [-9.468028451246756e-09, -9.471231618233466e-09, 4.042886207349697], [2.0664355614154606, 2.066435560996723, 4.0428861979130915]], "elements": ["Ag", "Ag", "Ag", "Pd", "Ag", "Ag", "Ag", "Pd"], "abc": [4.13287, 4.13287, 8.08577], "angles": [90.0, 90.0, 90.0], "cartesian": true, "props": ["", "", "", "", "", "", "", ""]}, "dft_atoms": {"lattice_mat": [[4.10611, 0.0, 0.0], [0.0, 4.10611, 0.0], [0.0, 0.0, 8.00914]], "coords": [[0.0, 0.5, 0.25], [0.5, 0.0, 0.25], [0.5, 0.5, 0.0], [0.0, 0.0, 0.0], [0.5, 0.0, 0.75], [0.0, 0.5, 0.75], [0.0, 0.0, 0.5], [0.5, 0.5, 0.5]], "elements": ["Ag", "Ag", "Ag", "Pd", "Ag", "Ag", "Ag", "Pd"], "abc": [4.10611, 4.10611, 8.00914], "angles": [90.0, 90.0, 90.0], "cartesian": false, "props": ["", "", "", "", "", "", "", ""]}, "energy": -2.778021812438965}