{"jid": "JVASP-11970", "opt_atoms": {"lattice_mat": [[2.8217113082313223, -3.3474928082809274e-10, 1.5028857381178667e-09], [-3.3474875963860527e-10, 2.815698479978427, 2.381225746727809e-09], [1.5028861628074241e-09, 2.3812377067627094e-09, 2.8217113082313223]], "coords": [[2.7160654024565246e-08, 1.5586773807160823e-08, 2.093624724232944e-08], [1.4108556592372659, 1.4078492532383178, 1.4108556656066855]], "elements": ["Al", "Co"], "abc": [2.82171, 2.8157, 2.82171], "angles": [90.0, 90.0, 90.0], "cartesian": true, "props": ["", ""]}, "dft_atoms": {"lattice_mat": [[2.85368, 0.0, 0.0], [0.0, 2.85368, 0.0], [0.0, 0.0, 2.85368]], "coords": [[0.0, 0.0, 0.0], [0.5, 0.5, 0.5]], "elements": ["Al", "Co"], "abc": [2.85368, 2.85368, 2.85368], "angles": [90.0, 90.0, 90.0], "cartesian": false, "props": ["", ""]}, "energy": -7.880871295928955}