{"jid": "JVASP-93457", "opt_atoms": {"lattice_mat": [[4.513878309857434, 4.0684269216368364e-08, -1.2057850173737789e-09], [4.068426921222976e-08, 4.513878319165634, 4.500304148858576e-10], [-7.809555985975082e-10, 2.914726573095299e-10, 2.8789267139224632]], "coords": [[-7.96588905765958e-09, -8.114561002545621e-09, -2.450748269395526e-08], [2.2569391746611727, 2.2569391798619085, 1.4394633796775316], [1.3769614718534962, 1.3769614743734395, -8.986047262229908e-09], [3.6339006362913935, 0.8799777147101446, 1.4394633643596162], [3.136916893204418, 3.136916899817344, -9.566766196052455e-09], [0.8799777154115415, 3.6339006411543098, 1.439463365263557]], "elements": ["Mn", "Mn", "O", "O", "O", "O"], "abc": [4.51388, 4.51388, 2.87893], "angles": [90.0, 90.0, 90.0], "cartesian": true, "props": ["", "", "", "", "", ""]}, "dft_atoms": {"lattice_mat": [[4.44066, 0.0, 0.0], [0.0, 4.44066, 0.0], [0.0, 0.0, 2.8761]], "coords": [[0.0, 0.0, 0.0], [0.5, 0.5, 0.5], [0.304741553499287, 0.304741553499287, 0.0], [0.804741553499287, 0.195258446500713, 0.5], [0.695258446500713, 0.695258446500713, 0.0], [0.195258446500713, 0.804741553499287, 0.5]], "elements": ["Mn", "Mn", "O", "O", "O", "O"], "abc": [4.44066, 4.44066, 2.8761], "angles": [90.0, 90.0, 90.0], "cartesian": false, "props": ["", "", "", "", "", ""]}, "energy": -34.80345439910889}