{"jid": "JVASP-1954", "opt_atoms": {"lattice_mat": [[5.54700264234659, 2.1551355940656354e-12, -2.4606300444898056e-12], [2.1551355940656354e-12, 5.547002641020528, 2.6710232678230873e-13], [-2.4606300444898056e-12, 2.6710232678230873e-13, 5.547002641020528]], "coords": [[0.0, 0.0, 0.0], [2.773501321173295, 1.0775677970328177e-12, -1.2303150222449028e-12], [-1.5274722521208513e-13, 2.7735013205103978, 2.7735013205103978], [2.7735013211731423, 2.773501320511475, 2.773501320509167], [2.773501321172065, 1.211118960423972e-12, 2.773501320509034], [-1.2303150222449028e-12, 1.3355116339115437e-13, 2.773501320510264], [2.7735013211743724, 2.7735013205113415, -1.0967638588537486e-12], [1.0775677970328177e-12, 2.773501320510264, 1.3355116339115437e-13]], "elements": ["Ag", "Cl", "Ag", "Cl", "Ag", "Cl", "Ag", "Cl"], "abc": [5.547, 5.547, 5.547], "angles": [90.0, 90.0, 90.0], "cartesian": true, "props": ["", "", "", "", "", "", "", ""]}, "dft_atoms": {"lattice_mat": [[5.55437, 0.0, 0.0], [0.0, 5.55437, 0.0], [0.0, 0.0, 5.55437]], "coords": [[0.0, 0.0, 0.0], [0.5, 0.0, 0.0], [0.0, 0.5, 0.5], [0.5, 0.5, 0.5], [0.5, 0.0, 0.5], [0.0, 0.0, 0.5], [0.5, 0.5, 0.0], [0.0, 0.5, 0.0]], "elements": ["Ag", "Cl", "Ag", "Cl", "Ag", "Cl", "Ag", "Cl"], "abc": [5.55437, 5.55437, 5.55437], "angles": [90.0, 90.0, 90.0], "cartesian": false, "props": ["", "", "", "", "", "", "", ""]}, "energy": -3.0535545349121094}