{"jid": "JVASP-25114", "opt_atoms": {"lattice_mat": [[6.55077, 0.0, 0.0], [0.0, 6.55077, 0.0], [0.0, 0.0, 6.55077]], "coords": [[0.0, 0.0, 0.0], [0.0, 3.275385, 3.275385], [3.275385, 0.0, 3.275385], [3.275385, 3.275385, 0.0]], "elements": ["K", "K", "K", "K"], "abc": [6.55077, 6.55077, 6.55077], "angles": [90.0, 90.0, 90.0], "cartesian": true, "props": ["", "", "", ""]}, "dft_atoms": {"lattice_mat": [[6.55077, 0.0, 0.0], [0.0, 6.55077, 0.0], [0.0, 0.0, 6.55077]], "coords": [[0.0, 0.0, 0.0], [0.0, 0.5, 0.5], [0.5, 0.0, 0.5], [0.5, 0.5, 0.0]], "elements": ["K", "K", "K", "K"], "abc": [6.55077, 6.55077, 6.55077], "angles": [90.0, 90.0, 90.0], "cartesian": false, "props": ["", "", "", ""]}, "energy": 5.064121246337891}