{"jid": "JVASP-961", "opt_atoms": {"lattice_mat": [[5.01309, 0.0, 0.0], [0.0, 5.01309, 0.0], [0.0, 0.0, 5.01309]], "coords": [[0.0, 2.506545, 0.0], [0.0, 0.0, 2.506545], [2.506545, 2.506545, 2.506545], [2.506545, 0.0, 0.0]], "elements": ["Pb", "Pb", "Pb", "Pb"], "abc": [5.01309, 5.01309, 5.01309], "angles": [90.0, 90.0, 90.0], "cartesian": true, "props": ["", "", "", ""]}, "dft_atoms": {"lattice_mat": [[5.01309, 0.0, 0.0], [0.0, 5.01309, 0.0], [0.0, 0.0, 5.01309]], "coords": [[0.0, 0.5, 0.0], [0.0, 0.0, 0.5], [0.5, 0.5, 0.5], [0.5, 0.0, 0.0]], "elements": ["Pb", "Pb", "Pb", "Pb"], "abc": [5.01309, 5.01309, 5.01309], "angles": [90.0, 90.0, 90.0], "cartesian": false, "props": ["", "", "", ""]}, "energy": -1.1641435623168945}