{"jid": "JVASP-25213", "opt_atoms": {"lattice_mat": [[2.0033955377869423, -3.4699806789197947, -6.131636338721845e-09], [2.0033955377412607, 3.469980678893418, 6.148829988688364e-09], [2.803454947727726e-11, 1.1561004411769149e-08, 6.534674668320283]], "coords": [[2.0033955377634975, 1.1566602328955566, 1.6336686627505186], [2.0033955377927417, -1.1566602212387287, 4.901006005451655]], "elements": ["Kr", "Kr"], "abc": [4.006791, 4.006791, 6.53467], "angles": [90.0, 90.0, 119.9998], "cartesian": true, "props": ["", ""]}, "dft_atoms": {"lattice_mat": [[1.98589, -3.43966, 0.0], [1.98589, 3.43966, 0.0], [0.0, 0.0, 6.47629]], "coords": [[0.3333333333333333, 0.6666666666666666, 0.25], [0.6666666666666667, 0.33333333333333337, 0.75]], "elements": ["Kr", "Kr"], "abc": [3.971778, 3.971778, 6.47629], "angles": [90.0, 90.0, 120.0], "cartesian": false, "props": ["", ""]}, "energy": 3.969916820526123}