{"jid": "JVASP-867", "opt_atoms": {"lattice_mat": [[3.676350105906409, 1.7227263882719007e-10, 8.80008630035824e-11], [1.722722344686454e-10, 3.6763501059064105, 3.9209933863422e-10], [8.800095797943451e-11, 3.920987367721342e-10, 3.6763501059064123]], "coords": [[-2.1147787346307224e-08, -2.1106514300966958e-08, -2.116258036415758e-08], [-2.1131455230700542e-08, 1.8381750743243213, 1.8381750743703706], [1.8381750742524874, -2.0973088718766788e-08, 1.8381750742729754], [1.8381750742302712, 1.8381750742469225, -2.0947053528401426e-08]], "elements": ["Cu", "Cu", "Cu", "Cu"], "abc": [3.67635, 3.67635, 3.67635], "angles": [90.0, 90.0, 90.0], "cartesian": true, "props": ["", "", "", ""]}, "dft_atoms": {"lattice_mat": [[3.62621, 0.0, 0.0], [0.0, 3.62621, 0.0], [0.0, 0.0, 3.62621]], "coords": [[0.0, 0.0, 0.0], [0.0, 0.5, 0.5], [0.5, 0.0, 0.5], [0.5, 0.5, 0.0]], "elements": ["Cu", "Cu", "Cu", "Cu"], "abc": [3.62621, 3.62621, 3.62621], "angles": [90.0, 90.0, 90.0], "cartesian": false, "props": ["", "", "", ""]}, "energy": 2.306324005126953}