{"jid": "JVASP-25117", "opt_atoms": {"lattice_mat": [[1.5874864367865842, -2.7496061320632266, 1.5639115881422226e-08], [1.5874864357195484, 2.7496061314471705, -9.846954356247776e-09], [4.25971688974641e-08, -1.0821372152952795e-07, 23.339014332159856]], "coords": [[1.5874864361468504, -0.9165353929474582, 2.5933075312517233], [1.446752935606788e-08, -2.0635109846910654e-08, 5.18636391987285], [4.726057289568631e-09, -7.107519943155853e-10, 1.57232727099973e-08], [1.5874864550074532, 0.91653532961823, 10.372978966127654], [1.5874864600958465, -0.9165354383171227, 12.966035373477403], [1.5874864484557987, -0.916535415178995, 7.779671451736536], [3.805374607592399e-08, -8.723568418622556e-08, 18.152650412007024], [1.5874864688673382, 0.9165352848911087, 20.74570678992007], [1.5874864621000229, 0.916535306091852, 15.559342886216085]], "elements": ["Li", "Li", "Li", "Li", "Li", "Li", "Li", "Li", "Li"], "abc": [3.174977, 3.174977, 23.33901], "angles": [90.0, 90.0, 119.9999], "cartesian": true, "props": ["", "", "", "", "", "", "", "", ""]}, "dft_atoms": {"lattice_mat": [[1.51689, -2.62733, 0.0], [1.51689, 2.62733, 0.0], [0.0, 0.0, 22.31126]], "coords": [[0.6666666666666666, 0.3333333333333333, 0.111114885817313], [0.0, 0.0, 0.22221844751602032], [0.0, 0.0, 0.0], [0.33333333333333326, 0.6666666666666666, 0.4444482191506463], [0.6666666666666666, 0.3333333333333333, 0.5555517808493536], [0.6666666666666666, 0.3333333333333333, 0.3333333333333333], [0.0, 0.0, 0.7777815524839796], [0.3333333333333333, 0.6666666666666666, 0.888885114182687], [0.3333333333333333, 0.6666666666666666, 0.6666666666666666]], "elements": ["Li", "Li", "Li", "Li", "Li", "Li", "Li", "Li", "Li"], "abc": [3.03378, 3.03378, 22.31126], "angles": [90.0, 90.0, 120.0], "cartesian": false, "props": ["", "", "", "", "", "", "", "", ""]}, "energy": -8.878889679908752}