{"jid": "JVASP-943", "opt_atoms": {"lattice_mat": [[3.569464713912599, 3.4579177807241235e-10, 2.64560442357819e-10], [3.4579181532330656e-10, 3.569464712240531, -5.621777768362664e-10], [2.645602332173975e-10, -5.621801269898379e-10, 3.5694647174756975]], "coords": [[3.200781527745085e-08, 3.1998831932861065e-08, 3.19872597013036e-08], [3.2395610606003114e-08, 1.7847323237998793, 1.7847323264154835], [1.78473232511196, 3.1918672670723546e-08, 1.7847323269059656], [1.7847323252794831, 1.7847323245290063, 3.173843976656906e-08]], "elements": ["Ni", "Ni", "Ni", "Ni"], "abc": [3.56946, 3.56946, 3.56946], "angles": [90.0, 90.0, 90.0], "cartesian": true, "props": ["", "", "", ""]}, "dft_atoms": {"lattice_mat": [[3.51199, 0.0, 0.0], [0.0, 3.51199, 0.0], [0.0, 0.0, 3.51199]], "coords": [[0.0, 0.0, 0.0], [0.0, 0.5, 0.5], [0.5, 0.0, 0.5], [0.5, 0.5, 0.0]], "elements": ["Ni", "Ni", "Ni", "Ni"], "abc": [3.51199, 3.51199, 3.51199], "angles": [90.0, 90.0, 90.0], "cartesian": false, "props": ["", "", "", ""]}, "energy": -5.3791046142578125}