{"jid": "JVASP-25379", "opt_atoms": {"lattice_mat": [[4.78257, 0.0, 0.0], [0.0, 4.88096, 0.0], [0.0, 0.0, 4.13071]], "coords": [[2.6371367190679176, 2.44048, 0.28381979006175617], [0.24585171906791792, 2.44048, 1.7815352099382435], [4.536718280932082, 2.44048, 2.349174790061756], [2.145433280932082, 2.44048, 3.8468902099382434], [0.24585171906791792, 0.0, 0.28381979006175617], [2.6371367190679176, 0.0, 1.7815352099382435], [2.145433280932082, 0.0, 2.349174790061756], [4.536718280932082, 0.0, 3.8468902099382434]], "elements": ["H", "H", "H", "H", "H", "H", "H", "H"], "abc": [4.78257, 4.88096, 4.13071], "angles": [90.0, 90.0, 90.0], "cartesian": true, "props": ["", "", "", "", "", "", "", ""]}, "dft_atoms": {"lattice_mat": [[4.78257, 0.0, 0.0], [0.0, 4.88096, 0.0], [0.0, 0.0, 4.13071]], "coords": [[0.5514057753609289, 0.5, 0.0687096867274043], [0.05140577536092894, 0.5, 0.4312903132725957], [0.9485942246390711, 0.5, 0.5687096867274043], [0.44859422463907106, 0.5, 0.9312903132725957], [0.05140577536092894, 0.0, 0.0687096867274043], [0.5514057753609289, 0.0, 0.4312903132725957], [0.44859422463907106, 0.0, 0.5687096867274043], [0.9485942246390711, 0.0, 0.9312903132725957]], "elements": ["H", "H", "H", "H", "H", "H", "H", "H"], "abc": [4.78257, 4.88096, 4.13071], "angles": [90.0, 90.0, 90.0], "cartesian": false, "props": ["", "", "", "", "", "", "", ""]}, "energy": -28.090747833251953}