{"jid": "JVASP-105710", "opt_atoms": {"lattice_mat": [[2.8105851284673546, -0.002444148387727843, 0.014917125222943408], [-0.0033938389740433327, 4.37597157562422, -0.006250442852925707], [0.02368939599992508, -0.007148517381443916, 4.504300284970796]], "coords": [[1.4036593181563368, 2.186735894300017, 0.004353229917749717], [0.011816826772623256, -0.003626526309969155, 2.252173902401068], [1.4168687425213273, 1.114878506455352, 1.586958322417396], [0.022274241783246305, 1.0607450576215676, 3.833588608474021], [1.413722349569747, 3.2507791349200676, 2.925775883539925], [-0.001573406276657202, 3.3072888180076214, 0.6648555465342291]], "elements": ["Al", "Al", "O", "O", "O", "O"], "abc": [2.810631, 4.375976, 4.504368], "angles": [90.173, 89.3944, 90.0946], "cartesian": true, "props": ["", "", "", "", "", ""]}, "dft_atoms": {"lattice_mat": [[2.89955, 0.0, 0.0], [0.0, 4.02619, 0.0], [0.0, 0.0, 4.60468]], "coords": [[0.5, 0.5, 0.0], [0.0, 0.0, 0.5], [0.5, 0.2669658622899853, 0.3562644713247896], [0.0, 0.2330341377100147, 0.8562644713247896], [0.5, 0.7330341377100147, 0.6437355286752104], [0.0, 0.7669658622899853, 0.1437355286752104]], "elements": ["Al", "Al", "O", "O", "O", "O"], "abc": [2.89955, 4.02619, 4.60468], "angles": [90.0, 90.0, 90.0], "cartesian": false, "props": ["", "", "", "", "", ""]}, "energy": -32.424336433410645}