{"jid": "JVASP-1183", "opt_atoms": {"lattice_mat": [[5.86823794614316, -0.0025130977103644137, -0.002311633055427476], [-0.002513097710364068, 5.86623653932521, -0.0002981150349197462], [-0.002311633055427284, -0.00029811503491842156, 5.865994551126321]], "coords": [[-1.404038282619374e-05, -1.425882900382118e-05, 2.7329759385489324e-05], [1.4657997907286566, 1.4657995350349886, 1.465802659889908], [-0.0024125700690530182, 2.93298718940548, 2.9328303738225694], [1.4633754612239849, 4.398889135808464, 4.398759803525057], [2.932972713826487, -0.0014060272023442464, 2.931832002538991], [4.39887764188958, 1.4643889560385566, 4.397747559784127], [2.932862531280514, 2.9318618281594917, -0.0013052309031532383], [4.398781812173774, 4.397781532438392, 1.4644752754371393]], "elements": ["In", "P", "In", "P", "In", "P", "In", "P"], "abc": [5.868241, 5.866241, 5.86599], "angles": [90.0059, 90.0451, 90.049], "cartesian": true, "props": ["", "", "", "", "", "", "", ""]}, "dft_atoms": {"lattice_mat": [[5.95517, 0.0, 0.0], [0.0, 5.95517, 0.0], [0.0, 0.0, 5.95517]], "coords": [[0.0, 0.0, 0.0], [0.25, 0.25, 0.25], [0.0, 0.5, 0.5], [0.25, 0.75, 0.75], [0.5, 0.0, 0.5], [0.75, 0.25, 0.75], [0.5, 0.5, 0.0], [0.75, 0.75, 0.25]], "elements": ["In", "P", "In", "P", "In", "P", "In", "P"], "abc": [5.95517, 5.95517, 5.95517], "angles": [90.0, 90.0, 90.0], "cartesian": false, "props": ["", "", "", "", "", "", "", ""]}, "energy": -15.505244255065918}