{"jid": "JVASP-13988", "opt_atoms": {"lattice_mat": [[4.122235194302097, -8.639787901483232e-12, -1.634571348957428e-11], [-8.639787901483234e-12, 4.122235191461369, -2.5483391584840514e-12], [-1.1543436388749892e-11, -1.7996516941082894e-12, 2.91135995793425]], "coords": [[-9.800432200798532e-12, 2.061117595729785, 1.455679978965851], [2.0611175971464415, -4.928539853680108e-12, 1.4556799789577874], [0.0, 0.0, 0.0]], "elements": ["Al", "Al", "Cu"], "abc": [4.12224, 4.12224, 2.91136], "angles": [90.0, 90.0, 90.0], "cartesian": true, "props": ["", "", ""]}, "dft_atoms": {"lattice_mat": [[4.12023, 0.0, 0.0], [0.0, 4.12023, 0.0], [0.0, 0.0, 2.90973]], "coords": [[0.0, 0.5, 0.5], [0.5, 0.0, 0.5], [0.0, 0.0, 0.0]], "elements": ["Al", "Al", "Cu"], "abc": [4.12023, 4.12023, 2.90973], "angles": [90.0, 90.0, 90.0], "cartesian": false, "props": ["", "", ""]}, "energy": -4.5386738777160645}