{"jid": "JVASP-25248", "opt_atoms": {"lattice_mat": [[2.21292663679087, -3.832894455079545, 2.7175863082401735e-08], [2.212926636455413, 3.8328944548858677, -2.7134703431557376e-08], [6.717848120957545e-11, -5.1177984128139374e-08, 7.225187235526833]], "coords": [[2.212926636584024, 1.277631501869865, 1.8062968313543943], [2.212926636729435, -1.2776315531672975, 5.418890404243258]], "elements": ["Xe", "Xe"], "abc": [4.425845, 4.425845, 7.22519], "angles": [90.0, 90.0, 119.9998], "cartesian": true, "props": ["", ""]}, "dft_atoms": {"lattice_mat": [[2.17176, -3.76159, 0.0], [2.17176, 3.76159, 0.0], [0.0, 0.0, 7.08925]], "coords": [[0.3333333333333333, 0.6666666666666666, 0.25], [0.6666666666666667, 0.33333333333333337, 0.75]], "elements": ["Xe", "Xe"], "abc": [4.343512, 4.343512, 7.08925], "angles": [90.0, 90.0, 119.9999], "cartesian": false, "props": ["", ""]}, "energy": 4.825228691101074}