{"jid": "JVASP-922", "opt_atoms": {"lattice_mat": [[8.549315975487332, 4.901711723629694e-10, 1.6173247742799912e-10], [4.901711723629696e-10, 8.549315977353555, 9.156546128724036e-10], [1.6173247742799914e-10, 9.156546128724037e-10, 8.549407702664801]], "coords": [[-9.739897557038107e-23, -1.890737404461979e-12, 5.817715967758299e-13], [5.034861953139775, 5.034861955011621, 6.680930563886136], [0.7602039657258338, 7.7891120129085785, 6.143180991597596], [6.1431153971758805, 7.789109328279869, 0.7602148066885348], [1.8684570720538303, 5.034861740547664, 3.5144919441444364], [2.4062009166322196, 7.789112226915407, 7.789195795758746], [7.7891120109915475, 7.7891120127208335, 2.406226712897935], [7.789112010428699, 0.7602039663060299, 6.143180990982478], [5.034864637251379, 1.8684574100381186, 3.5144890458963682], [7.789112224648661, 6.143115061314147, 0.7602119085523823], [0.7602037513682935, 2.4062009166906813, 0.7602119080300143], [1.2261433724843716, 4.601671456502686, 1.2261565282471485], [4.60167145583345, 7.323172605926254, 7.323251175798831], [2.406200578830748, 0.7602066497147713, 0.7602148058519372], [7.323172603468069, 7.323172605683182, 4.601720827009799], [8.222302508346464, 5.500801361947117, 3.0485473243430867], [3.9476447041575287, 7.323172564495592, 1.2261565691145773], [4.601671271854147, 1.2261434136145613, 1.2261565684785958], [5.500801360597385, 5.50080136161639, 0.3270169754099269], [1.2261433728140625, 7.323172605049038, 3.94768687740227], [7.3231726035294855, 3.9476445216269567, 1.2261565283020408], [5.500801401218399, 8.22230269390591, 3.048547284059346], [7.323172562944353, 4.601671274000765, 7.3232511350403335], [1.5507728361701458, 6.998542473907623, 1.5507894751729023], [6.998543139898027, 1.5507735042298902, 1.5507894746599111], [5.825431491484633, 5.8254308253741796, 2.7239143776783385], [6.998542472678345, 6.9985431424414335, 6.998618229169629], [7.3231726033094535, 1.2261433736436385, 3.94768687688322], [7.789109326448429, 2.406200580580702, 7.789192897350393], [4.274657988068163, 4.2746579893796905, 4.274703851870804], [0.7602039650548136, 0.7602039656156959, 2.406226712012641], [5.034861953090061, 3.514454024072909, 1.8684771398799713], [1.8684574092608695, 3.51445133986092, 5.034918657438028], [6.143115059639459, 0.7602037525863803, 7.789195795087823], [6.680858904055294, 3.5144542380542396, 3.5144919440765765], [3.514454023087481, 3.514454024262453, 6.680930563694315], [3.5144540229283554, 5.034861954201574, 1.8684771400177302], [0.7602066498191217, 6.1431153989306555, 7.789192897621438], [3.5144542367384988, 1.8684570728472036, 5.034915759347167], [5.034861739482925, 6.6808589060705525, 5.034915759945251], [5.500801360072544, 0.32701346852940394, 5.500860379210734], [0.32701346774754314, 3.048514616538418, 3.048547323919735], [6.680858566901255, 5.034864639117441, 5.0349186577451395], [3.0485146153903067, 3.048514616293747, 0.3270169751259053], [3.947644520443233, 1.2261433734995164, 7.323251175120359], [8.222302691730576, 3.04851457652129, 5.500860420070599], [0.32701328441316335, 5.500801402504371, 5.500860420189268], [1.226143372692701, 1.2261433731559908, 4.601720826224578], [5.500801360399036, 3.048514617071101, 8.222390728364108], [3.0485146161071177, 8.222302510529271, 5.500860380016203], [1.2261434133183693, 3.947644705429077, 7.323251134845199], [3.04851457486528, 0.3270132846123477, 3.048547283160075], [5.825430823764137, 2.7238844859186324, 5.8254933261411415], [2.723885152450063, 5.825431493154897, 5.825493326399526], [1.550773503580819, 1.5507728369147964, 6.9986182284668095], [2.7238844845726593, 2.723885153034402, 2.723914377268865], [3.0485146158904306, 5.500801362534467, 8.222390728600725], [3.5144513388663645, 6.680858568555257, 3.514489046390299]], "elements": ["Mn", "Mn", "Mn", "Mn", "Mn", "Mn", "Mn", "Mn", "Mn", "Mn", "Mn", "Mn", "Mn", "Mn", "Mn", "Mn", "Mn", "Mn", "Mn", "Mn", "Mn", "Mn", "Mn", "Mn", "Mn", "Mn", "Mn", "Mn", "Mn", "Mn", "Mn", "Mn", "Mn", "Mn", "Mn", "Mn", "Mn", "Mn", "Mn", "Mn", "Mn", "Mn", "Mn", "Mn", "Mn", "Mn", "Mn", "Mn", "Mn", "Mn", "Mn", "Mn", "Mn", "Mn", "Mn", "Mn", "Mn", "Mn"], "abc": [8.54932, 8.54932, 8.54941], "angles": [90.0, 90.0, 90.0], "cartesian": true, "props": ["", "", "", "", "", "", "", "", "", "", "", "", "", "", "", "", "", "", "", "", "", "", "", "", "", "", "", "", "", "", "", "", "", "", "", "", "", "", "", "", "", "", "", "", "", "", "", "", "", "", "", "", "", "", "", "", "", ""]}, "dft_atoms": {"lattice_mat": [[8.55389, 0.0, 0.0], [0.0, 8.55389, 0.0], [0.0, 0.0, 8.55389]],