{"jid": "JVASP-93342", "opt_atoms": {"lattice_mat": [[4.46696, 0.0, 0.0], [0.0, 4.46696, 0.0], [0.0, 0.0, 2.918]], "coords": [[2.23348, 2.23348, 1.459], [0.0, 0.0, 0.0], [0.8658650801859276, 3.6010949198140727, 1.459], [3.6010949198140727, 0.8658650801859278, 1.459], [1.3676149198140723, 1.3676149198140726, 0.0], [3.0993450801859277, 3.0993450801859277, 0.0]], "elements": ["Ge", "Ge", "O", "O", "O", "O"], "abc": [4.46696, 4.46696, 2.918], "angles": [90.0, 90.0, 90.0], "cartesian": true, "props": ["", "", "", "", "", ""]}, "dft_atoms": {"lattice_mat": [[4.46696, 0.0, 0.0], [0.0, 4.46696, 0.0], [0.0, 0.0, 2.918]], "coords": [[0.5, 0.5, 0.5], [0.0, 0.0, 0.0], [0.19383766144893338, 0.8061623385510666, 0.5], [0.8061623385510666, 0.19383766144893344, 0.5], [0.30616233855106656, 0.3061623385510666, 0.0], [0.6938376614489334, 0.6938376614489334, 0.0]], "elements": ["Ge", "Ge", "O", "O", "O", "O"], "abc": [4.46696, 4.46696, 2.918], "angles": [90.0, 90.0, 90.0], "cartesian": false, "props": ["", "", "", "", "", ""]}, "energy": -25.37941074371338}