{"jid": "JVASP-7631", "opt_atoms": {"lattice_mat": [[3.085533507958098, 3.246029428760349e-08, -1.283967296393363e-09], [5.3934112735746755e-08, 5.085236839421176, 2.622955213864015e-07], [-2.3819899551562257e-09, 2.9286384038813156e-07, 5.564293979817055]], "coords": [[0.7713833967079275, 2.5391617938148574, 1.6569798187149831], [2.3141501629405585, 2.5460753699042615, 3.907314421696039], [2.3141501360987395, 0.003456939714459348, 4.439126637781393], [0.7713834233611501, 5.0817802205987785, 1.1251676042079264], [0.7713834124435492, 3.5324051526463514, 5.173845231928826], [2.314150147070592, 1.552832012668494, 0.39044900777933594], [2.314150172423016, 4.095450502251468, 2.3916982826278783], [0.7713833871072893, 0.9897866597416, 3.172595957652285]], "elements": ["Fe", "Fe", "Fe", "Fe", "P", "P", "P", "P"], "abc": [3.08553, 5.08524, 5.56429], "angles": [90.0, 90.0, 90.0], "cartesian": true, "props": ["", "", "", "", "", "", "", ""]}, "dft_atoms": {"lattice_mat": [[3.10274, 0.0, 0.0], [0.0, 5.15533, 0.0], [0.0, 0.0, 5.75614]], "coords": [[0.25, 0.49973767931472957, 0.29788544745885404], [0.75, 0.5002623206852704, 0.702114552541146], [0.75, 0.00026232068527043406, 0.797885447458854], [0.25, 0.9997376793147296, 0.20211455254114596], [0.25, 0.6935756256997055, 0.9299882334182275], [0.75, 0.30642437430029446, 0.07001176658177255], [0.75, 0.8064243743002945, 0.42998823341822745], [0.25, 0.19357562569970543, 0.5700117665817725]], "elements": ["Fe", "Fe", "Fe", "Fe", "P", "P", "P", "P"], "abc": [3.10274, 5.15533, 5.75614], "angles": [90.0, 90.0, 90.0], "cartesian": false, "props": ["", "", "", "", "", "", "", ""]}, "energy": -38.697601318359375}