{"jid": "JVASP-898", "opt_atoms": {"lattice_mat": [[3.29467, 0.0, 0.0], [0.0, 3.29467, 0.0], [0.0, 0.0, 5.07024]], "coords": [[1.647335, 1.647335, 2.53512], [0.0, 0.0, 0.0]], "elements": ["In", "In"], "abc": [3.29467, 3.29467, 5.07024], "angles": [90.0, 90.0, 90.0], "cartesian": true, "props": ["", ""]}, "dft_atoms": {"lattice_mat": [[3.29467, 0.0, 0.0], [0.0, 3.29467, 0.0], [0.0, 0.0, 5.07024]], "coords": [[0.5, 0.5, 0.5], [0.0, 0.0, 0.0]], "elements": ["In", "In"], "abc": [3.29467, 3.29467, 5.07024], "angles": [90.0, 90.0, 90.0], "cartesian": false, "props": ["", ""]}, "energy": 1.2276058197021484}