{"jid": "JVASP-101250", "opt_atoms": {"lattice_mat": [[1.350552532140615, -2.339651761914451, -0.00010578150909595374], [1.3507271016314406, 2.339752549671848, 0.00017406776641515752], [0.000344791795160168, 0.0008158066412926704, 13.954348351665894]], "coords": [[8.751444998320323e-07, 1.711579986595123e-07, -4.1396944569397716e-05], [1.3509258382583853, -0.7791061581046582, 12.941158765965897], [1.3508690527712068, -0.7792426430463032, 10.312699269572784], [1.3507251644981526, -0.7795785411402002, 4.651421622258206], [1.350753173413407, 0.7801584812210959, 3.642589225264135], [1.3506974734753212, 0.7800169263853954, 1.01101825324988], [1.3508982511721221, 0.7804951740675802, 9.303056495228269], [0.00020160552696609906, 0.00048083538303944965, 8.295013305618257], [0.00014458177283338904, 0.0003354962499207821, 5.659486042668395]], "elements": ["Mn", "O", "O", "Mn", "O", "O", "Mn", "O", "O"], "abc": [2.701471, 2.701648, 13.95435], "angles": [89.9928, 90.0046, 120.0069], "cartesian": true, "props": ["", "", "", "", "", "", "", "", ""]}, "dft_atoms": {"lattice_mat": [[1.43542, -2.48622, 0.0], [1.43542, 2.48622, 0.0], [0.0, 0.0, 14.49548]], "coords": [[0.0, 0.0, 0.0], [0.6666666666666666, 0.3333333333333333, 0.9338967919497286], [0.6666666666666667, 0.3333333333333333, 0.732769874716938], [0.6666666666666666, 0.3333333333333333, 0.3333333333333333], [0.33333333333333326, 0.6666666666666666, 0.267230125283062], [0.3333333333333335, 0.6666666666666666, 0.06610320805027126], [0.3333333333333333, 0.6666666666666666, 0.6666666666666666], [0.0, 0.0, 0.6005634586163953], [0.0, 0.0, 0.39943654138360474]], "elements": ["Mn", "O", "O", "Mn", "O", "O", "Mn", "O", "O"], "abc": [2.87084, 2.87084, 14.49548], "angles": [90.0, 90.0, 120.0], "cartesian": false, "props": ["", "", "", "", "", "", "", "", ""]}, "energy": -50.938766956329346}