{"jid": "JVASP-92452", "opt_atoms": {"lattice_mat": [[1.7433112348749138, -3.020220701596933, -0.004319338910949013], [1.743463424161359, 3.0203085681496735, -0.0032604669985999996], [-0.01131435242051223, 0.000912545555041302, 3.5440978631123286]], "coords": [[4.928395692163819e-05, -4.590386829755295e-05, 0.00013642355269545715], [1.7441462164908084, -1.0071011705911646, 0.40898961562370434], [1.731412219858871, 1.0079916447229302, 3.129695650951288]], "elements": ["Co", "O", "O"], "abc": [3.487245, 3.487397, 3.544118], "angles": [90.1322, 90.1751, 120.0103], "cartesian": true, "props": ["", "", ""]}, "dft_atoms": {"lattice_mat": [[1.41172, -2.44517, 0.0], [1.41172, 2.44517, 0.0], [0.0, 0.0, 4.21454]], "coords": [[0.0, 0.0, 0.0], [0.6666666666666666, 0.3333333333333333, 0.22034212301685108], [0.33333333333333337, 0.6666666666666667, 0.7796578769831489]], "elements": ["Co", "O", "O"], "abc": [2.823439, 2.823439, 4.21454], "angles": [90.0, 90.0, 120.0], "cartesian": false, "props": ["", "", ""]}, "energy": -16.117751598358154}