{"jid": "JVASP-890", "opt_atoms": {"lattice_mat": [[5.771942642937617, 0.00033086564262475583, 0.00019717149538575753], [0.000330865642625882, 5.772143713644051, 0.0002643254592158304], [0.00019717149538636883, 0.00026432545921613727, 5.772009255993579]], "coords": [[2.8862412530869266, 2.8863713889320946, 2.886227501795839], [4.329351024433246, 4.329548318082238, 4.329360941003347], [2.885977322597204, 0.00015745072211313077, 0.00010855084845345845], [4.329082992690942, 1.443358139149827, 1.4432063070364742], [0.00015763028574746128, 2.886075720693078, 0.00013605872991470435], [1.443290903338055, 4.329252720896891, 1.4432459536673121], [9.44904354969731e-05, 0.00013425503186584341, 2.8859985091016416], [1.4432162438134055, 1.4433189003672628, 4.3291284370618435]], "elements": ["Ge", "Ge", "Ge", "Ge", "Ge", "Ge", "Ge", "Ge"], "abc": [5.77194, 5.77214, 5.77201], "angles": [89.9948, 89.996, 89.9934], "cartesian": true, "props": ["", "", "", "", "", "", "", ""]}, "dft_atoms": {"lattice_mat": [[5.75825, 0.0, 0.0], [0.0, 5.75825, 0.0], [0.0, 0.0, 5.75825]], "coords": [[0.5, 0.5, 0.5], [0.75, 0.75, 0.75], [0.5, 0.0, 0.0], [0.75, 0.25, 0.25], [0.0, 0.5, 0.0], [0.25, 0.75, 0.25], [0.0, 0.0, 0.5], [0.25, 0.25, 0.75]], "elements": ["Ge", "Ge", "Ge", "Ge", "Ge", "Ge", "Ge", "Ge"], "abc": [5.75825, 5.75825, 5.75825], "angles": [90.0, 90.0, 90.0], "cartesian": false, "props": ["", "", "", "", "", "", "", ""]}, "energy": -8.708161354064941}