{"jid": "JVASP-901", "opt_atoms": {"lattice_mat": [[3.8856205581643306, -3.091750450779173e-12, -7.615208443486001e-12], [-3.0917504507791725e-12, 3.8856205581643306, -1.4317072462313702e-12], [-7.615208443486003e-12, -1.4317072462313702e-12, 3.8856205581643306]], "coords": [[0.0, 0.0, 0.0], [-5.353479447132588e-12, 1.9428102790814494, 1.9428102790814494], [1.9428102790783577, -2.2617288485052713e-12, 1.9428102790783577], [1.9428102790806194, 1.9428102790806194, -4.523457844858686e-12]], "elements": ["Ir", "Ir", "Ir", "Ir"], "abc": [3.88562, 3.88562, 3.88562], "angles": [90.0, 90.0, 90.0], "cartesian": true, "props": ["", "", "", ""]}, "dft_atoms": {"lattice_mat": [[3.88352, 0.0, 0.0], [0.0, 3.88352, 0.0], [0.0, 0.0, 3.88352]], "coords": [[0.0, 0.0, 0.0], [0.0, 0.5, 0.5], [0.5, 0.0, 0.5], [0.5, 0.5, 0.0]], "elements": ["Ir", "Ir", "Ir", "Ir"], "abc": [3.88352, 3.88352, 3.88352], "angles": [90.0, 90.0, 90.0], "cartesian": false, "props": ["", "", "", ""]}, "energy": -24.611982345581055}