{"jid": "JVASP-96", "opt_atoms": {"lattice_mat": [[5.752378936966741, -0.00020119288466699474, -1.6548323115699067e-07], [-0.0002011928846704044, 5.751287420541909, 5.990844952754248e-05], [-1.6548322812502728e-07, 5.990844952793032e-05, 5.752176043179925]], "coords": [[1.5763517673747908e-05, -1.6251509074141742e-05, -1.0517421411038505e-05], [4.314250824005184, 1.437682832390941, 4.31415400457011], [-9.286756795072554e-05, 2.8756819931100392, 2.8761266282987585], [4.314150308655332, 4.313351736651937, 1.4380812474375495], [2.8761813283148485, -7.437217991282924e-05, 2.876092001750969], [1.4380289873271705, 1.4377755585372982, 1.438042566780497], [2.876073261120803, 2.875553216125739, 2.5140238333701553e-05], [1.437928312225896, 4.313482127247451, 4.3141928266920075]], "elements": ["Zn", "Se", "Zn", "Se", "Zn", "Se", "Zn", "Se"], "abc": [5.75238, 5.75129, 5.75218], "angles": [89.9988, 90.0, 90.004], "cartesian": true, "props": ["", "", "", "", "", "", "", ""]}, "dft_atoms": {"lattice_mat": [[5.71684, 0.0, 0.0], [0.0, 5.71684, 0.0], [0.0, 0.0, 5.71684]], "coords": [[0.0, 0.0, 0.0], [0.75, 0.25, 0.75], [0.0, 0.5, 0.5], [0.75, 0.75, 0.25], [0.5, 0.0, 0.5], [0.25, 0.25, 0.25], [0.5, 0.5, 0.0], [0.25, 0.75, 0.75]], "elements": ["Zn", "Se", "Zn", "Se", "Zn", "Se", "Zn", "Se"], "abc": [5.71684, 5.71684, 5.71684], "angles": [90.0, 90.0, 90.0], "cartesian": false, "props": ["", "", "", "", "", "", "", ""]}, "energy": -4.788896560668945}