{"jid": "JVASP-94344", "opt_atoms": {"lattice_mat": [[1.4166000795584197, -2.45412934447759, -1.0576332038722543e-09], [1.4166000795601543, 2.4541293444785905, 1.090450811615575e-09], [1.1579468743433083e-10, 4.375949842054544e-09, 10.006639982879065]], "coords": [[1.416600079588525, 0.8180427237408867, 2.501659996094372], [1.4166000796458444, -0.8180427193733583, 7.50497998682438], [1.4166000796606208, 0.8181065162751568, 8.73208091800746], [1.4166000795737486, -0.8181065117278301, 1.274559066248861], [1.416600079602146, -0.8181065108659722, 3.7287609270450157], [1.4166000796322231, 0.8181065153093974, 6.277879058450413]], "elements": ["Mo", "Mo", "O", "O", "O", "O"], "abc": [2.833639, 2.833639, 10.00664], "angles": [90.0, 90.0, 120.0102], "cartesian": true, "props": ["", "", "", "", "", ""]}, "dft_atoms": {"lattice_mat": [[1.41497, -2.4508, 0.0], [1.41497, 2.4508, 0.0], [0.0, 0.0, 9.98525]], "coords": [[0.3333333333333333, 0.6666666666666666, 0.25], [0.6666666666666667, 0.33333333333333337, 0.75], [0.3333333333333333, 0.6666666666666666, 0.8725189325409627], [0.6666666666666667, 0.33333333333333337, 0.1274810674590373], [0.6666666666666667, 0.3333333333333333, 0.3725189325409626], [0.3333333333333333, 0.6666666666666667, 0.6274810674590373]], "elements": ["Mo", "Mo", "O", "O", "O", "O"], "abc": [2.82994, 2.82994, 9.98525], "angles": [90.0, 90.0, 120.0], "cartesian": false, "props": ["", "", "", "", "", ""]}, "energy": -39.60784721374512}