{"jid": "JVASP-88846", "opt_atoms": {"lattice_mat": [[1.8106717973094097, -3.1361791868519004, -3.110536269628604e-10], [1.8106717972925859, 3.136179186842186, 3.10989985591204e-10], [-1.01290067087948e-13, 5.715940973843173e-10, 5.769526105977744]], "coords": [[1.8106717972981685, 1.0453930584559759, 1.4423815278911325], [1.810671797303726, -1.0453930578619723, 4.3271445781065285]], "elements": ["Eu", "Eu"], "abc": [3.621347, 3.621347, 5.76953], "angles": [90.0, 90.0, 120.0001], "cartesian": true, "props": ["", ""]}, "dft_atoms": {"lattice_mat": [[1.8067, -3.1293, 0.0], [1.8067, 3.1293, 0.0], [0.0, 0.0, 5.751]], "coords": [[0.3333333333333333, 0.6666666666666666, 0.25], [0.6666666666666667, 0.33333333333333337, 0.75]], "elements": ["Eu", "Eu"], "abc": [3.613403, 3.613403, 5.751], "angles": [90.0, 90.0, 120.0001], "cartesian": false, "props": ["", ""]}, "energy": -3.899282455444336}