{"jid": "JVASP-11987", "opt_atoms": {"lattice_mat": [[4.38217, 0.0, 0.0], [0.0, 4.38217, 0.0], [0.0, 0.0, 4.38217]], "coords": [[2.191085, 2.191085, 0.0], [2.191085, 0.0, 2.191085], [0.0, 2.191085, 2.191085], [0.0, 0.0, 0.0]], "elements": ["Mg", "Mg", "Mg", "Al"], "abc": [4.38217, 4.38217, 4.38217], "angles": [90.0, 90.0, 90.0], "cartesian": true, "props": ["", "", "", ""]}, "dft_atoms": {"lattice_mat": [[4.38217, 0.0, 0.0], [0.0, 4.38217, 0.0], [0.0, 0.0, 4.38217]], "coords": [[0.5, 0.5, 0.0], [0.5, 0.0, 0.5], [0.0, 0.5, 0.5], [0.0, 0.0, 0.0]], "elements": ["Mg", "Mg", "Mg", "Al"], "abc": [4.38217, 4.38217, 4.38217], "angles": [90.0, 90.0, 90.0], "cartesian": false, "props": ["", "", "", ""]}, "energy": 1.000020980834961}