{"jid": "JVASP-14971", "opt_atoms": {"lattice_mat": [[3.582021009428005, -2.67723961073601e-09, -2.2052401978531886e-09], [-2.677239794909181e-09, 3.582020987909495, -2.7086542159233875e-09], [-2.2052403471163386e-09, -2.7086539693838723e-09, 3.5820210008368396]], "coords": [[-2.077934656127832e-09, -2.039219445911119e-09, -2.034233942423071e-09], [-1.2493469412278317e-08, 1.791010494561295, 1.7910105010230477], [1.791010505518617, -1.2669114235221489e-08, 1.7910105012201492], [1.7910105053006713, 1.791010494553809, -1.2524926743520116e-08]], "elements": ["Al", "Ni", "Ni", "Ni"], "abc": [3.58202, 3.58202, 3.58202], "angles": [90.0, 90.0, 90.0], "cartesian": true, "props": ["", "", "", ""]}, "dft_atoms": {"lattice_mat": [[3.56639, 0.0, 0.0], [0.0, 3.56639, 0.0], [0.0, 0.0, 3.56639]], "coords": [[0.0, 0.0, 0.0], [0.0, 0.5, 0.5], [0.5, 0.0, 0.5], [0.5, 0.5, 0.0]], "elements": ["Al", "Ni", "Ni", "Ni"], "abc": [3.56639, 3.56639, 3.56639], "angles": [90.0, 90.0, 90.0], "cartesian": false, "props": ["", "", "", ""]}, "energy": -8.137113571166992}