{"jid": "JVASP-93956", "opt_atoms": {"lattice_mat": [[4.511218686642283, 1.7249649734886757e-08, -1.1998111779246358e-09], [1.7249649739461427e-08, 4.511218693057067, -1.9735163850471733e-10], [-7.895971046274741e-10, -1.298774200515633e-10, 2.9844179909550275]], "coords": [[2.25560935162577, 2.2556093551172687, 1.492208984067927], [3.905820291684614e-09, 3.93013179274984e-09, 9.178154488951667e-09], [3.6227129217764453, 0.8885057826381024, 1.4922089469003434], [0.8885057817834988, 3.6227129258038957, 1.4922089473881492], [1.367103595727496, 1.3671035972710053, 4.6499227582707225e-08], [3.144115084945935, 3.144115089357753, 4.62574209651373e-08]], "elements": ["Cr", "Cr", "O", "O", "O", "O"], "abc": [4.51122, 4.51122, 2.98442], "angles": [90.0, 90.0, 90.0], "cartesian": true, "props": ["", "", "", "", "", ""]}, "dft_atoms": {"lattice_mat": [[4.43561, 0.0, 0.0], [0.0, 4.43561, 0.0], [0.0, 0.0, 2.91908]], "coords": [[0.5, 0.5, 0.5], [0.0, 0.0, 0.0], [0.8029799203944668, 0.19702007960553325, 0.5], [0.19702007960553325, 0.8029799203944668, 0.5], [0.30297992039446675, 0.30297992039446675, 0.0], [0.6970200796055332, 0.6970200796055332, 0.0]], "elements": ["Cr", "Cr", "O", "O", "O", "O"], "abc": [4.43561, 4.43561, 2.91908], "angles": [90.0, 90.0, 90.0], "cartesian": false, "props": ["", "", "", "", "", ""]}, "energy": -38.03356075286865}