{"jid": "JVASP-11968", "opt_atoms": {"lattice_mat": [[3.5820303892500682, 7.832829668009553e-09, 7.548908049396868e-09], [7.832829607673678e-09, 3.5820303975962355, 7.891551081793313e-09], [7.548908167263517e-09, 7.891552135794671e-09, 3.5820303874988766]], "coords": [[-3.766191024483757e-10, -6.191927084773706e-10, -9.328920502386837e-10], [1.0193969593118978e-08, 1.79101520466415, 1.7910151995013956], [1.7910151987632001, 8.8500525543204e-09, 1.7910151993328138], [1.7910151990774523, 1.7910152030224997, 7.1620197056182615e-09]], "elements": ["Al", "Ni", "Ni", "Ni"], "abc": [3.58203, 3.58203, 3.58203], "angles": [90.0, 90.0, 90.0], "cartesian": true, "props": ["", "", "", ""]}, "dft_atoms": {"lattice_mat": [[3.56642, 0.0, 0.0], [0.0, 3.56642, 0.0], [0.0, 0.0, 3.56642]], "coords": [[0.0, 0.0, 0.0], [0.0, 0.5, 0.5], [0.5, 0.0, 0.5], [0.5, 0.5, 0.0]], "elements": ["Al", "Ni", "Ni", "Ni"], "abc": [3.56642, 3.56642, 3.56642], "angles": [90.0, 90.0, 90.0], "cartesian": false, "props": ["", "", "", ""]}, "energy": -8.137115478515625}