{"jid": "JVASP-29559", "opt_atoms": {"lattice_mat": [[5.048616865021908, 9.928436823289315e-09, -1.570712143933456e-08], [2.0301714061122057e-08, 10.44689215725042, 1.4963806270367166e-07], [-1.7371398093135698e-08, 8.093351671295907e-08, 5.71966975799022]], "coords": [[2.524308431294918, 3.407778108108269, 4.289752344567279], [-1.1602105471891803e-08, 1.8156680619751193, 1.4299174822384013], [1.6143027365216338, 3.3088362027514546, 0.7589569458136399], [3.9808266208365835, 5.02516864242856, 4.588685645308351], [0.9100056929210106, 1.9146099436994968, 3.6187918338605947], [1.4565181869675548, 0.19827753158775868, 1.130984171239692], [4.138611149946607, 1.9146099658799485, 4.960712868037132], [3.434314128970016, 3.308836222834485, 2.100877984083034], [3.5920986647932085, 0.19827753905862922, 1.7288507084557136], [1.067790232780121, 5.02516863029157, 3.9908191082349034], [-1.16278229782269e-08, 8.631224179132065, 4.28975242446471], [2.5243084423897377, 7.039114133521605, 1.4299175480844841], [4.138611176227386, 8.532282288656397, 0.7589570136892728], [1.456518195010821, 10.248614704558854, 4.588685723157669], [3.4343141343406804, 7.138056029026874, 3.6187918980350537], [3.9808266329428297, 5.421723617016739, 1.1309842402000165], [1.614302730625046, 7.138056043012279, 4.960712953457094], [0.9100057103185956, 8.532282297580563, 2.1008780669892655], [1.0677902391283849, 5.421723611334254, 1.7288507879819366], [3.5920986747512362, 10.248614715224413, 3.990819181103542]], "elements": ["Fe", "Fe", "P", "P", "P", "P", "P", "P", "P", "P", "Fe", "Fe", "P", "P", "P", "P", "P", "P", "P", "P"], "abc": [5.04862, 10.44689, 5.71967], "angles": [90.0, 90.0, 90.0], "cartesian": true, "props": ["", "", "", "", "", "", "", "", "", "", "", "", "", "", "", "", "", "", "", ""]}, "dft_atoms": {"lattice_mat": [[5.03809, 0.0, 0.0], [0.0, 10.30191, 0.0], [0.0, 0.0, 5.57191]], "coords": [[0.5, 0.32589772720268684, 0.75], [0.0, 0.17410227279731316, 0.25], [0.31987970197308724, 0.3168005816023944, 0.13295572868444283], [0.7884022339816692, 0.4811431546330407, 0.8021750512940812], [0.18012029802691276, 0.18319941839760562, 0.6329557286844428], [0.2884022339816692, 0.018856845366959307, 0.19782494870591882], [0.8198797019730872, 0.18319941839760562, 0.8670442713155572], [0.6801202980269128, 0.3168005816023944, 0.36704427131555717], [0.7115977660183308, 0.018856845366959307, 0.30217505129408107], [0.2115977660183308, 0.4811431546330407, 0.6978249487059188], [0.0, 0.8258977272026868, 0.75], [0.5, 0.6741022727973132, 0.25], [0.8198797019730872, 0.8168005816023944, 0.13295572868444283], [0.2884022339816692, 0.9811431546330407, 0.8021750512940812], [0.6801202980269128, 0.6831994183976056, 0.6329557286844428], [0.7884022339816692, 0.5188568453669593, 0.19782494870591882], [0.31987970197308724, 0.6831994183976056, 0.8670442713155572], [0.18012029802691276, 0.8168005816023944, 0.36704427131555717], [0.2115977660183308, 0.5188568453669593, 0.30217505129408107], [0.7115977660183308, 0.9811431546330407, 0.6978249487059188]], "elements": ["Fe", "Fe", "P", "P", "P", "P", "P", "P", "P", "P", "Fe", "Fe", "P", "P", "P", "P", "P", "P", "P", "P"], "abc": [5.03809, 10.30191, 5.57191], "angles": [90.0, 90.0, 90.0], "cartesian": false, "props": ["", "", "", "", "", "", "", "", "", "", "", "", "", "", "", "", "", "", "", ""]}, "energy": -89.10039901733398}