{"jid": "JVASP-1145", "opt_atoms": {"lattice_mat": [[6.305156458345289, -1.0523501604080878e-09, 0.0015324798804697498], [-1.052349887413735e-09, 6.306567037858302, 1.861329155853521e-10], [0.001532479880469443, 1.8613430805257248e-10, 6.307978668405366]], "coords": [[-5.051374198423929e-10, 1.8801066625936356e-09, 5.238698803897585e-10], [3.152578229483643, 1.3322822860259477e-10, 0.0007662403956407921], [0.000766238842801831, 3.1532835171758844, 3.153989333636533], [3.153344469624614, 3.153283517860757, 3.154755573589549], [3.153344469584761, 1.276100020909169e-09, 3.154755573681509], [0.0007662395098272696, 7.660976202344573e-10, 3.153989333854561], [3.152578229288158, 3.1532835166376234, 0.0007662405401023452], [-1.3126470188844222e-09, 3.153283518231493, 4.693337050203724e-10]], "elements": ["K", "Cl", "K", "Cl", "K", "Cl", "K", "Cl"], "abc": [6.30516, 6.30657, 6.30798], "angles": [90.0, 89.9722, 90.0], "cartesian": true, "props": ["", "", "", "", "", "", "", ""]}, "dft_atoms": {"lattice_mat": [[6.25965, 0.0, 0.0], [0.0, 6.25965, 0.0], [0.0, 0.0, 6.25965]], "coords": [[0.0, 0.0, 0.0], [0.5, 0.0, 0.0], [0.0, 0.5, 0.5], [0.5, 0.5, 0.5], [0.5, 0.0, 0.5], [0.0, 0.0, 0.5], [0.5, 0.5, 0.0], [0.0, 0.5, 0.0]], "elements": ["K", "Cl", "K", "Cl", "K", "Cl", "K", "Cl"], "abc": [6.25965, 6.25965, 6.25965], "angles": [90.0, 90.0, 90.0], "cartesian": false, "props": ["", "", "", "", "", "", "", ""]}, "energy": -12.339248657226562}