{"jid": "JVASP-93460", "opt_atoms": {"lattice_mat": [[2.855992696102763, 0.0002331861357698708, -0.000889992643958718], [0.000352263553833464, 4.405987272578745, -0.0005408380634306191], [-0.0014030427407923833, -0.0005643996639229336, 4.6109803324415655]], "coords": [[-1.9112420564480465e-08, -3.930706701389965e-08, -1.4936249484101477e-08], [1.4274709860241896, 2.202828021475517, 2.3047747446259548], [1.4282884838699375, 3.433243460250889, 0.786443951304477], [-0.00044748630287829957, 3.1753607530074275, 3.092384552412517], [-0.0006033109576792322, 1.2300621546964838, 1.518054987492113], [1.4266534398414257, 0.9724126072009983, 3.823105550120171]], "elements": ["Mn", "Mn", "O", "O", "O", "O"], "abc": [2.85599, 4.40599, 4.61098], "angles": [90.014, 90.0353, 89.9908], "cartesian": true, "props": ["", "", "", "", "", ""]}, "dft_atoms": {"lattice_mat": [[2.87077, 0.0, 0.0], [0.0, 4.33674, 0.0], [0.0, 0.0, 4.52567]], "coords": [[0.0, 0.0, 0.0], [0.5, 0.5, 0.5], [0.5, 0.7789481602008007, 0.17113594193204718], [0.0, 0.7210518397991993, 0.6711359419320472], [0.0, 0.2789481602008008, 0.3288640580679528], [0.5, 0.2210518397991993, 0.8288640580679528]], "elements": ["Mn", "Mn", "O", "O", "O", "O"], "abc": [2.87077, 4.33674, 4.52567], "angles": [90.0, 90.0, 90.0], "cartesian": false, "props": ["", "", "", "", "", ""]}, "energy": -34.81208324432373}