{"jid": "JVASP-85876", "opt_atoms": {"lattice_mat": [[2.650735172202349, -4.5917229517320575, -4.851169497995513e-09], [2.6495590469081125, 4.591043916426594, 1.1314643236736163e-08], [5.093974954496318e-09, 7.355752803584637e-09, 4.138497892052894]], "coords": [[4.3078091543900784e-07, 8.082408388653568e-07, -9.806565555940931e-11], [1.324783278747332, 2.295528474064148, 2.0692489557487206], [2.6499519110574092, 1.5301223515010802, 1.2762006826021858e-09], [2.650342382307593, -1.5308013891392482, -3.777898481456849e-09], [1.3253675719527325, -2.2958614798564305, 2.0692489461228445], [2.6501471256599594, -0.00033951674778730543, 2.0692489519064883]], "elements": ["La", "Cu", "Cu", "Cu", "Cu", "Cu"], "abc": [5.301916, 5.300737, 4.1385], "angles": [90.0, 90.0, 120.0128], "cartesian": true, "props": ["", "", "", "", "", ""]}, "dft_atoms": {"lattice_mat": [[2.60604, -4.5138, 0.0], [2.60604, 4.5138, 0.0], [0.0, 0.0, 4.10773]], "coords": [[0.0, 0.0, 0.0], [0.0, 0.5, 0.5], [0.3333333333333333, 0.6666666666666666, 0.0], [0.6666666666666667, 0.33333333333333337, 0.0], [0.5, 0.0, 0.5], [0.5, 0.5, 0.5]], "elements": ["La", "Cu", "Cu", "Cu", "Cu", "Cu"], "abc": [5.212085, 5.212085, 4.10773], "angles": [90.0, 90.0, 120.0001], "cartesian": false, "props": ["", "", "", "", "", ""]}, "energy": -0.5841579437255859}