{"jid": "JVASP-16428", "opt_atoms": {"lattice_mat": [[4.8123, 0.0, 0.0], [0.0, 4.8123, 0.0], [0.0, 0.0, 4.8123]], "coords": [[0.0, 2.40615, 2.40615], [2.40615, 2.40615, 0.0], [2.40615, 0.0, 2.40615], [0.0, 0.0, 0.0]], "elements": ["Sm", "Sm", "Sm", "Al"], "abc": [4.8123, 4.8123, 4.8123], "angles": [90.0, 90.0, 90.0], "cartesian": true, "props": ["", "", "", ""]}, "dft_atoms": {"lattice_mat": [[4.8123, 0.0, 0.0], [0.0, 4.8123, 0.0], [0.0, 0.0, 4.8123]], "coords": [[0.0, 0.5, 0.5], [0.5, 0.5, 0.0], [0.5, 0.0, 0.5], [0.0, 0.0, 0.0]], "elements": ["Sm", "Sm", "Sm", "Al"], "abc": [4.8123, 4.8123, 4.8123], "angles": [90.0, 90.0, 90.0], "cartesian": false, "props": ["", "", "", ""]}, "energy": -8.874001502990723}