{"jid": "JVASP-37038", "opt_atoms": {"lattice_mat": [[3.8956965654052786, -4.568362725041241e-09, -7.386884718337953e-09], [-4.568361742601625e-09, 3.8956965723699493, -7.369749481032203e-09], [-7.386884863698438e-09, -7.369749438836233e-09, 3.8956965984606615]], "coords": [[3.8553928453636385e-09, 4.0713775114935415e-09, 4.337803774826751e-09], [1.947848286863979, 1.9478482917233542, -1.3329919177134023e-08], [1.9478482852911576, -1.0852619341573928e-08, 1.9478483042466521], [-1.0054883108921322e-08, 1.947848289076386, 1.9478483040275008]], "elements": ["Ti", "Al", "Al", "Al"], "abc": [3.8957, 3.8957, 3.8957], "angles": [90.0, 90.0, 90.0], "cartesian": true, "props": ["", "", "", ""]}, "dft_atoms": {"lattice_mat": [[3.98888, 0.0, 0.0], [0.0, 3.98888, 0.0], [0.0, 0.0, 3.98888]], "coords": [[0.0, 0.0, 0.0], [0.5, 0.5, 0.0], [0.5, 0.0, 0.5], [0.0, 0.5, 0.5]], "elements": ["Ti", "Al", "Al", "Al"], "abc": [3.98888, 3.98888, 3.98888], "angles": [90.0, 90.0, 90.0], "cartesian": false, "props": ["", "", "", ""]}, "energy": -13.475336074829102}