{"jid": "JVASP-42465", "opt_atoms": {"lattice_mat": [[2.3271243583236503, 4.061989389356559e-09, -3.976300398756547e-09], [5.875222508818121e-09, 3.9159721440466253, -3.0723183230216394e-08], [-1.1940672136352368e-08, -6.378671680584608e-08, 8.114899883340472]], "coords": [[6.663610495120828e-09, -1.1961361831999341e-08, -9.879866595480722e-09], [1.5202136134241216e-08, -7.735581116585843e-08, 5.4102205830305055], [1.163562151003306, 1.9579860572410206, 6.762129163148605], [1.1635621688731703, 1.9579860485828713, 4.057449924223937], [1.1635621564632355, 1.9579860947959717, 1.35277067508284], [1.9218456123196767e-08, -5.564210994274573e-08, 2.7046792557677595]], "elements": ["Cr", "Ni", "Ni", "Cr", "Ni", "Ni"], "abc": [2.32712, 3.91597, 8.1149], "angles": [90.0, 90.0, 90.0], "cartesian": true, "props": ["", "", "", "", "", ""]}, "dft_atoms": {"lattice_mat": [[2.46979, 0.0, 0.0], [0.0, 3.57228, 0.0], [0.0, 0.0, 7.41668]], "coords": [[0.0, 0.0, 0.0], [0.0, 0.0, 0.6661678761652469], [0.5, 0.5, 0.8338321238347531], [0.5, 0.5, 0.5], [0.5, 0.5, 0.16616787616524675], [0.0, 0.0, 0.33383212383475325]], "elements": ["Cr", "Ni", "Ni", "Cr", "Ni", "Ni"], "abc": [2.46979, 3.57228, 7.41668], "angles": [90.0, 90.0, 90.0], "cartesian": false, "props": ["", "", "", "", "", ""]}, "energy": -18.431993007659912}