{"jid": "JVASP-25144", "opt_atoms": {"lattice_mat": [[3.3600898458961543, 1.7036827379850992e-06, 4.203613235626892e-07], [5.462432396240559e-06, 10.749022974106547, -2.7010772809178525e-08], [5.621994902864346e-07, -1.1266974567313718e-08, 4.490826015152041]], "coords": [[2.0819289722453414e-06, 4.291133699898473, 0.36832829662978867], [1.6800461342091455, 1.0833786249415298, 4.122497917314592], [8.786257324866574e-07, 1.083377774043102, 2.6137413118936035], [1.68004733766051, 4.291134549340225, 1.8770849002552294], [1.6800501924065634, 9.665646042269726, 0.3683284937152668], [3.486604168754924e-06, 6.457889262272943, 4.122497688660431], [1.680048536712219, 6.457890116696184, 2.6137415095756777], [5.142050873732185e-06, 9.665645189543252, 1.8770846741561444]], "elements": ["P", "P", "P", "P", "P", "P", "P", "P"], "abc": [3.36009, 10.74902, 4.49083], "angles": [90.0, 90.0, 89.9999], "cartesian": true, "props": ["", "", "", "", "", "", "", ""]}, "dft_atoms": {"lattice_mat": [[3.34124, 0.0, 0.0], [0.0, 10.71285, 0.0], [0.0, 0.0, 4.46864]], "coords": [[0.0, 0.39924781384504365, 0.08215421314799198], [0.5, 0.10075218615495635, 0.917845786852008], [0.0, 0.10075218615495635, 0.582154213147992], [0.5, 0.39924781384504365, 0.417845786852008], [0.5, 0.8992478138450437, 0.08215421314799198], [0.0, 0.6007521861549563, 0.917845786852008], [0.5, 0.6007521861549563, 0.582154213147992], [0.0, 0.8992478138450437, 0.417845786852008]], "elements": ["P", "P", "P", "P", "P", "P", "P", "P"], "abc": [3.34124, 10.71285, 4.46864], "angles": [90.0, 90.0, 90.0], "cartesian": false, "props": ["", "", "", "", "", "", "", ""]}, "energy": -30.77126121520996}