{"jid": "JVASP-19729", "opt_atoms": {"lattice_mat": [[2.8536981399775803, 9.069036915272972e-09, 1.4439053061430474e-08], [9.069036914476205e-09, 2.853640213844087, 1.1851045276063118e-08], [1.44390536094508e-08, 1.1851044954580461e-08, 2.8520210271452626]], "coords": [[1.4268490569548182, 1.4268201831238212, 1.4260106292983112], [1.6045493667999693e-08, -1.0275647847814617e-08, -3.261349676283555e-08]], "elements": ["Al", "Ni"], "abc": [2.8537, 2.85364, 2.85202], "angles": [90.0, 90.0, 90.0], "cartesian": true, "props": ["", ""]}, "dft_atoms": {"lattice_mat": [[2.89493, 0.0, 0.0], [0.0, 2.89493, 0.0], [0.0, 0.0, 2.89493]], "coords": [[0.5, 0.5, 0.5], [0.0, 0.0, 0.0]], "elements": ["Al", "Ni"], "abc": [2.89493, 2.89493, 2.89493], "angles": [90.0, 90.0, 90.0], "cartesian": false, "props": ["", ""]}, "energy": -4.964390754699707}