{"jid": "JVASP-85865", "opt_atoms": {"lattice_mat": [[4.061652462928941, -9.098150628970171e-08, 3.154645281732473e-09], [-1.2483906881146186e-07, 5.680688254149483, 2.5901427559046828e-09], [6.0790080775575456e-09, 3.6375459715070773e-09, 7.847412902892048]], "coords": [[3.0462393356516975, 1.179303956595328, 3.070097202191027], [1.0154130081090458, 4.501384212239258, 4.777315704742311], [3.0462392721133194, 4.019648082769274, 0.8536092574484071], [1.0154130721208485, 1.6610400841938888, 6.993803651082646], [3.046239306388737, 0.9233942540539894, 0.5217694285555862], [1.0154130379409412, 4.757293912154694, 7.325643479840559], [3.0462392463309245, 3.7637383842016847, 3.40193703542705], [1.0154130977719051, 1.9169497828532551, 4.445475872611578], [3.0462393389522746, 0.23312580690210855, 5.539486812745781], [1.015413005209956, 5.447562358743225, 2.3079260954275296], [3.0462392783608743, 3.0734699488984782, 6.231632539336012], [1.0154130658180587, 2.6072182187399933, 1.6157803674307536]], "elements": ["Ga", "Ga", "Ga", "Ga", "Pd", "Pd", "Pd", "Pd", "Pd", "Pd", "Pd", "Pd"], "abc": [4.06165, 5.68069, 7.84741], "angles": [90.0, 90.0, 90.0], "cartesian": true, "props": ["", "", "", "", "", "", "", "", "", "", "", ""]}, "dft_atoms": {"lattice_mat": [[4.08409, 0.0, 0.0], [0.0, 5.60393, 0.0], [0.0, 0.0, 7.87005]], "coords": [[0.75, 0.2069258196500896, 0.39153791996468], [0.25, 0.7930741803499104, 0.60846208003532], [0.75, 0.7069258196500896, 0.10846208003531999], [0.25, 0.2930741803499104, 0.89153791996468], [0.75, 0.16257905397349592, 0.06652536840908385], [0.25, 0.8374209460265041, 0.9334746315909161], [0.75, 0.6625790539734959, 0.43347463159091615], [0.25, 0.3374209460265041, 0.5665253684090839], [0.75, 0.04123172280186704, 0.7060916401677377], [0.25, 0.958768277198133, 0.29390835983226227], [0.75, 0.541231722801867, 0.7939083598322623], [0.25, 0.45876827719813296, 0.20609164016773773]], "elements": ["Ga", "Ga", "Ga", "Ga", "Pd", "Pd", "Pd", "Pd", "Pd", "Pd", "Pd", "Pd"], "abc": [4.08409, 5.60393, 7.87005], "angles": [90.0, 90.0, 90.0], "cartesian": false, "props": ["", "", "", "", "", "", "", "", "", "", "", ""]}, "energy": -22.917597770690918}