{"jid": "JVASP-25250", "opt_atoms": {"lattice_mat": [[4.562059312764115, -8.567200328396658e-05, 4.9079698199018765e-09], [-8.567200328394134e-05, 4.559287656968934, 3.762572652781777e-09], [6.404937097212934e-09, 4.91018527342104e-09, 5.546280329390076]], "coords": [[4.169304050570243, 4.166747584048179, 6.384506128702679e-09], [2.673002024666349, 1.8878069550093437, 2.773140169921266], [0.39161186850045676, 0.39139022299476783, -1.6497733380655089e-09], [1.8886919583185633, 2.6716809973045956, 2.7731401717512525]], "elements": ["N", "N", "N", "N"], "abc": [4.56206, 4.55929, 5.54628], "angles": [90.0, 90.0, 90.0023], "cartesian": true, "props": ["", "", "", ""]}, "dft_atoms": {"lattice_mat": [[3.94174, 0.0, 0.0], [0.0, 3.94174, 0.0], [0.0, 0.0, 5.144]], "coords": [[0.9004967265905823, 0.9004967265905823, 0.0], [0.5995032734094177, 0.40049672659058233, 0.5], [0.09950327340941767, 0.09950327340941767, 0.0], [0.40049672659058233, 0.5995032734094177, 0.5]], "elements": ["N", "N", "N", "N"], "abc": [3.94174, 3.94174, 5.144], "angles": [90.0, 90.0, 90.0], "cartesian": false, "props": ["", "", "", ""]}, "energy": -27.65190887451172}