{"jid": "JVASP-102151", "opt_atoms": {"lattice_mat": [[3.6539072602788814, 4.389920168749434e-08, 0.00015978271284900093], [4.389920112680921e-08, 3.6534381479492426, -3.280619256145478e-09], [0.00018476494961745322, -3.793547855322305e-09, 5.166695989289782]], "coords": [[1.826953621022933, 1.8267257673490707, 7.989140059811316e-05], [3.30781397676876e-05, 1.826719143080024, 3.875023859346286], [0.00015167456826628938, 1.8267191480196443, 1.291672099873202], [9.237221383685082e-05, -6.6713444187369305e-06, 2.5833480309884296], [1.827136549848066, -5.4370422767464914e-08, 1.291753840995506], [1.826955474615138, -4.501312057490632e-08, 3.875102020651427]], "elements": ["Dy", "O", "O", "Dy", "O", "O"], "abc": [3.65391, 3.65344, 5.1667], "angles": [90.0, 89.9955, 90.0], "cartesian": true, "props": ["", "", "", "", "", ""]}, "dft_atoms": {"lattice_mat": [[4.07467, 0.0, 0.0], [0.0, 4.07467, 0.0], [0.0, 0.0, 4.71175]], "coords": [[0.5, 0.5, 0.0], [0.0, 0.5, 0.75], [0.0, 0.5, 0.25], [0.0, 0.0, 0.5], [0.5, 0.0, 0.25], [0.5, 0.0, 0.75]], "elements": ["Dy", "O", "O", "Dy", "O", "O"], "abc": [4.07467, 4.07467, 4.71175], "angles": [90.0, 90.0, 90.0], "cartesian": false, "props": ["", "", "", "", "", ""]}, "energy": -36.35036659240723}