{"jid": "JVASP-59544", "opt_atoms": {"lattice_mat": [[3.5163422873701933, -6.087562486213767, 0.007992130288435428], [3.518820576379656, 6.088993327913299, -0.004547112077124247], [0.002265678896490159, -0.004761214765086171, 4.612516754754695]], "coords": [[4.79614856209481, -2.7669411982084333, 0.8512569039277816], [3.518726511413649, -2.031990919431452, 3.176901696258766], [3.518421573155591, 2.0292500904572304, 0.8664631222735895], [2.2387587709914416, -2.767435038817547, 0.8499331636051259], [2.241019787671111, 2.764320636524825, 3.1505557983503767], [3.5178253491478007, -0.5540352719948571, 0.8485121861661801], [1.2964286552092243, 0.7479693537969194, 0.048743464091364645], [3.5191818127609036, 0.5513410359694999, 3.1536370608204902], [3.517822064176301, -4.594364322312434, 2.361788004474223], [3.518511063479534, 4.593220691570941, 0.04562172312127099], [5.739206372228529, 0.7489384856960648, 0.05095883633612458], [5.74002330331628, -0.7491530861832941, 2.3586922522690554], [4.7982804526650895, 2.7648863290916728, 3.151740105433711], [1.2972431785319074, -0.7500462178885551, 2.3563637543539757], [5.064693647149413, 1.1362035896987068, 1.871815117197015], [1.9726609487028852, 1.1356848627932177, 1.8705672016824046], [1.9734329266077855, -1.1410311391623156, 4.179799668789558], [3.5190367817985866, -3.816932215600446, 4.18262196724222], [3.519117083536945, 3.8121261190376488, 1.8688816919068387], [5.0654743268717635, -1.1405044489728127, 4.181119641503895]], "elements": ["Fe", "Fe", "Fe", "Fe", "Fe", "Fe", "Fe", "Fe", "Fe", "Fe", "Fe", "Fe", "Fe", "Fe", "C", "C", "C", "C", "C", "C"], "abc": [7.030156, 7.032632, 4.612523], "angles": [90.0742, 89.8696, 119.9646], "cartesian": true, "props": ["", "", "", "", "", "", "", "", "", "", "", "", "", "", "", "", "", "", "", ""]}, "dft_atoms": {"lattice_mat": [[3.40817, -5.90312, 0.0], [3.40817, 5.90312, 0.0], [0.0, 0.0, 4.48289]], "coords": [[0.9089194791098494, 0.4544597395549247, 0.1833537482222205], [0.6666666666666666, 0.3333333333333333, 0.6884025033609142], [0.3333333333333333, 0.6666666666666666, 0.18840250336091424], [0.5455402604450753, 0.09108052089015062, 0.1833537482222205], [0.09108052089015062, 0.5455402604450753, 0.6833537482222205], [0.5455402604450753, 0.4544597395549247, 0.1833537482222205], [0.12280937967295452, 0.24561875934590904, 0.01073314174821327], [0.4544597395549247, 0.5455402604450753, 0.6833537482222205], [0.8771906203270454, 0.12280937967295452, 0.5107331417482133], [0.12280937967295452, 0.8771906203270454, 0.01073314174821327], [0.754381240654091, 0.8771906203270454, 0.01073314174821327], [0.8771906203270454, 0.754381240654091, 0.5107331417482133], [0.4544597395549247, 0.9089194791098494, 0.6833537482222205], [0.24561875934590904, 0.12280937967295452, 0.5107331417482133], [0.626393967791442, 0.8131969838957209, 0.40577827557592916], [0.18680301610427896, 0.37360603220855804, 0.40577827557592916], [0.37360603220855804, 0.18680301610427907, 0.9057782755759292], [0.8131969838957209, 0.18680301610427896, 0.9057782755759292], [0.18680301610427907, 0.813196983895721, 0.40577827557592916], [0.813196983895721, 0.626393967791442, 0.9057782755759292]], "elements": ["Fe", "Fe", "Fe", "Fe", "Fe", "Fe", "Fe", "Fe", "Fe", "Fe", "Fe", "Fe", "Fe", "Fe", "C", "C", "C", "C", "C", "C"], "abc": [6.816337, 6.816337, 4.48289], "angles": [90.0, 90.0, 120.0], "cartesian": false, "props": ["", "", "", "", "", "", "", "", "", "", "", "", "", "", "", "", "", "", "", ""]}, "energy": -110.93894004821777}