{"jid": "JVASP-91995", "opt_atoms": {"lattice_mat": [[3.243467446648194, -5.617848577425747, -1.6697258568885267e-08], [3.2434674461614765, 5.617848577144744, 1.1780359581662229e-08], [-3.3965423122982106e-09, 1.1357665224819294e-08, 4.646410721358978]], "coords": [[3.243467443554134, 1.8726162173719707, 3.4848080640997434], [3.243467445399173, -1.8726162101291548, 1.161602652571007], [3.243467445355961, 3.9487370225974376, 1.1616027079575582], [5.041441388365414, -0.8345558072317909, 3.4848080147998184], [1.4454934996780713, -0.8345558075550493, 3.484808017874623], [3.2434674440190854, -3.9487370161353668, 3.4848080087417794], [1.4454935057338865, 0.8345558188842988, 1.1616027023298108], [5.041441387132971, 0.8345558179745391, 1.1616026995890514]], "elements": ["Pa", "Pa", "Zn", "Zn", "Zn", "Zn", "Zn", "Zn"], "abc": [6.486936, 6.486936, 4.64641], "angles": [90.0, 90.0, 120.0], "cartesian": true, "props": ["", "", "", "", "", "", "", ""]}, "dft_atoms": {"lattice_mat": [[3.15416, -5.46316, 0.0], [3.15416, 5.46316, 0.0], [0.0, 0.0, 4.35772]], "coords": [[0.3333333333333333, 0.6666666666666666, 0.75], [0.6666666666666667, 0.33333333333333337, 0.25], [0.14884458244760274, 0.8511554175523972, 0.25], [0.8511554175523972, 0.7023108351047944, 0.75], [0.2976891648952056, 0.14884458244760274, 0.75], [0.8511554175523972, 0.1488445824476028, 0.75], [0.1488445824476028, 0.2976891648952056, 0.25], [0.7023108351047944, 0.8511554175523972, 0.25]], "elements": ["Pa", "Pa", "Zn", "Zn", "Zn", "Zn", "Zn", "Zn"], "abc": [6.308315, 6.308315, 4.35772], "angles": [90.0, 90.0, 120.0], "cartesian": false, "props": ["", "", "", "", "", "", "", ""]}, "energy": -0.8670244216918945}