{"jid": "JVASP-23", "opt_atoms": {"lattice_mat": [[6.58322, 0.0, 0.0], [0.0, 6.58322, 0.0], [0.0, 0.0, 6.58322]], "coords": [[0.0, 0.0, 0.0], [4.937415, 1.645805, 4.937415], [0.0, 3.29161, 3.29161], [4.937415, 4.937415, 1.645805], [3.29161, 0.0, 3.29161], [1.645805, 1.645805, 1.645805], [3.29161, 3.29161, 0.0], [1.645805, 4.937415, 4.937415]], "elements": ["Cd", "Te", "Cd", "Te", "Cd", "Te", "Cd", "Te"], "abc": [6.58322, 6.58322, 6.58322], "angles": [90.0, 90.0, 90.0], "cartesian": true, "props": ["", "", "", "", "", "", "", ""]}, "dft_atoms": {"lattice_mat": [[6.58322, 0.0, 0.0], [0.0, 6.58322, 0.0], [0.0, 0.0, 6.58322]], "coords": [[0.0, 0.0, 0.0], [0.75, 0.25, 0.75], [0.0, 0.5, 0.5], [0.75, 0.75, 0.25], [0.5, 0.0, 0.5], [0.25, 0.25, 0.25], [0.5, 0.5, 0.0], [0.25, 0.75, 0.75]], "elements": ["Cd", "Te", "Cd", "Te", "Cd", "Te", "Cd", "Te"], "abc": [6.58322, 6.58322, 6.58322], "angles": [90.0, 90.0, 90.0], "cartesian": false, "props": ["", "", "", "", "", "", "", ""]}, "energy": 1.8624458312988281}