{"jid": "JVASP-38019", "opt_atoms": {"lattice_mat": [[5.822984783979951, 1.3557693700207505e-10, 1.1401263238649822e-10], [1.3557693700207505e-10, 5.822984783979951, 1.084615464592992e-10], [1.1401263238649824e-10, 1.084615464592992e-10, 5.822984783979951]], "coords": [[1.4557764726587148, 4.367208311628345, 4.367208311620615], [1.4557764726297786, 4.36720831153903, 1.4557764726117814], [2.911492391971263, 4.907574872205283e-11, 7.571903597143173e-11], [1.45577647254094, 1.4557764725395521, 1.455776472534161], [1.4557764726073015, 1.4557764726148334, 4.367208311533639], [2.911492392133483, 2.9114923920932823, 2.911492392101213], [4.3672083116386125, 4.367208311632547, 1.4557764726407176], [4.3672083116886, 4.3672083116774205, 4.367208311663586], [5.700631619324912e-11, 5.42307732296496e-11, 2.9114923919899756], [4.367208311611456, 1.455776472666247, 4.367208311607017], [4.367208311521704, 1.4557764726424256, 1.4557764726379478], [4.9075748721773576e-11, 2.9114923919899756, 3.551805345038565e-11]], "elements": ["Al", "Al", "Cu", "Al", "Al", "Cu", "Al", "Al", "Cu", "Al", "Al", "Cu"], "abc": [5.82298, 5.82298, 5.82298], "angles": [90.0, 90.0, 90.0], "cartesian": true, "props": ["", "", "", "", "", "", "", "", "", "", "", ""]}, "dft_atoms": {"lattice_mat": [[5.79614, 0.0, 0.0], [0.0, 5.79614, 0.0], [0.0, 0.0, 5.79614]], "coords": [[0.25, 0.75, 0.75], [0.25, 0.75, 0.25], [0.5, 0.0, 0.0], [0.25, 0.25, 0.25], [0.25, 0.25, 0.75], [0.5, 0.5, 0.5], [0.75, 0.75, 0.25], [0.75, 0.75, 0.75], [0.0, 0.0, 0.5], [0.75, 0.25, 0.75], [0.75, 0.25, 0.25], [0.0, 0.5, 0.0]], "elements": ["Al", "Al", "Cu", "Al", "Al", "Cu", "Al", "Al", "Cu", "Al", "Al", "Cu"], "abc": [5.79614, 5.79614, 5.79614], "angles": [90.0, 90.0, 90.0], "cartesian": false, "props": ["", "", "", "", "", "", "", "", "", "", "", ""]}, "energy": -18.378507614135742}