{"jid": "JVASP-816", "opt_atoms": {"lattice_mat": [[4.06741, 0.0, 0.0], [0.0, 4.06741, 0.0], [0.0, 0.0, 4.06741]], "coords": [[0.0, 0.0, 0.0], [0.0, 2.033705, 2.033705], [2.033705, 0.0, 2.033705], [2.033705, 2.033705, 0.0]], "elements": ["Al", "Al", "Al", "Al"], "abc": [4.06741, 4.06741, 4.06741], "angles": [90.0, 90.0, 90.0], "cartesian": true, "props": ["", "", "", ""]}, "dft_atoms": {"lattice_mat": [[4.06741, 0.0, 0.0], [0.0, 4.06741, 0.0], [0.0, 0.0, 4.06741]], "coords": [[0.0, 0.0, 0.0], [0.0, 0.5, 0.5], [0.5, 0.0, 0.5], [0.5, 0.5, 0.0]], "elements": ["Al", "Al", "Al", "Al"], "abc": [4.06741, 4.06741, 4.06741], "angles": [90.0, 90.0, 90.0], "cartesian": false, "props": ["", "", "", ""]}, "energy": -8.929923057556152}