{"jid": "JVASP-870", "opt_atoms": {"lattice_mat": [[1.7966899288147617, -3.111953205623827, -1.3850090998158775e-07], [1.7966899267943317, 3.111953204457327, 1.38311437106883e-07], [-1.3620409064609017e-09, 1.148867903090162e-06, 26.07132589210597]], "coords": [[6.231880170385438e-09, 5.440061782879445e-10, 3.815139320608404e-10], [5.992957041928423e-09, 2.431863469370735e-07, 5.791772071333067], [1.7966899217012966, -1.0373175958495497, 2.8986698465340464], [1.796689924587594, -1.0373173498869177, 8.690441917548636], [1.796689927384693, -1.037317104273596, 14.482213990740965], [1.7966899268623575, 1.0373182517495823, 11.589111903764437], [1.7966899234112856, 1.0373184977300796, 17.38088397625108], [1.7966899196600672, 1.037318742945927, 23.172656040224282], [5.447805689270772e-09, 9.056091242561747e-07, 20.279553820950465]], "elements": ["Dy", "Dy", "Dy", "Dy", "Dy", "Dy", "Dy", "Dy", "Dy"], "abc": [3.593373, 3.593373, 26.07133], "angles": [90.0, 90.0, 119.9999], "cartesian": true, "props": ["", "", "", "", "", "", "", "", ""]}, "dft_atoms": {"lattice_mat": [[1.76434, -3.05592, 0.0], [1.76434, 3.05592, 0.0], [0.0, 0.0, 25.36627]], "coords": [[0.0, 0.0, 0.0], [0.0, 0.0, 0.2221484783810788], [0.6666666666666666, 0.3333333333333333, 0.11118485495225452], [0.6666666666666666, 0.3333333333333333, 0.3333333333333333], [0.6666666666666666, 0.3333333333333333, 0.5554818117144121], [0.33333333333333326, 0.6666666666666666, 0.44451818828558787], [0.3333333333333333, 0.6666666666666666, 0.6666666666666666], [0.3333333333333333, 0.6666666666666666, 0.8888151450477454], [0.0, 0.0, 0.7778515216189211]], "elements": ["Dy", "Dy", "Dy", "Dy", "Dy", "Dy", "Dy", "Dy", "Dy"], "abc": [3.528674, 3.528674, 25.36627], "angles": [90.0, 90.0, 119.9999], "cartesian": false, "props": ["", "", "", "", "", "", "", "", ""]}, "energy": -16.70860004425049}