{"jid": "JVASP-14832", "opt_atoms": {"lattice_mat": [[1.5874266541653959, -2.7495067794907824, 7.229278084843895e-10], [1.587426653697901, 2.749506779220873, -7.518391297727054e-10], [-5.485790650795477e-11, -1.6155986012130565e-09, 5.641299579813415]], "coords": [[1.5874266539684219, -0.916502264540761, 4.230974700876682], [1.5874266538400186, 0.9165022624246895, 1.4103248788709524]], "elements": ["Cd", "Cd"], "abc": [3.174861, 3.174861, 5.6413], "angles": [90.0, 90.0, 120.0], "cartesian": true, "props": ["", ""]}, "dft_atoms": {"lattice_mat": [[1.5103, -2.61592, 0.0], [1.5103, 2.61592, 0.0], [0.0, 0.0, 5.73145]], "coords": [[0.6666666666666666, 0.3333333333333333, 0.75], [0.33333333333333337, 0.6666666666666667, 0.25]], "elements": ["Cd", "Cd"], "abc": [3.020603, 3.020603, 5.73145], "angles": [90.0, 90.0, 120.0001], "cartesian": false, "props": ["", ""]}, "energy": 5.097037315368652}