{"jid": "JVASP-79561", "opt_atoms": {"lattice_mat": [[3.18097, 0.0, 0.0], [0.0, 3.18097, 0.0], [0.0, 0.0, 3.18097]], "coords": [[1.590485, 1.590485, 1.590485], [0.0, 0.0, 0.0]], "elements": ["W", "W"], "abc": [3.18097, 3.18097, 3.18097], "angles": [90.0, 90.0, 90.0], "cartesian": true, "props": ["", ""]}, "dft_atoms": {"lattice_mat": [[3.18097, 0.0, 0.0], [0.0, 3.18097, 0.0], [0.0, 0.0, 3.18097]], "coords": [[0.5, 0.5, 0.5], [0.0, 0.0, 0.0]], "elements": ["W", "W"], "abc": [3.18097, 3.18097, 3.18097], "angles": [90.0, 90.0, 90.0], "cartesian": false, "props": ["", ""]}, "energy": -19.80550765991211}