{"jid": "JVASP-14604", "opt_atoms": {"lattice_mat": [[4.671513777347592, -1.420555201312328e-07, 1.8574252957684467e-07], [-1.4205551798510623e-07, 4.671513774969411, 1.8465645596307614e-07], [1.8574252931852548e-07, 1.8465645421287618e-07, 5.7342307721551755]], "coords": [[-3.999617613658893e-08, -3.996763714021278e-08, 4.994887714264166e-07], [2.335756952725509, 2.3357569513436927, 2.8671150774560825]], "elements": ["Ba", "Ba"], "abc": [4.67151, 4.67151, 5.73423], "angles": [90.0, 90.0, 90.0], "cartesian": true, "props": ["", ""]}, "dft_atoms": {"lattice_mat": [[4.91572, 0.0, 0.0], [0.0, 4.91572, 0.0], [0.0, 0.0, 4.91572]], "coords": [[0.0, 0.0, 0.0], [0.5, 0.5, 0.5]], "elements": ["Ba", "Ba"], "abc": [4.91572, 4.91572, 4.91572], "angles": [90.0, 90.0, 90.0], "cartesian": false, "props": ["", ""]}, "energy": 0.730078935623169}