{"jid": "JVASP-910", "opt_atoms": {"lattice_mat": [[1.5350499589685616, -2.658778839127552, -1.0073095224452294e-08], [1.5350499385328906, 2.65877882732899, -1.866937039581864e-08], [-9.219366490227201e-08, -1.591943220978163e-08, 9.824940549167334]], "coords": [[-5.546244084399152e-08, -8.451891016951459e-09, 4.912470272517908], [-1.2334532096683711e-08, -2.522296150040194e-10, 3.3016964992955435e-08], [1.535049932204061, 0.88625962702957, 2.4562351249779346], [1.5350498957134613, -0.8862596531835734, 7.368705364296515]], "elements": ["La", "La", "La", "La"], "abc": [3.070096, 3.070096, 9.82494], "angles": [90.0, 90.0, 119.9999], "cartesian": true, "props": ["", "", "", ""]}, "dft_atoms": {"lattice_mat": [[1.86902, -3.23723, 0.0], [1.86902, 3.23723, 0.0], [0.0, 0.0, 11.99005]], "coords": [[0.0, 0.0, 0.5], [0.0, 0.0, 0.0], [0.3333333333333333, 0.6666666666666666, 0.25], [0.6666666666666667, 0.33333333333333337, 0.75]], "elements": ["La", "La", "La", "La"], "abc": [3.738033, 3.738033, 11.99005], "angles": [90.0, 90.0, 119.9999], "cartesian": false, "props": ["", "", "", ""]}, "energy": -11.401365280151367}