{"jid": "JVASP-8003", "opt_atoms": {"lattice_mat": [[5.90598, 0.0, 0.0], [0.0, 5.90598, 0.0], [0.0, 0.0, 5.90598]], "coords": [[0.0, 0.0, 0.0], [1.476495, 1.476495, 4.429485], [0.0, 2.95299, 2.95299], [1.476495, 4.429485, 1.476495], [2.95299, 0.0, 2.95299], [4.429485, 1.476495, 1.476495], [2.95299, 2.95299, 0.0], [4.429485, 4.429485, 4.429485]], "elements": ["Cd", "S", "Cd", "S", "Cd", "S", "Cd", "S"], "abc": [5.90598, 5.90598, 5.90598], "angles": [90.0, 90.0, 90.0], "cartesian": true, "props": ["", "", "", "", "", "", "", ""]}, "dft_atoms": {"lattice_mat": [[5.90598, 0.0, 0.0], [0.0, 5.90598, 0.0], [0.0, 0.0, 5.90598]], "coords": [[0.0, 0.0, 0.0], [0.25, 0.25, 0.75], [0.0, 0.5, 0.5], [0.25, 0.75, 0.25], [0.5, 0.0, 0.5], [0.75, 0.25, 0.25], [0.5, 0.5, 0.0], [0.75, 0.75, 0.75]], "elements": ["Cd", "S", "Cd", "S", "Cd", "S", "Cd", "S"], "abc": [5.90598, 5.90598, 5.90598], "angles": [90.0, 90.0, 90.0], "cartesian": false, "props": ["", "", "", "", "", "", "", ""]}, "energy": -3.658486843109131}