{"jid": "JVASP-11981", "opt_atoms": {"lattice_mat": [[5.240865271328958, 1.9793071340652132e-10, 0.0006827427810431027], [1.97930713639944e-10, 5.242182691756665, -1.5331032456052062e-09], [0.0006827427810429573, -1.5331020848259282e-09, 5.242550795479053]], "coords": [[1.3105530879616765, 1.3817142129293784e-09, 2.621429665254869], [3.930994926866273, 1.950640064933657e-09, 2.621803872656213], [0.0001880155149931886, 2.6210913432038554, 1.3106413099533254], [0.0004947279576862131, 2.6210913422476647, 3.9319094825115775], [2.6204326344650184, 3.9316359706439536, 0.00034137313531988264], [2.620432634847843, 1.3105467189203683, 0.00034137326660150304], [4.744667044681071e-10, 3.775626511723867e-09, 2.6251405971083723e-09], [2.6207740066038694, 2.621091341885214, 2.6216167657304696]], "elements": ["Nb", "Nb", "Nb", "Nb", "Nb", "Nb", "Al", "Al"], "abc": [5.24087, 5.24218, 5.24255], "angles": [90.0, 89.9851, 90.0], "cartesian": true, "props": ["", "", "", "", "", "", "", ""]}, "dft_atoms": {"lattice_mat": [[5.21691, 0.0, 0.0], [0.0, 5.21691, 0.0], [0.0, 0.0, 5.21691]], "coords": [[0.25, 0.0, 0.5], [0.75, 0.0, 0.5], [0.0, 0.5, 0.25], [0.0, 0.5, 0.75], [0.5, 0.75, 0.0], [0.5, 0.25, 0.0], [0.0, 0.0, 0.0], [0.5, 0.5, 0.5]], "elements": ["Nb", "Nb", "Nb", "Nb", "Nb", "Nb", "Al", "Al"], "abc": [5.21691, 5.21691, 5.21691], "angles": [90.0, 90.0, 90.0], "cartesian": false, "props": ["", "", "", "", "", "", "", ""]}, "energy": -49.722469329833984}