{"jid": "JVASP-20625", "opt_atoms": {"lattice_mat": [[3.26511, 0.0, 0.0], [0.0, 3.26511, 0.0], [0.0, 0.0, 3.26511]], "coords": [[1.632555, 1.632555, 1.632555], [0.0, 0.0, 0.0]], "elements": ["Zr", "Cu"], "abc": [3.26511, 3.26511, 3.26511], "angles": [90.0, 90.0, 90.0], "cartesian": true, "props": ["", ""]}, "dft_atoms": {"lattice_mat": [[3.26511, 0.0, 0.0], [0.0, 3.26511, 0.0], [0.0, 0.0, 3.26511]], "coords": [[0.5, 0.5, 0.5], [0.0, 0.0, 0.0]], "elements": ["Zr", "Cu"], "abc": [3.26511, 3.26511, 3.26511], "angles": [90.0, 90.0, 90.0], "cartesian": false, "props": ["", ""]}, "energy": -5.484159469604492}