{"jid": "JVASP-1017", "opt_atoms": {"lattice_mat": [[1.7975604341101956, -3.113470080774919, 6.978070687069244e-08], [1.7975604326377455, 3.113470079924805, -6.861289377024261e-08], [8.403413366103193e-09, -5.74959411163263e-07, 26.051936525860732]], "coords": [[-9.341180713049204e-10, -5.378677731280672e-10, -1.2480596835460813e-08], [6.973416488061652e-10, -1.2343102384244303e-07, 5.789425452131441], [1.7975604357262227, -1.0378234287211905, 2.8945534135414572], [1.7975604369170721, -1.0378235504143467, 8.683978865860412], [1.7975604382879766, -1.037823671656873, 14.473404321641938], [1.7975604368633784, 1.0378230960664185, 11.578532208181155], [1.7975604391541526, 1.037822974637996, 17.367957664276872], [1.797560441565558, 1.0378228534378895, 23.157383120091975], [5.489312016805363e-09, -4.517178665288203e-07, 20.262511073747117]], "elements": ["Tb", "Tb", "Tb", "Tb", "Tb", "Tb", "Tb", "Tb", "Tb"], "abc": [3.595124, 3.595124, 26.05194], "angles": [90.0, 90.0, 120.0001], "cartesian": true, "props": ["", "", "", "", "", "", "", "", ""]}, "dft_atoms": {"lattice_mat": [[1.77375, -3.07223, 0.0], [1.77375, 3.07223, 0.0], [0.0, 0.0, 25.5273]], "coords": [[0.0, 0.0, 0.0], [0.0, 0.0, 0.22222641082843023], [0.6666666666666666, 0.3333333333333333, 0.11110692250490309], [0.6666666666666666, 0.3333333333333333, 0.3333333333333333], [0.6666666666666666, 0.3333333333333333, 0.5555597441617636], [0.33333333333333326, 0.6666666666666666, 0.44444025583823643], [0.3333333333333333, 0.6666666666666666, 0.6666666666666666], [0.3333333333333333, 0.6666666666666666, 0.8888930774950968], [0.0, 0.0, 0.7777735891715697]], "elements": ["Tb", "Tb", "Tb", "Tb", "Tb", "Tb", "Tb", "Tb", "Tb"], "abc": [3.547504, 3.547504, 25.5273], "angles": [90.0, 90.0, 120.0001], "cartesian": false, "props": ["", "", "", "", "", "", "", "", ""]}, "energy": -16.924205660820007}