{"jid": "JVASP-14657", "opt_atoms": {"lattice_mat": [[6.333631040794711, -0.0002187035622992636, 3.220140668348347e-11], [-0.00021870356229921934, 6.333073508608624, -7.97814211001278e-09], [2.5922359085404464e-11, -6.4224605665232015e-09, 5.22479098728687]], "coords": [[1.028269954562381, 4.194817621074603, 2.6123954867387753], [1.0284513079696758, 2.1381047953810204, -6.265840277392686e-10], [5.304973395748047, 4.194770997654557, -3.362841867899742e-09], [5.305124010470124, 2.138031743934034, 2.612395489687211], [6.332658648521e-08, 4.4485552622352966e-08, 1.3061977493202848], [6.277319162342514e-08, 4.1526556241097105e-08, 3.918593240184244], [4.1952124337521015, 1.028210096583672, 9.12376434245387e-10], [4.195201800705601, 5.304453772455306, 2.6123954850316964], [2.138255003751501, 1.0283900662478647, 2.612395490920446], [2.1381935854726226, 5.304637651933878, -4.433721696649368e-09], [3.1667061823448144, 3.1664274133970487, 3.9185932597925968], [3.166706183125222, 3.1664274161120014, 1.3061977223386225]], "elements": ["Zr", "Zr", "Zr", "Zr", "Ni", "Ni", "Zr", "Zr", "Zr", "Zr", "Ni", "Ni"], "abc": [6.33363, 6.33307, 5.22479], "angles": [90.0, 90.0, 90.004], "cartesian": true, "props": ["", "", "", "", "", "", "", "", "", "", "", ""]}, "dft_atoms": {"lattice_mat": [[6.49126, 0.0, 0.0], [0.0, 6.49126, 0.0], [0.0, 0.0, 5.22551]], "coords": [[0.16238675901648564, 0.6623867590164856, 0.5], [0.16238675901648564, 0.3376132409835144, 0.0], [0.8376132409835144, 0.6623867590164856, 0.0], [0.8376132409835144, 0.3376132409835144, 0.5], [0.0, 0.0, 0.25], [0.0, 0.0, 0.75], [0.6623867590164856, 0.16238675901648558, 0.0], [0.6623867590164856, 0.8376132409835144, 0.5], [0.3376132409835144, 0.16238675901648558, 0.5], [0.3376132409835144, 0.8376132409835144, 0.0], [0.5, 0.5, 0.75], [0.5, 0.5, 0.25]], "elements": ["Zr", "Zr", "Zr", "Zr", "Ni", "Ni", "Zr", "Zr", "Zr", "Zr", "Ni", "Ni"], "abc": [6.49126, 6.49126, 5.22551], "angles": [90.0, 90.0, 90.0], "cartesian": false, "props": ["", "", "", "", "", "", "", "", "", "", "", ""]}, "energy": -55.87371826171875}