{"jid": "JVASP-984", "opt_atoms": {"lattice_mat": [[3.895802272699666, 9.075647148608178e-10, -2.023208809245074e-09], [9.075648648180882e-10, 3.8958022716839924, 2.935866451177229e-10], [-2.0232091072504153e-09, 2.935873047170557e-10, 3.895802273715356]], "coords": [[5.464498579584125e-08, 1.947901081652813, 5.432723715048678e-08], [5.280301571159492e-08, 5.4003299004923786e-08, 1.9479010830125931], [1.9479010818824958, 1.9479010825199001, 1.947901082070195], [1.9479010822038545, 5.456370314906702e-08, 5.312291176892211e-08]], "elements": ["Rh", "Rh", "Rh", "Rh"], "abc": [3.8958, 3.8958, 3.8958], "angles": [90.0, 90.0, 90.0], "cartesian": true, "props": ["", "", "", ""]}, "dft_atoms": {"lattice_mat": [[3.83221, 0.0, 0.0], [0.0, 3.83221, 0.0], [0.0, 0.0, 3.83221]], "coords": [[0.0, 0.5, 0.0], [0.0, 0.0, 0.5], [0.5, 0.5, 0.5], [0.5, 0.0, 0.0]], "elements": ["Rh", "Rh", "Rh", "Rh"], "abc": [3.83221, 3.83221, 3.83221], "angles": [90.0, 90.0, 90.0], "cartesian": false, "props": ["", "", "", ""]}, "energy": -15.485130310058594}