{"jid": "JVASP-966", "opt_atoms": {"lattice_mat": [[1.817010277184713, -3.147144160067779, -2.8322319865578982e-09], [1.8170102758568418, 3.1471441593011282, 6.46382000116528e-10], [-7.042796721403874e-09, 6.471002443557153e-09, 11.727442091063567]], "coords": [[2.0655484903644917e-10, 3.2333129950098592e-09, 5.863721045535663], [1.8170102708160207, 1.0490480490237493, 2.931860522227037], [3.5151028849690303e-09, 1.5529112184195143e-10, 2.978554153540685e-09], [1.8170102679246973, -1.0490480435107945, 8.79558156364477]], "elements": ["Pm", "Pm", "Pm", "Pm"], "abc": [3.634008, 3.634008, 11.72744], "angles": [90.0, 90.0, 119.9998], "cartesian": true, "props": ["", "", "", ""]}, "dft_atoms": {"lattice_mat": [[1.8137, -3.14141, 0.0], [1.8137, 3.14141, 0.0], [0.0, 0.0, 11.68746]], "coords": [[0.0, 0.0, 0.5], [0.3333333333333333, 0.6666666666666666, 0.25], [0.0, 0.0, 0.0], [0.6666666666666667, 0.33333333333333337, 0.75]], "elements": ["Pm", "Pm", "Pm", "Pm"], "abc": [3.627391, 3.627391, 11.68746], "angles": [90.0, 90.0, 119.9998], "cartesian": false, "props": ["", "", "", ""]}, "energy": -8.282379150390625}