{"jid": "JVASP-1014", "opt_atoms": {"lattice_mat": [[3.321873882064511, 1.3975078274506555e-10, 2.435745483030883e-10], [1.3975153765659137e-10, 3.3226232930908153, 1.7218215704742707e-09], [2.43577358860171e-10, 1.7218213871291979e-09, 3.3226232930908153]], "coords": [[1.6609369543689512, 1.6613116615527912, 1.661311659275526], [-1.318004610304314e-08, -1.4088765804008601e-08, -1.1759096128014664e-08]], "elements": ["Ta", "Ta"], "abc": [3.32187, 3.32262, 3.32262], "angles": [90.0, 90.0, 90.0], "cartesian": true, "props": ["", ""]}, "dft_atoms": {"lattice_mat": [[3.31168, 0.0, 0.0], [0.0, 3.31168, 0.0], [0.0, 0.0, 3.31168]], "coords": [[0.5, 0.5, 0.5], [0.0, 0.0, 0.0]], "elements": ["Ta", "Ta"], "abc": [3.31168, 3.31168, 3.31168], "angles": [90.0, 90.0, 90.0], "cartesian": false, "props": ["", ""]}, "energy": -17.777099609375}