{"jid": "JVASP-837", "opt_atoms": {"lattice_mat": [[2.357094147301256, -4.082614662480558, -1.7939266270580573e-06], [2.3570941479985454, 4.082614662883134, 1.7952429358521052e-06], [3.4727430269464762e-09, 5.466967404737962e-06, 12.379336098107697]], "coords": [[2.3649327209861456e-08, 1.35850824193703e-06, 2.9083344388072074], [2.3570941253800393, -1.3608710898994922, 1.2181103389877697], [2.357094149050104, -1.3608683326147593, 7.034779210898221], [2.357094148815044, 1.3608738002195915, 5.344556891299008], [2.3570941283459623, 1.3608765568269845, 11.161225763901971], [2.514831427492313e-08, 4.107580502753685e-06, 9.471001658519329]], "elements": ["Bi", "Bi", "Bi", "Bi", "Bi", "Bi"], "abc": [4.714189, 4.714189, 12.37934], "angles": [90.0, 90.0, 120.0001], "cartesian": true, "props": ["", "", "", "", "", ""]}, "dft_atoms": {"lattice_mat": [[2.29189, -3.96968, 0.0], [2.29189, 3.96968, 0.0], [0.0, 0.0, 12.09311]], "coords": [[0.0, 0.0, 0.23456368786408013], [0.6666666666666666, 0.3333333333333333, 0.09876964546925318], [0.6666666666666666, 0.3333333333333333, 0.5678970211974135], [0.33333333333333326, 0.6666666666666666, 0.4321029788025865], [0.3333333333333333, 0.6666666666666666, 0.9012303545307467], [0.0, 0.0, 0.7654363121359198]], "elements": ["Bi", "Bi", "Bi", "Bi", "Bi", "Bi"], "abc": [4.583789, 4.583789, 12.09311], "angles": [90.0, 90.0, 120.0001], "cartesian": false, "props": ["", "", "", "", "", ""]}, "energy": -6.927652359008789}