{"jid": "JVASP-834", "opt_atoms": {"lattice_mat": [[1.0776577712877506, -1.8665318770605843, 6.574244637668649e-09], [1.0776577713745004, 1.8665318771106663, -6.666867598786616e-09], [-1.458302369416602e-10, -1.2036406561028459e-08, 3.269237070249878]], "coords": [[1.07765777128021, -0.6221765317781998, 0.8173093802865522], [1.0776577712362105, 0.6221765195135736, 2.4519276880549943]], "elements": ["Be", "Be"], "abc": [2.155292, 2.155292, 3.26924], "angles": [90.0, 90.0, 119.9992], "cartesian": true, "props": ["", ""]}, "dft_atoms": {"lattice_mat": [[1.13244, -1.96143, 0.0], [1.13244, 1.96143, 0.0], [0.0, 0.0, 3.56595]], "coords": [[0.6666666666666666, 0.3333333333333333, 0.25], [0.33333333333333337, 0.6666666666666667, 0.75]], "elements": ["Be", "Be"], "abc": [2.264868, 2.264868, 3.56595], "angles": [90.0, 90.0, 119.9997], "cartesian": false, "props": ["", ""]}, "energy": -4.814534664154053}