{"jid": "JVASP-8583", "opt_atoms": {"lattice_mat": [[5.78616, 0.0, 0.0], [0.0, 5.78616, 0.0], [0.0, 0.0, 5.78616]], "coords": [[0.0, 0.0, 0.0], [0.0, 2.89308, 0.0], [0.0, 2.89308, 2.89308], [0.0, 0.0, 2.89308], [2.89308, 0.0, 2.89308], [2.89308, 2.89308, 2.89308], [2.89308, 2.89308, 0.0], [2.89308, 0.0, 0.0]], "elements": ["Ag", "Br", "Ag", "Br", "Ag", "Br", "Ag", "Br"], "abc": [5.78616, 5.78616, 5.78616], "angles": [90.0, 90.0, 90.0], "cartesian": true, "props": ["", "", "", "", "", "", "", ""]}, "dft_atoms": {"lattice_mat": [[5.78616, 0.0, 0.0], [0.0, 5.78616, 0.0], [0.0, 0.0, 5.78616]], "coords": [[0.0, 0.0, 0.0], [0.0, 0.5, 0.0], [0.0, 0.5, 0.5], [0.0, 0.0, 0.5], [0.5, 0.0, 0.5], [0.5, 0.5, 0.5], [0.5, 0.5, 0.0], [0.5, 0.0, 0.0]], "elements": ["Ag", "Br", "Ag", "Br", "Ag", "Br", "Ag", "Br"], "abc": [5.78616, 5.78616, 5.78616], "angles": [90.0, 90.0, 90.0], "cartesian": false, "props": ["", "", "", "", "", "", "", ""]}, "energy": -0.8139705657958984}