{"jid": "JVASP-1327", "opt_atoms": {"lattice_mat": [[5.5694900708883495, 0.00012327331212063953, 0.0001145068985880318], [0.00012327331212063093, 5.569786466888005, -0.00019365235620339195], [0.00011450689858703574, -0.0001936523562039982, 5.5697879578882805]], "coords": [[2.3931552826320923e-05, -1.3287237817159356e-05, 1.348278869817035e-05], [4.177170678954551, 1.3924963690463208, 1.3924803261166887], [0.0001462735518307748, 2.784792038105856, 2.7847846437439614], [4.177297674453854, 4.177297229174328, 4.1772883693491245], [2.7847743727326977, -3.358869478981557e-05, 2.784936256479724], [1.3924779191485919, 1.3923330016458273, 4.177338676968223], [2.7847818444973336, 2.784970225532243, -2.4303292548084008e-05], [1.3924903668373714, 4.17730553874618, 1.3923168285134102]], "elements": ["Al", "P", "Al", "P", "Al", "P", "Al", "P"], "abc": [5.56949, 5.56979, 5.56979], "angles": [90.0039, 89.9977, 89.9975], "cartesian": true, "props": ["", "", "", "", "", "", "", ""]}, "dft_atoms": {"lattice_mat": [[5.5143, 0.0, 0.0], [0.0, 5.5143, 0.0], [0.0, 0.0, 5.5143]], "coords": [[0.0, 0.0, 0.0], [0.75, 0.25, 0.25], [0.0, 0.5, 0.5], [0.75, 0.75, 0.75], [0.5, 0.0, 0.5], [0.25, 0.25, 0.75], [0.5, 0.5, 0.0], [0.25, 0.75, 0.25]], "elements": ["Al", "P", "Al", "P", "Al", "P", "Al", "P"], "abc": [5.5143, 5.5143, 5.5143], "angles": [90.0, 90.0, 90.0], "cartesian": false, "props": ["", "", "", "", "", "", "", ""]}, "energy": -30.75369644165039}