{"jid": "JVASP-37045", "opt_atoms": {"lattice_mat": [[8.131893845476624, -6.870043779182981e-08, -3.022018885485023e-05], [-6.870043738989563e-08, 5.722574834874145, -0.00010001228431809847], [-3.022018885482264e-05, -0.00010001228431540692, 5.719522044861997]], "coords": [[2.032955686721322, 4.291858744947375, 1.429797903941917], [2.033081198546859, 4.291811642476276, 4.289558926629402], [0.0002782370513601909, -0.00020554312121429975, -5.981670232476642e-06], [-6.4584988988925e-06, 2.861292987652128, -4.9809160223302396e-05], [2.0330712088894396, 1.4306131302730452, 4.289608940402275], [2.0330962488639437, 1.4306660786651872, 1.4298479518955696], [0.00024483163551843273, 2.8614429402770183, 2.85971334394787], [-2.3107057373610722e-05, -5.5572510487042316e-05, 2.8597605335365137], [6.09889270097949, 4.291854808120485, 4.28954380113976], [6.099043800891741, 4.291953765500155, 1.4297828032976838], [4.066191835867708, -0.0002643495096895823, 2.859743567533903], [4.065923778899726, 2.8612422156026476, 2.8596964039745143], [6.098902724595691, 1.4305709967703208, 1.4298328057812537], [6.09890275073201, 1.430569897319861, 4.289593817730213], [4.066225180945829, 2.861501693762978, -5.903616622257453e-05], [4.065940489374874, -4.8680743744205955e-06, -1.5302922691080882e-05]], "elements": ["Ti", "Ti", "Ti", "Al", "Ti", "Ti", "Ti", "Al", "Ti", "Ti", "Ti", "Al", "Ti", "Ti", "Ti", "Al"], "abc": [8.13189, 5.72257, 5.71952], "angles": [90.002, 90.0005, 90.0], "cartesian": true, "props": ["", "", "", "", "", "", "", "", "", "", "", "", "", "", "", ""]}, "dft_atoms": {"lattice_mat": [[6.44085, 0.0, 0.0], [0.0, 6.44085, 0.0], [0.0, 0.0, 6.44085]], "coords": [[0.25, 0.75, 0.25], [0.25, 0.75, 0.75], [0.0, 0.0, 0.0], [0.0, 0.5, 0.0], [0.25, 0.25, 0.75], [0.25, 0.25, 0.25], [0.0, 0.5, 0.5], [0.0, 0.0, 0.5], [0.75, 0.75, 0.75], [0.75, 0.75, 0.25], [0.5, 0.0, 0.5], [0.5, 0.5, 0.5], [0.75, 0.25, 0.25], [0.75, 0.25, 0.75], [0.5, 0.5, 0.0], [0.5, 0.0, 0.0]], "elements": ["Ti", "Ti", "Ti", "Al", "Ti", "Ti", "Ti", "Al", "Ti", "Ti", "Ti", "Al", "Ti", "Ti", "Ti", "Al"], "abc": [6.44085, 6.44085, 6.44085], "angles": [90.0, 90.0, 90.0], "cartesian": false, "props": ["", "", "", "", "", "", "", "", "", "", "", "", "", "", "", ""]}, "energy": -73.94783020019531}