{"jid": "JVASP-37996", "opt_atoms": {"lattice_mat": [[1.9676842728418302, -3.3785428726542475, 0.026381845420041544], [1.9676842893086217, 3.3785428821613617, -0.026381927117174783], [-5.085221195376751e-08, -0.018961767529502835, 2.6317064833499253]], "coords": [[-2.0506175827415802e-07, 0.0012497614213424035, -0.0016021415684522272], [1.9676844404409137, 1.1114707885608448, 1.3011711093971534], [1.9676844486622231, -1.1302093872747425, 1.3304098183872128]], "elements": ["Al", "Fe", "Fe"], "abc": [3.909858, 3.909858, 2.631778], "angles": [90.7433, 89.2567, 119.568], "cartesian": true, "props": ["", "", ""]}, "dft_atoms": {"lattice_mat": [[2.05373, -3.55716, 0.0], [2.05373, 3.55716, 0.0], [0.0, 0.0, 2.55668]], "coords": [[0.0, 0.0, 0.0], [0.3333333333333333, 0.6666666666666666, 0.5], [0.6666666666666667, 0.33333333333333337, 0.5]], "elements": ["Al", "Fe", "Fe"], "abc": [4.107456, 4.107456, 2.55668], "angles": [90.0, 90.0, 119.9999], "cartesian": false, "props": ["", "", ""]}, "energy": -12.252389430999756}