{"jid": "JVASP-828", "opt_atoms": {"lattice_mat": [[2.54002895939181, -4.399249567539677, 0.0003321983469354884], [2.5410341264769967, 4.399829901039391, -0.0011029698172807655], [-0.0019667030054839048, -0.0021142450591674264, 13.014300283340392]], "coords": [[2.539166723852529, 3.355270208210937, 11.599707666426061], [0.9015423768923965, 0.5196166215248329, 11.60046793617092], [4.176202665053999, 0.5199466574612215, 11.599926435719855], [3.4423055043357427, 0.943897734006431, 10.08916408620382], [2.5392860823321897, 2.507827652076037, 10.089083449159157], [1.6358795374441837, 0.943663076365519, 10.089408682579222], [2.539142385721411, -0.2636432413038717, 8.992274047104047], [1.4960197177785537, -2.0698232913171366, 8.992725813940188], [3.581853088887948, -2.069585436832378, 8.99241001783009], [1.4955987570222313, -0.8663854293366351, 12.697797555285314], [2.5383078004524036, -2.672324754377751, 12.697933554912664], [3.581428835504321, -0.8661475608548294, 12.697481783294744], [2.5398101828198505, -2.5093638997488834, 2.9244522840485514], [3.4432595040292684, -0.9451821518216652, 2.9241249528661144], [1.6368132659116328, -0.9454459540909669, 2.9243551002290737], [0.9028669816298983, -0.5214769316576363, 1.4136108999926933], [2.5399226130590082, -3.356799529401623, 1.4138140422170553], [4.177553876729459, -0.5211503306880625, 1.4130614599737037], [2.540788587071691, 2.6707908398893365, 0.31559596096020626], [1.4976675156538546, 0.8646136215439599, 0.3160477276835011], [3.583497589452164, 0.8648515386841901, 0.31573198805013997], [1.4972433382375394, 2.0680514856292724, 4.02111946225939], [2.539953982623578, 0.2621093257293891, 4.021255467426041], [3.5830767120316276, 2.068289410036529, 4.020803761056644], [2.5394873322340157, 0.42294964709288424, 7.262084519791098], [3.4429234858270235, 1.9871367313659218, 7.261744804952323], [1.6364962924375186, 1.9868734099604657, 7.2619693634524465], [3.442607432219443, -1.9884223900022349, 5.751549684638453], [2.539604083613935, -0.42448664160961946, 5.751451311579473], [1.636201019243663, -1.9886579550516574, 5.751788815649661], [2.539462894062626, -3.195964976077738, 4.654652339014739], [4.037374336211089, -0.60231514117595, 4.654001133253146], [1.0421446090773752, -0.6026575999222011, 4.654456141494854], [4.036951812331543, 0.6011236468103597, 8.359073358511157], [2.5396334695444978, 3.1944310605673913, 8.35887717612638], [1.0417220929446154, 0.6007812645797039, 8.359528422575574]], "elements": ["B", "B", "B", "B", "B", "B", "B", "B", "B", "B", "B", "B", "B", "B", "B", "B", "B", "B", "B", "B", "B", "B", "B", "B", "B", "B", "B", "B", "B", "B", "B", "B", "B", "B", "B", "B"], "abc": [5.079877, 5.08088, 13.0143], "angles": [90.0248, 89.9926, 119.9911], "cartesian": true, "props": ["", "", "", "", "", "", "", "", "", "", "", "", "", "", "", "", "", "", "", "", "", "", "", "", "", "", "", "", "", "", "", "", "", "", "", ""]}, "dft_atoms": {"lattice_mat": [[2.45498, -4.25215, 0.0], [2.45498, 4.25215, 0.0], [0.0, 0.0, 12.52827]], "coords": [[0.11844441649747162, 0.8815555835025284, 0.8913595434432888], [0.11844441649747162, 0.23688883299494323, 0.8913595434432888], [0.7631111670050568, 0.8815555835025284, 0.8913595434432888], [0.5702221663282765, 0.7851110831641382, 0.7753071232233778], [0.2148889168358617, 0.7851110831641382, 0.7753071232233778], [0.21488891683586164, 0.4297778336717233, 0.7753071232233778], [0.5296836692207525, 0.4703163307792475, 0.6909540992897468], [0.5296836692207525, 0.05936733844150499, 0.6909540992897468], [0.940632661558495, 0.4703163307792475, 0.6909540992897468], [0.3927006717748383, 0.19635033588741901, 0.9757125673769198], [0.8036496641125808, 0.19635033588741913, 0.9757125673769198], [0.8036496641125808, 0.6072993282251616, 0.9757125673769198], [0.7851110831641382, 0.21488891683586164, 0.22469287677662209], [0.7851110831641382, 0.5702221663282765, 0.22469287677662209], [0.4297778336717233, 0.21488891683586164, 0.22469287677662209], [0.23688883299494323, 0.11844441649747162, 0.10864045655671117], [0.8815555835025284, 0.11844441649747162, 0.10864045655671117], [0.8815555835025283, 0.7631111670050565, 0.10864045655671117], [0.19635033588741901, 0.8036496641125808, 0.024287432623080196], [0.19635033588741901, 0.3927006717748383, 0.024287432623080196], [0.6072993282251615, 0.8036496641125808, 0.024287432623080196], [0.05936733844150499, 0.5296836692207523, 0.30904590071025306], [0.4703163307792475, 0.5296836692207525, 0.30904590071025306], [0.4703163307792475, 0.940632661558495, 0.30904590071025306], [0.45177774983080493, 0.5482222501691951, 0.5580262101099556], [0.45177774983080493, 0.9035554996616099, 0.5580262101099556], [0.09644450033839003, 0.5482222501691951, 0.5580262101099556], [0.9035554996616098, 0.4517777498308049, 0.44197378989004443], [0.548222250169195, 0.4517777498308049, 0.44197378989004443], [0.5482222501691949, 0.0964445003383898, 0.44197378989004443], [0.8630170025540858, 0.13698299744591402, 0.35762076595641346], [0.8630170025540858, 0.7260340051081716, 0.35762076595641346], [0.27396599489182827, 0.13698299744591402, 0.35762076595641346], [0.7260340051081716, 0.8630170025540856, 0.6423792340435863], [0.13698299744591402, 0.8630170025540858, 0.6423792340435863], [0.13698299744591402, 0.27396599489182827, 0.6423792340435863]], "elements": ["B", "B", "B", "B", "B", "B", "B", "B", "B", "B", "B", "B", "B", "B", "B", "B", "B", "B", "B", "B", "B", "B", "B", "B", "B", "B", "B", "B", "B", "B", "B", "B", "B", "B", "B", "B"], "abc": [4.90996, 4.90996, 12.52827], "angles": [90.0, 90.0, 120.0], "cartesian": false, "props": ["", "", "", "", "", "", "", "", "", "", "", "", "", "", "", "", "", "", "", "", "", "", "", "", "", "", "", "", "", "", "", "", "", "", "", ""]}, "energy": -203.55604362487793}