{"jid": "JVASP-919", "opt_atoms": {"lattice_mat": [[1.58949, -2.75308, 0.0], [1.58949, 2.75308, 0.0], [0.0, 0.0, 5.17076]], "coords": [[1.58949, -0.9176933333333334, 3.8780699999999997], [1.5894900000000003, 0.9176933333333336, 1.29269]], "elements": ["Mg", "Mg"], "abc": [3.178982, 3.178982, 5.17076], "angles": [90.0, 90.0, 120.0001], "cartesian": true, "props": ["", ""]}, "dft_atoms": {"lattice_mat": [[1.58949, -2.75308, 0.0], [1.58949, 2.75308, 0.0], [0.0, 0.0, 5.17076]], "coords": [[0.6666666666666666, 0.3333333333333333, 0.75], [0.33333333333333337, 0.6666666666666667, 0.25]], "elements": ["Mg", "Mg"], "abc": [3.178982, 3.178982, 5.17076], "angles": [90.0, 90.0, 120.0001], "cartesian": false, "props": ["", ""]}, "energy": 2.2069668769836426}