{"jid": "JVASP-1050", "opt_atoms": {"lattice_mat": [[1.8485397872612583, -3.2017645904279948, 7.171461875879891e-08], [1.8485397874136378, 3.20176459051597, -7.170089606482749e-08], [2.136884240537239e-11, -1.2893345497617047e-07, 5.923963569733507]], "coords": [[1.8485397873280778, -1.0672550194205228, 4.4429727963567265], [1.8485397873681868, 1.0672548897423486, 1.480990773342375]], "elements": ["Y", "Y"], "abc": [3.697075, 3.697075, 5.92396], "angles": [90.0, 90.0, 119.9999], "cartesian": true, "props": ["", ""]}, "dft_atoms": {"lattice_mat": [[1.81213, -3.1387, 0.0], [1.81213, 3.1387, 0.0], [0.0, 0.0, 5.64351]], "coords": [[0.6666666666666666, 0.3333333333333333, 0.75], [0.33333333333333337, 0.6666666666666667, 0.25]], "elements": ["Y", "Y"], "abc": [3.624259, 3.624259, 5.64351], "angles": [90.0, 90.0, 120.0], "cartesian": false, "props": ["", ""]}, "energy": -7.8021626472473145}