{"jid": "JVASP-12019", "opt_atoms": {"lattice_mat": [[0.792117473495379, 6.205443354526127, 0.00577447742359559], [4.054923169388425, 0.45728666613502966, -0.1711415348135764], [0.34478216703653664, -1.9089185588601534, -5.2145671733983665]], "coords": [[-0.0009990763950482498, 0.004035636229748505, 0.1659621349127824], [-2.292817415624672, 0.719677002614541, 5.294735194066939], [-0.48986499732375394, -2.1344205897466146, 0.2032356547611096], [-2.424743583380563, -3.326400605857778, 0.24869879049681765], [-0.6580645626117191, -2.1559635834353044, 5.206091829198404], [-2.9087280667706734, -5.461407811873636, 0.28573833268104293]], "elements": ["Co", "O", "O", "Co", "O", "O"], "abc": [6.255795, 4.084211, 5.563685], "angles": [86.4234, 109.4728, 76.3058], "cartesian": true, "props": ["", "", "", "", "", ""]}, "dft_atoms": {"lattice_mat": [[0.0, 4.88172, 0.0], [2.8182, 0.0, 0.0], [0.0, -1.49272, -9.66607]], "coords": [[0.0, 0.0, 0.0], [-0.13713149078635611, -0.5, -0.9034249826050678], [-0.3628685092136439, 0.0, -0.09657501739493224], [-0.5, -0.5, 0.0], [-0.6371314907863561, 0.0, -0.9034249826050678], [-0.8628685092136439, -0.5, -0.09657501739493224]], "elements": ["Co", "O", "O", "Co", "O", "O"], "abc": [4.88172, 2.8182, 9.78065], "angles": [90.0, 98.7788, 90.0], "cartesian": false, "props": ["", "", "", "", "", ""]}, "energy": -29.701566696166992}