{"jid": "JVASP-17185", "opt_atoms": {"lattice_mat": [[2.396780918999621, -4.2082788457892075, -4.570866278150097e-05], [2.358147743471549, 4.185974018612118, 4.5810778526177915e-05], [9.461328158717648e-08, 4.895659597508306e-05, 4.444980989595016]], "coords": [[1.604065529294004, 2.854535228014298, -0.00021405323655471716], [0.7540705180409483, 1.331508684552361, 2.2222619902613654], [0.762488092251017, -1.3386625043080445, 2.2225994862296488], [1.5166415151309391, -0.007218376895851296, 8.471904839733783e-05], [1.6342832250518082, -2.8696371499978786, 9.494686448101918e-05], [3.2382874992784165, -0.01506196481538238, 2.222575093041116], [2.370990043512298, 1.387861772561889, 3.3337277230446953], [2.383939245870067, -1.4101176159049853, 1.1112072565816054]], "elements": ["Fe", "Fe", "Fe", "Fe", "Fe", "Fe", "C", "C"], "abc": [4.842951, 4.8045, 4.44498], "angles": [89.9988, 90.0012, 120.9422], "cartesian": true, "props": ["", "", "", "", "", "", "", ""]}, "dft_atoms": {"lattice_mat": [[2.31924, -4.01705, 0.0], [2.31924, 4.01705, 0.0], [0.0, 0.0, 4.29769]], "coords": [[0.0, 0.6810722050336209, 0.0], [0.0, 0.31892779496637913, 0.5], [0.31892779496637913, 0.0, 0.5], [0.31892779496637913, 0.31892779496637913, 0.0], [0.6810722050336209, 0.0, 0.0], [0.6810722050336209, 0.6810722050336209, 0.5], [0.3333333333333333, 0.6666666666666666, 0.75], [0.6666666666666667, 0.3333333333333333, 0.25]], "elements": ["Fe", "Fe", "Fe", "Fe", "Fe", "Fe", "C", "C"], "abc": [4.638487, 4.638487, 4.29769], "angles": [90.0, 90.0, 120.0001], "cartesian": false, "props": ["", "", "", "", "", "", "", ""]}, "energy": -42.93110656738281}