{"jid": "JVASP-91615", "opt_atoms": {"lattice_mat": [[4.49889, 0.0, 0.0], [0.0, 5.56342, 0.0], [0.0, 0.0, 7.02257]], "coords": [[1.1247225, 1.9870975240569022, 4.793075118880242], [1.1247225, 0.7946124759430977, 1.2817901188802419], [3.3741675000000004, 3.576322475943098, 2.229494881119758], [3.3741675000000004, 4.768807524056902, 5.740779881119758], [1.1247225, 4.677970558578538, 3.8274998440075434], [1.1247225, 3.6671594414214614, 0.31621484400754263], [3.3741675000000004, 0.8854494414214616, 3.1950701559924566], [3.3741675000000004, 1.8962605585785377, 6.706355155992457]], "elements": ["Dy", "Dy", "Dy", "Dy", "Pt", "Pt", "Pt", "Pt"], "abc": [4.49889, 5.56342, 7.02257], "angles": [90.0, 90.0, 90.0], "cartesian": true, "props": ["", "", "", "", "", "", "", ""]}, "dft_atoms": {"lattice_mat": [[4.49889, 0.0, 0.0], [0.0, 5.56342, 0.0], [0.0, 0.0, 7.02257]], "coords": [[0.25, 0.3571719417295301, 0.6825243634282381], [0.25, 0.1428280582704699, 0.18252436342823808], [0.75, 0.64282805827047, 0.3174756365717619], [0.75, 0.85717194172953, 0.8174756365717619], [0.25, 0.8408444012097843, 0.5450283648304742], [0.25, 0.6591555987902157, 0.04502836483047412], [0.75, 0.15915559879021568, 0.45497163516952577], [0.75, 0.3408444012097842, 0.9549716351695258]], "elements": ["Dy", "Dy", "Dy", "Dy", "Pt", "Pt", "Pt", "Pt"], "abc": [4.49889, 5.56342, 7.02257], "angles": [90.0, 90.0, 90.0], "cartesian": false, "props": ["", "", "", "", "", "", "", ""]}, "energy": -31.74224281311035}