{"jid": "JVASP-1408", "opt_atoms": {"lattice_mat": [[6.3535105805331735, -0.00034567106807901094, 5.203267843648803e-06], [-0.0003456710680846186, 6.353522391385852, -9.27788875055556e-08], [5.203267847587851e-06, -9.277888976908573e-08, 6.354202025122654]], "coords": [[-8.689431948105326e-07, 2.697508234723803e-06, 1.880765134653024e-06], [4.76496935039543, 1.5881972442777343, 4.765775650104797], [-0.0001711079651745595, 3.1767638040953843, 3.1771028264639822], [4.7647685515884834, 4.764791441359036, 1.5884213122525785], [3.176757048914525, -0.0001702107991032548, 3.177105494377132], [1.5883694061431834, 1.5884029884097204, 1.5884108320512953], [3.176581547736063, 3.1765910573887775, 4.435127011892214e-06], [1.5882384525020476, 4.764953942854764, 4.765803948485612]], "elements": ["Al", "Sb", "Al", "Sb", "Al", "Sb", "Al", "Sb"], "abc": [6.35351, 6.35352, 6.3542], "angles": [90.0, 89.9998, 90.0063], "cartesian": true, "props": ["", "", "", "", "", "", "", ""]}, "dft_atoms": {"lattice_mat": [[6.2257, 0.0, 0.0], [0.0, 6.2257, 0.0], [0.0, 0.0, 6.2257]], "coords": [[0.0, 0.0, 0.0], [0.75, 0.25, 0.75], [0.0, 0.5, 0.5], [0.75, 0.75, 0.25], [0.5, 0.0, 0.5], [0.25, 0.25, 0.25], [0.5, 0.5, 0.0], [0.25, 0.75, 0.75]], "elements": ["Al", "Sb", "Al", "Sb", "Al", "Sb", "Al", "Sb"], "abc": [6.2257, 6.2257, 6.2257], "angles": [90.0, 90.0, 90.0], "cartesian": false, "props": ["", "", "", "", "", "", "", ""]}, "energy": -19.79645347595215}