{"jid": "JVASP-33718", "opt_atoms": {"lattice_mat": [[3.3562589472107103, -4.251368739440788e-11, 2.2045371658649196e-07], [-6.45058126755287e-11, 5.116721156043223, -9.263199350134631e-11], [4.199327012737508e-07, -1.1629076691454289e-10, 6.3251791075504595]], "coords": [[0.3381820106667964, -9.505881528071619e-11, 0.6197800143553428], [1.339947747463811, -1.7882841160657628e-10, 3.7823696418975574], [2.016311623223482, -1.7033224627563156e-10, 2.5428096849710515], [3.018077357342852, -2.2579236727395431e-10, 5.7053993200377295], [2.016311516364602, 2.5583605780708436, 0.6197801758655882], [3.018077253239043, 2.558360578006828, 3.782369693858387], [0.3381821116184657, 2.5583605780662317, 2.5428096390155708], [1.3399478450325797, 2.5583605779851415, 5.705399140972102]], "elements": ["F", "F", "F", "F", "F", "F", "F", "F"], "abc": [3.35626, 5.11672, 6.32518], "angles": [90.0, 90.0, 90.0], "cartesian": true, "props": ["", "", "", "", "", "", "", ""]}, "dft_atoms": {"lattice_mat": [[3.37175, 0.0, 0.0], [0.0, 5.11594, 0.0], [0.0, 0.0, 6.4227]], "coords": [[0.10123447623830545, 0.0, 0.09843184783274739], [0.39876552376169455, 0.0, 0.5984318478327474], [0.6012344762383055, 0.0, 0.4015681521672526], [0.8987655237616945, 0.0, 0.9015681521672526], [0.6012344762383055, 0.5, 0.09843184783274739], [0.8987655237616945, 0.5, 0.5984318478327474], [0.1012344762383055, 0.5, 0.4015681521672526], [0.3987655237616945, 0.5, 0.9015681521672526]], "elements": ["F", "F", "F", "F", "F", "F", "F", "F"], "abc": [3.37175, 5.11594, 6.4227], "angles": [90.0, 90.0, 90.0], "cartesian": false, "props": ["", "", "", "", "", "", "", ""]}, "energy": 2.8267650604248047}