{"jid": "JVASP-25104", "opt_atoms": {"lattice_mat": [[4.099890175074459, -3.0934033703871773e-12, -1.6849099070364482e-08], [-4.752550317614996e-12, 6.287394499051625, -8.657298008841501e-12], [-3.331064337103296e-08, -1.1136746378190495e-11, 8.133679370190896]], "coords": [[2.5743166738196157, 3.143697249518514, 4.945155817837863], [1.5255734697330414, 3.1436972495211895, 3.1885235391724627], [3.575518565315715, 3.1436972495241853, 0.8783161265572351], [0.524371576319028, 3.1436972495172704, 7.255363227671457], [0.524371584733253, -7.966920784621721e-12, 4.945155822576383], [3.575518557305375, -8.786724505825352e-12, 3.1885235314420872], [1.5255734802450298, -5.1980895043661875e-12, 0.8783161332119338], [2.5743166664599073, -1.4353642393207472e-11, 7.255363212089387]], "elements": ["Cl", "Cl", "Cl", "Cl", "Cl", "Cl", "Cl", "Cl"], "abc": [4.09989, 6.28739, 8.13368], "angles": [90.0, 90.0, 90.0], "cartesian": true, "props": ["", "", "", "", "", "", "", ""]}, "dft_atoms": {"lattice_mat": [[4.09147, 0.0, 0.0], [0.0, 6.28593, 0.0], [0.0, 0.0, 8.08883]], "coords": [[0.6277857172010954, 0.5, 0.6078888970008086], [0.37221428279890456, 0.5, 0.3921111029991914], [0.8722142827989046, 0.5, 0.10788889700080873], [0.12778571720109544, 0.5, 0.8921111029991914], [0.12778571720109544, 0.0, 0.6078888970008086], [0.8722142827989046, 0.0, 0.3921111029991914], [0.37221428279890456, 0.0, 0.10788889700080873], [0.6277857172010954, 0.0, 0.8921111029991914]], "elements": ["Cl", "Cl", "Cl", "Cl", "Cl", "Cl", "Cl", "Cl"], "abc": [4.09147, 6.28593, 8.08883], "angles": [90.0, 90.0, 90.0], "cartesian": false, "props": ["", "", "", "", "", "", "", ""]}, "energy": 0.21181392669677734}