{"jid": "JVASP-1198", "opt_atoms": {"lattice_mat": [[6.282904816037056, 0.00013437352677707023, 0.0006835425529613907], [0.00013437352677592425, 6.279176294547197, -0.0022878355154515024], [0.0006835425529616781, -0.0022878355154545295, 6.276582206986944]], "coords": [[9.235790447228992e-05, -6.162442048480319e-05, 3.1462256322039824e-05], [4.7127116090923264, 1.568186273198073, 4.707377444117761], [0.0005423987870400725, 3.1383772011693036, 3.1372142938830394], [4.712431552028711, 4.708928279853077, 1.567928726943471], [3.141697830250386, -0.001045464257162794, 3.138634264101728], [1.5709356422369782, 1.5692585913783523, 1.5687306459022965], [3.141381645042823, 3.1397587531031164, -0.0009055319074649985], [1.5713505632587668, 4.7076824551881655, 4.705902269090009]], "elements": ["Zn", "Te", "Zn", "Te", "Zn", "Te", "Zn", "Te"], "abc": [6.2829, 6.27918, 6.27658], "angles": [90.0418, 89.9876, 89.9976], "cartesian": true, "props": ["", "", "", "", "", "", "", ""]}, "dft_atoms": {"lattice_mat": [[6.16379, 0.0, 0.0], [0.0, 6.16379, 0.0], [0.0, 0.0, 6.16379]], "coords": [[0.0, 0.0, 0.0], [0.75, 0.25, 0.75], [0.0, 0.5, 0.5], [0.75, 0.75, 0.25], [0.5, 0.0, 0.5], [0.25, 0.25, 0.25], [0.5, 0.5, 0.0], [0.25, 0.75, 0.75]], "elements": ["Zn", "Te", "Zn", "Te", "Zn", "Te", "Zn", "Te"], "abc": [6.16379, 6.16379, 6.16379], "angles": [90.0, 90.0, 90.0], "cartesian": false, "props": ["", "", "", "", "", "", "", ""]}, "energy": -0.16895008087158203}