{"jid": "JVASP-94296", "opt_atoms": {"lattice_mat": [[4.1933084489445385, -1.429463263250605e-07, -1.5736092343169893e-07], [-1.4294632780136721e-07, 4.193308568741122, -8.24583400266734e-08], [-2.400482834374258e-07, -1.2578715472789725e-07, 6.821906226300153]], "coords": [[-2.3382335194338122e-08, -2.8132304537608418e-08, -4.1774731808107335e-08], [-1.6410269879022394e-07, 2.0966542565844053, 1.7054765111786314], [0.6988013624722926, 3.144981307589746, 0.8527382651917159], [3.494506866973865, 1.048327093768622, 0.8527382197340964], [1.0483269110765527, 0.6988013976315852, 5.9691678311233645], [3.1449809615298547, 3.494506810836749, 5.969167697705072], [2.096654035643587, 2.0966541528744584, 3.4109529926609943], [2.0966540487790253, -2.030270867278694e-07, 5.116429612000627], [2.7954554980306385, 1.0483270189099574, 4.263691233990424], [1.3978525107335693, 3.144981265898183, 4.263691268398202], [3.1449811190922676, 2.795455601065876, 2.5582146693663907], [1.0483270197279955, 1.3978527277132275, 2.5582147958204424]], "elements": ["C", "C", "O", "O", "O", "O", "C", "C", "O", "O", "O", "O"], "abc": [4.19331, 4.19331, 6.82191], "angles": [90.0, 90.0, 90.0], "cartesian": true, "props": ["", "", "", "", "", "", "", "", "", "", "", ""]}, "dft_atoms": {"lattice_mat": [[3.92764, 0.0, 0.0], [0.0, 3.92764, 0.0], [0.0, 0.0, 5.99147]], "coords": [[0.0, 0.0, 0.0], [0.0, 0.5, 0.25], [0.16761570465743403, 0.75, 0.125], [0.832384295342566, 0.25, 0.125], [0.25, 0.16761570465743403, 0.875], [0.75, 0.832384295342566, 0.875], [0.5, 0.5, 0.5], [0.5, 0.0, 0.75], [0.667615704657434, 0.25, 0.625], [0.33238429534256597, 0.75, 0.625], [0.75, 0.667615704657434, 0.375], [0.25, 0.33238429534256597, 0.375]], "elements": ["C", "C", "O", "O", "O", "O", "C", "C", "O", "O", "O", "O"], "abc": [3.92764, 3.92764, 5.99147], "angles": [90.0, 90.0, 90.0], "cartesian": false, "props": ["", "", "", "", "", "", "", "", "", "", "", ""]}, "energy": -68.92450332641602}