{"jid": "JVASP-14514", "opt_atoms": {"lattice_mat": [[7.98198, 0.0, 0.0], [0.0, 7.98198, 0.0], [0.0, 0.0, 7.98198]], "coords": [[0.0, 3.99099, 0.0], [1.995495, 5.986485, 1.995495], [0.9977475, 0.9977475, 0.9977475], [0.9977475, 6.9842325, 6.9842325], [6.9842325, 0.9977475, 6.9842325], [6.9842325, 2.9932425, 4.9887375], [0.0, 0.0, 3.99099], [1.995495, 1.995495, 5.986485], [0.9977475, 4.9887375, 4.9887375], [0.9977475, 2.9932425, 2.9932425], [6.9842325, 4.9887375, 2.9932425], [6.9842325, 6.9842325, 0.9977475], [3.99099, 3.99099, 3.99099], [5.986485, 5.986485, 5.986485], [4.9887375, 0.9977475, 4.9887375], [4.9887375, 6.9842325, 2.9932425], [2.9932425, 0.9977475, 2.9932425], [2.9932425, 2.9932425, 0.9977475], [3.99099, 0.0, 0.0], [5.986485, 1.995495, 1.995495], [4.9887375, 4.9887375, 0.9977475], [4.9887375, 2.9932425, 6.9842325], [2.9932425, 4.9887375, 6.9842325], [2.9932425, 6.9842325, 4.9887375]], "elements": ["Sm", "Sm", "Al", "Al", "Al", "Al", "Sm", "Sm", "Al", "Al", "Al", "Al", "Sm", "Sm", "Al", "Al", "Al", "Al", "Sm", "Sm", "Al", "Al", "Al", "Al"], "abc": [7.98198, 7.98198, 7.98198], "angles": [90.0, 90.0, 90.0], "cartesian": true, "props": ["", "", "", "", "", "", "", "", "", "", "", "", "", "", "", "", "", "", "", "", "", "", "", ""]}, "dft_atoms": {"lattice_mat": [[7.98198, 0.0, 0.0], [0.0, 7.98198, 0.0], [0.0, 0.0, 7.98198]], "coords": [[0.0, 0.5, 0.0], [0.25, 0.75, 0.25], [0.125, 0.125, 0.125], [0.125, 0.875, 0.875], [0.875, 0.125, 0.875], [0.875, 0.375, 0.625], [0.0, 0.0, 0.5], [0.25, 0.25, 0.75], [0.125, 0.625, 0.625], [0.125, 0.375, 0.375], [0.875, 0.625, 0.375], [0.875, 0.875, 0.125], [0.5, 0.5, 0.5], [0.75, 0.75, 0.75], [0.625, 0.125, 0.625], [0.625, 0.875, 0.375], [0.375, 0.125, 0.375], [0.375, 0.375, 0.125], [0.5, 0.0, 0.0], [0.75, 0.25, 0.25], [0.625, 0.625, 0.125], [0.625, 0.375, 0.875], [0.375, 0.625, 0.875], [0.375, 0.875, 0.625]], "elements": ["Sm", "Sm", "Al", "Al", "Al", "Al", "Sm", "Sm", "Al", "Al", "Al", "Al", "Sm", "Sm", "Al", "Al", "Al", "Al", "Sm", "Sm", "Al", "Al", "Al", "Al"], "abc": [7.98198, 7.98198, 7.98198], "angles": [90.0, 90.0, 90.0], "cartesian": false, "props": ["", "", "", "", "", "", "", "", "", "", "", "", "", "", "", "", "", "", "", "", "", "", "", ""]}, "energy": -65.08353996276855}