{"jid": "JVASP-25125", "opt_atoms": {"lattice_mat": [[1.8232942978225892, -3.1580379284278504, -6.805194405493366e-09], [1.8232942881406393, 3.1580379228379756, 2.2500850242760654e-08], [1.1270625506116638e-07, 1.2149691669088574e-07, 26.679704243765812]], "coords": [[3.73594966266011e-09, 8.509727387246502e-10, -3.3197705932201414e-08], [2.817356964551253e-08, 2.6961042851541395e-08, 5.925189867413678], [1.8232943039756917, -1.0526792978382, 2.96804488403717], [1.8232943309527936, -1.052679270418767, 8.893234751195353], [1.8232943570478253, -1.0526792428360594, 14.818424628366254], [1.8232943416141854, 1.0526793586098957, 11.861279641765554], [1.8232943649841813, 1.0526793857641463, 17.786469519234743], [1.8232943871774123, 1.0526794129497128, 23.711659388010776], [9.090679452404466e-08, 9.481364564748191e-08, 20.75451437633027]], "elements": ["Ho", "Ho", "Ho", "Ho", "Ho", "Ho", "Ho", "Ho", "Ho"], "abc": [3.646588, 3.646588, 26.6797], "angles": [90.0, 90.0, 120.0001], "cartesian": true, "props": ["", "", "", "", "", "", "", "", ""]}, "dft_atoms": {"lattice_mat": [[1.75563, -3.04084, 0.0], [1.75563, 3.04084, 0.0], [0.0, 0.0, 25.21341]], "coords": [[0.0, 0.0, 0.0], [0.0, 0.0, 0.22207457163580369], [0.6666666666666666, 0.3333333333333333, 0.11125876169752963], [0.6666666666666666, 0.3333333333333333, 0.3333333333333333], [0.6666666666666666, 0.3333333333333333, 0.555407904969137], [0.33333333333333326, 0.6666666666666666, 0.44459209503086294], [0.3333333333333333, 0.6666666666666666, 0.6666666666666666], [0.3333333333333333, 0.6666666666666666, 0.8887412383024703], [0.0, 0.0, 0.7779254283641963]], "elements": ["Ho", "Ho", "Ho", "Ho", "Ho", "Ho", "Ho", "Ho", "Ho"], "abc": [3.51126, 3.51126, 25.21341], "angles": [90.0, 90.0, 120.0], "cartesian": false, "props": ["", "", "", "", "", "", "", "", ""]}, "energy": -16.640358209609985}