{"jid": "JVASP-1267", "opt_atoms": {"lattice_mat": [[7.056352285065536, 1.3092153138900974e-11, -1.2310648904755546e-11], [1.3092153138900974e-11, 7.056352282778141, 2.1611691343671095e-11], [-1.2310648904755546e-11, 2.1611691343671095e-11, 7.056352282778141]], "coords": [[0.0, 0.0, 0.0], [6.546076569450487e-12, 3.5281761413890704, 1.0805845671835547e-11], [3.907521170727137e-13, 3.5281761413998765, 3.528176141399876], [-6.155324452377773e-12, 1.0805845671835547e-11, 3.5281761413890704], [3.5281761425266125, 1.7351922241286033e-11, 3.528176141382915], [3.5281761425331584, 3.5281761414064223, 3.528176141393721], [3.528176142539314, 3.5281761413956163, 4.650521219457775e-12], [3.528176142532768, 6.546076569450487e-12, -6.155324452377773e-12]], "elements": ["Ba", "Te", "Ba", "Te", "Ba", "Te", "Ba", "Te"], "abc": [7.05635, 7.05635, 7.05635], "angles": [90.0, 90.0, 90.0], "cartesian": true, "props": ["", "", "", "", "", "", "", ""]}, "dft_atoms": {"lattice_mat": [[7.03748, 0.0, 0.0], [0.0, 7.03748, 0.0], [0.0, 0.0, 7.03748]], "coords": [[0.0, 0.0, 0.0], [0.0, 0.5, 0.0], [0.0, 0.5, 0.5], [0.0, 0.0, 0.5], [0.5, 0.0, 0.5], [0.5, 0.5, 0.5], [0.5, 0.5, 0.0], [0.5, 0.0, 0.0]], "elements": ["Ba", "Te", "Ba", "Te", "Ba", "Te", "Ba", "Te"], "abc": [7.03748, 7.03748, 7.03748], "angles": [90.0, 90.0, 90.0], "cartesian": false, "props": ["", "", "", "", "", "", "", ""]}, "energy": -18.6669979095459}