{"jid": "JVASP-16660", "opt_atoms": {"lattice_mat": [[3.8775411835305884, -4.927581913084822e-09, -2.974543307516455e-10], [-1.5217183040512946e-08, 12.065650315494327, -4.2362280817825255e-09], [-3.0277175383083836e-10, -1.396283777057669e-09, 3.9455836917243157]], "coords": [[1.9387705737701728, 10.183000351266243, -1.2276358171024376e-08], [-4.237542029347904e-09, 7.915475130469455, -1.0801017449481182e-08], [2.933923087805116e-09, 5.232385531035523e-09, -4.44816731965558e-09], [1.938770587608213, 1.4293418945722475e-10, 1.9727918470657064], [1.9387705786030647, 8.123532497932306, 1.9727918472434365], [-9.854206261572097e-09, 9.974942975459825, 1.9727918469548806], [4.536217379434306e-10, 4.150175183031173, -9.526078284734123e-09], [1.9387705837151001, 1.8826499706971094, -8.860679743122056e-09], [1.9387705811322047, 6.032825155362654, -6.689361427275452e-09], [-4.149439894056218e-09, 6.0328251569682685, 1.9727918455721378], [-4.298260829903369e-11, 2.0907073413473443, 1.972791849698706], [1.938770584013371, 3.942117812783848, 1.9727918488640652]], "elements": ["Ti", "Ti", "Al", "Al", "Al", "Al", "Ti", "Ti", "Al", "Al", "Al", "Al"], "abc": [3.87754, 12.06565, 3.94558], "angles": [90.0, 90.0, 90.0], "cartesian": true, "props": ["", "", "", "", "", "", "", "", "", "", "", ""]}, "dft_atoms": {"lattice_mat": [[3.9415, 0.0, 0.0], [0.0, 12.172, 0.0], [0.0, 0.0, 4.01196]], "coords": [[0.5, 0.8439116264517883, 0.0], [0.0, 0.6560883735482117, 0.0], [0.0, 0.0, 0.0], [0.5, 0.0, 0.5], [0.5, 0.6731466818000389, 0.5], [0.0, 0.8268533181999611, 0.5], [0.0, 0.3439116264517883, 0.0], [0.5, 0.1560883735482117, 0.0], [0.5, 0.5, 0.0], [0.0, 0.5, 0.5], [0.0, 0.1731466818000389, 0.5], [0.5, 0.3268533181999611, 0.5]], "elements": ["Ti", "Ti", "Al", "Al", "Al", "Al", "Ti", "Ti", "Al", "Al", "Al", "Al"], "abc": [3.9415, 12.172, 4.01196], "angles": [90.0, 90.0, 90.0], "cartesian": false, "props": ["", "", "", "", "", "", "", "", "", "", "", ""]}, "energy": -43.048373222351074}