{"jid": "JVASP-1020", "opt_atoms": {"lattice_mat": [[1.384279655829368, -2.39765227878107, 1.2689297217500177e-09], [1.3842796559132045, 2.397652278829473, -1.2291651693951523e-09], [6.346175730934945e-11, -2.301760385648667e-09, 4.428466781436376]], "coords": [[1.384279655873179, -0.7992173895605094, 1.1071166789195956], [1.3842796559328556, 0.79921738735376, 3.3213501025077594]], "elements": ["Tc", "Tc"], "abc": [2.768566, 2.768566, 4.42847], "angles": [90.0, 90.0, 120.0001], "cartesian": true, "props": ["", ""]}, "dft_atoms": {"lattice_mat": [[1.37836, -2.3874, 0.0], [1.37836, 2.3874, 0.0], [0.0, 0.0, 4.39953]], "coords": [[0.6666666666666666, 0.3333333333333333, 0.25], [0.33333333333333337, 0.6666666666666667, 0.75]], "elements": ["Tc", "Tc"], "abc": [2.756729, 2.756729, 4.39953], "angles": [90.0, 90.0, 120.0002], "cartesian": false, "props": ["", ""]}, "energy": -14.560616493225098}