{"jid": "JVASP-21195", "opt_atoms": {"lattice_mat": [[3.0418338695710188, 5.998364249220807e-09, 1.0463413978806333e-08], [5.998364248834982e-09, 3.041486683996671, 3.1475741764122555e-11], [1.0463413978456488e-08, 3.1473631765284857e-11, 3.0418753639825793]], "coords": [[9.716472306024081e-08, 1.0240758687766347e-07, 1.8999245583696236e-08], [1.5209168516971279, 1.520743249018174, 1.5209376738187907]], "elements": ["Mo", "Mo"], "abc": [3.04183, 3.04149, 3.04188], "angles": [90.0, 90.0, 90.0], "cartesian": true, "props": ["", ""]}, "dft_atoms": {"lattice_mat": [[3.16248, 0.0, 0.0], [0.0, 3.16248, 0.0], [0.0, 0.0, 3.16248]], "coords": [[0.0, 0.0, 0.0], [0.5, 0.5, 0.5]], "elements": ["Mo", "Mo"], "abc": [3.16248, 3.16248, 3.16248], "angles": [90.0, 90.0, 90.0], "cartesian": false, "props": ["", ""]}, "energy": -16.11408233642578}