{"jid": "JVASP-1029", "opt_atoms": {"lattice_mat": [[2.3190192901637405, -4.0142859690918655, -0.0006680249186891237], [2.3169114706505822, 4.013069019253988, 0.0007526039910448675], [5.2460029929546596e-05, 0.0005087278590905497, 2.8820296016128366]], "coords": [[0.00012460175291499007, 7.852382222076697e-05, 7.199729259018633e-10], [2.3182260676388724, -1.3380228151501556, 1.4406277866402115], [2.3176896019062774, 1.3373321900954853, 1.4414270962278941]], "elements": ["Ti", "Ti", "Ti"], "abc": [4.635987, 4.633876, 2.88203], "angles": [89.9814, 90.0166, 119.9857], "cartesian": true, "props": ["", "", ""]}, "dft_atoms": {"lattice_mat": [[2.27342, -3.93768, 0.0], [2.27342, 3.93768, 0.0], [0.0, 0.0, 2.82017]], "coords": [[0.0, 0.0, 0.0], [0.6666666666666666, 0.3333333333333333, 0.5], [0.33333333333333337, 0.6666666666666667, 0.5]], "elements": ["Ti", "Ti", "Ti"], "abc": [4.546841, 4.546841, 2.82017], "angles": [90.0, 90.0, 120.0], "cartesian": false, "props": ["", "", ""]}, "energy": -15.162983894348145}