{"jid": "JVASP-86371", "opt_atoms": {"lattice_mat": [[0.03824350621712287, 12.049638758104981, -0.0037886110413176246], [3.93962534694003, 0.01293040550934633, 0.025660290767623464], [-0.04832002770165928, -3.964594432143473, -5.487729047698642]], "coords": [[-1.9456530034316504, 1.9759520446275294, 2.7309981637594425], [0.016832949212548454, -0.038526859128124515, 2.534846245309495], [-0.006756276050874412, -8.04634332513126, 2.956610282232135], [0.033906771145240606, -0.6052038048253219, 5.465194924868649], [-0.02382894672611667, -7.479758530740177, 0.026278396595544637], [1.2995987951486695e-06, 9.411855963803753e-05, 0.00011391739509149678], [-1.9870231542962538, -8.17563850504783, 1.3281641870238583], [-1.9425249971216105, 0.07781312929231488, 4.137790918968859], [0.033167256461944655, 1.7496415188344607, 4.241345558312558], [-0.023089167103328763, -9.834611208581034, 1.2503708967443563], [0.0050392377270973565, -4.042511290183109, 2.745767579998599], [-1.9721021174290179, -6.069911037902991, 2.5238569875968335], [-1.957447749919924, -2.028166844661761, 2.9419222652774426], [-1.955028429271666, -6.636518072958938, 5.454277225214425], [-1.9745210759841605, -1.461524349187195, 0.011610732123490519], [-1.9889335504624037, -6.031223292113732, -0.010851562831825161], [0.0019104459680726888, -2.144508722069796, 1.3389824504147432], [0.008164999557557718, -5.940513762623045, 4.152292194937751], [-1.9557693547865735, -4.281536212372876, 4.2300286890859295], [-1.9737822524246527, -3.8164172919272223, 1.2354096711087648]], "elements": ["Al", "Al", "Al", "Al", "Al", "Cu", "Cu", "Cu", "Cu", "Cu", "Al", "Al", "Al", "Al", "Al", "Cu", "Cu", "Cu", "Cu", "Cu"], "abc": [12.049701, 3.939735, 6.770191], "angles": [90.8215, 125.8284, 89.6302], "cartesian": true, "props": ["", "", "", "", "", "", "", "", "", "", "", "", "", "", "", "", "", "", "", ""]}, "dft_atoms": {"lattice_mat": [[0.0, 12.13896, 0.0], [4.10427, 0.0, 0.0], [0.0, -3.99578, -5.71511]], "coords": [[0.0, -0.5, -0.5], [-0.1554061851577926, 0.0, -0.4614683523887002], [-0.8445938148422074, 0.0, -0.5385316476112998], [-0.37799024916707125, 0.0, -0.9958883707240129], [-0.6220097508329288, 0.0, -0.004111629275987072], [0.0, 0.0, 0.0], [-0.7580591752215596, -0.5, -0.24408140329837602], [-0.24194082477844037, -0.5, -0.755918596701624], [-0.10896806043472762, 0.0, -0.7726568472077647], [-0.8910319395652724, 0.0, -0.22734315279223527], [-0.5, 0.0, -0.5], [-0.6554061851577926, -0.5, -0.4614683523887002], [-0.3445938148422074, -0.5, -0.5385316476112998], [-0.8779902491670712, -0.5, -0.9958883707240129], [-0.12200975083292875, -0.5, -0.004111629275987072], [-0.5, -0.5, 0.0], [-0.25805917522155974, 0.0, -0.24408140329837602], [-0.7419408247784404, 0.0, -0.755918596701624], [-0.6089680604347276, -0.5, -0.7726568472077647], [-0.3910319395652724, -0.5, -0.22734315279223527]], "elements": ["Al", "Al", "Al", "Al", "Al", "Cu", "Cu", "Cu", "Cu", "Cu", "Al", "Al", "Al", "Al", "Al", "Cu", "Cu", "Cu", "Cu", "Cu"], "abc": [12.13896, 4.10427, 6.973431], "angles": [90.0, 124.9597, 90.0], "cartesian": false, "props": ["", "", "", "", "", "", "", "", "", "", "", "", "", "", "", "", "", "", "", ""]}, "energy": -21.582942008972168}