{"jid": "JVASP-1180", "opt_atoms": {"lattice_mat": [[1.938311261026903, -3.353550449509052, 0.0020343743346669645], [1.9641621012848682, 3.3684754343216854, -0.00221100946813409], [-0.00028606733402728336, -0.003969605697942212, 4.758634224545666]], "coords": [[1.9461041877508043, 1.1521263206390746, 4.4675275810509625], [1.9558569622840645, -1.143173760212687, 2.0700902214407324], [1.9557787656226766, 1.1074377471923416, 2.4367635751379138], [1.9467755873682666, -1.0954065432773383, 0.06290338904444928]], "elements": ["In", "In", "N", "N"], "abc": [3.873415, 3.899306, 4.758632], "angles": [90.0755, 89.9303, 119.7262], "cartesian": true, "props": ["", "", "", ""]}, "dft_atoms": {"lattice_mat": [[1.78579, -3.09308, 0.0], [1.78579, 3.09308, 0.0], [0.0, 0.0, 5.78431]], "coords": [[0.3333333333333333, 0.6666666666666666, 0.999086733172847], [0.6666666666666667, 0.3333333333333333, 0.499086733172847], [0.3333333333333333, 0.6666666666666666, 0.6209132668271504], [0.6666666666666667, 0.3333333333333333, 0.12091326682715042]], "elements": ["In", "In", "N", "N"], "abc": [3.571581, 3.571581, 5.78431], "angles": [90.0, 90.0, 120.0], "cartesian": false, "props": ["", "", "", ""]}, "energy": -12.458076477050781}