{"jid": "JVASP-5", "opt_atoms": {"lattice_mat": [[4.609619962883669, -3.357861735058474e-10, 3.487877087779228e-10], [-3.357861752141581e-10, 4.609619957626846, -8.874249412400315e-10], [2.2376555143800226e-10, -5.693292507815187e-10, 3.014797800778453]], "coords": [[2.3048099813425336, 2.304809978365354, 1.5073989106084424], [6.728796402653221e-10, 6.76646386042714e-10, -1.1745882062333148e-08], [3.208227496550306, 3.2082274924129544, -1.669724288802288e-08], [3.70620243904362, 0.9034175227222162, 1.5073989173525395], [1.4013924616220668, 1.4013924604343297, -1.6790581549208348e-08], [0.9034175257192029, 3.706202432412054, 1.5073989166163533]], "elements": ["Ti", "Ti", "O", "O", "O", "O"], "abc": [4.60962, 4.60962, 3.0148], "angles": [90.0, 90.0, 90.0], "cartesian": true, "props": ["", "", "", "", "", ""]}, "dft_atoms": {"lattice_mat": [[4.63214, 0.0, 0.0], [0.0, 4.63214, 0.0], [0.0, 0.0, 2.97176]], "coords": [[0.5, 0.5, 0.5], [0.0, 0.0, 0.0], [0.6957644143613033, 0.6957644143613033, 0.0], [0.8042355856386967, 0.19576441436130332, 0.5], [0.3042355856386967, 0.3042355856386967, 0.0], [0.19576441436130332, 0.8042355856386967, 0.5]], "elements": ["Ti", "Ti", "O", "O", "O", "O"], "abc": [4.63214, 4.63214, 2.97176], "angles": [90.0, 90.0, 90.0], "cartesian": false, "props": ["", "", "", "", "", ""]}, "energy": -42.29926013946533}