{"jid": "JVASP-11959", "opt_atoms": {"lattice_mat": [[6.49067994780712, 1.7979138203211482e-08, 8.09652536576276e-09], [2.0332117667829417e-08, 7.404615899492954, -8.690091108007634e-10], [4.608720765635017e-09, -4.374128876760315e-10, 3.7465649187410826]], "coords": [[3.2453399739786355, 3.998514197697836e-08, 1.593548949590515e-08], [3.245339990624211, 5.325302043721795, 1.8732824115650168], [3.245339981943407, 2.079313877391406, 1.8732824127931953], [-9.536725721495989e-09, 1.2268981548226735e-08, 3.1614990503414833e-09], [1.6226699920430687, 1.8511539793494975, 3.3086911031275447e-09], [1.622670015770192, 5.5534619135226215, 2.9337099221055687e-09], [1.806324354270767, 1.010613505973839e-08, 1.8732824372407102], [4.684355609254965, 1.7521999333215323e-08, 1.8732824407999888], [-3.537305184864647e-08, 3.7023079496247986, 1.1719003360679157e-08], [-3.7765422172968816e-08, 1.6229940686396185, 1.8732824092438547], [-2.7220120293047714e-08, 5.7816217848205955, 1.8732824089406723], [3.245339984066821, 3.702307958752615, 6.892442927979042e-09], [4.868009974975686, 5.553461937828889, 6.961885703970681e-09], [4.868009979483121, 1.851153971793191, 7.512333894232889e-09], [5.051664350081622, 3.702307963452622, 1.8732824403295198], [1.4390156353327597, 3.7023079535295333, 1.8732824363274412]], "elements": ["Al", "Al", "Al", "Ni", "Ni", "Ni", "Ni", "Ni", "Al", "Al", "Al", "Ni", "Ni", "Ni", "Ni", "Ni"], "abc": [6.49068, 7.40462, 3.74656], "angles": [90.0, 90.0, 90.0], "cartesian": true, "props": ["", "", "", "", "", "", "", "", "", "", "", "", "", "", "", ""]}, "dft_atoms": {"lattice_mat": [[6.63423, 0.0, 0.0], [0.0, 7.50247, 0.0], [0.0, 0.0, 3.77635]], "coords": [[0.5, 0.0, 0.0], [0.5, 0.7191629437144044, 0.5], [0.5, 0.28083705628559563, 0.5], [0.0, 0.0, 0.0], [0.25, 0.25, 0.0], [0.25, 0.75, 0.0], [0.27841620058302974, 0.0, 0.5], [0.7215837994169703, 0.0, 0.5], [0.0, 0.5, 0.0], [0.0, 0.21916294371440426, 0.5], [0.0, 0.7808370562855956, 0.5], [0.5, 0.5, 0.0], [0.75, 0.75, 0.0], [0.75, 0.25, 0.0], [0.7784162005830297, 0.5, 0.5], [0.22158379941697026, 0.5, 0.5]], "elements": ["Al", "Al", "Al", "Ni", "Ni", "Ni", "Ni", "Ni", "Al", "Al", "Al", "Ni", "Ni", "Ni", "Ni", "Ni"], "abc": [6.63423, 7.50247, 3.77635], "angles": [90.0, 90.0, 90.0], "cartesian": false, "props": ["", "", "", "", "", "", "", "", "", "", "", "", "", "", "", ""]}, "energy": -36.47779083251953}