{"jid": "JVASP-852", "opt_atoms": {"lattice_mat": [[4.356873171233129, 3.6366066393243968e-09, -1.7418857762625233e-09], [3.6366049404589294e-09, 4.356873173928115, -1.8112558046335127e-09], [-1.7418851818074185e-09, -1.8112569748755102e-09, 4.356873174654688]], "coords": [[5.236405256038393e-08, 5.102031900277855e-08, 4.957212879727669e-08], [5.34533442511766e-08, 2.1784365352178363, 2.1784365376255272], [2.1784365319443144, 5.22747225234296e-08, 2.178436536577994], [2.178436535000426, 2.178436537776878, 4.750647405002971e-08]], "elements": ["Ce", "Ce", "Ce", "Ce"], "abc": [4.35687, 4.35687, 4.35687], "angles": [90.0, 90.0, 90.0], "cartesian": true, "props": ["", "", "", ""]}, "dft_atoms": {"lattice_mat": [[4.70865, 0.0, 0.0], [0.0, 4.70865, 0.0], [0.0, 0.0, 4.70865]], "coords": [[0.0, 0.0, 0.0], [0.0, 0.5, 0.5], [0.5, 0.0, 0.5], [0.5, 0.5, 0.0]], "elements": ["Ce", "Ce", "Ce", "Ce"], "abc": [4.70865, 4.70865, 4.70865], "angles": [90.0, 90.0, 90.0], "cartesian": false, "props": ["", "", "", ""]}, "energy": -11.402448654174805}