{"jid": "JVASP-15037", "opt_atoms": {"lattice_mat": [[4.1834936505560005, -1.4541256255676467e-08, 0.0002532470333737575], [-1.8543683805522813e-08, 5.311929848458455, -3.421551368613884e-08], [0.0004173882836399785, -4.4220626287338433e-08, 6.869783879309679]], "coords": [[1.046169684402141, 1.938478198178195, 4.677215422340408], [3.137741335899961, 3.37345159156584, 2.192821669683402], [3.1379500252947183, 4.594443103115335, 5.627713609143571], [1.0459609948783797, 0.7174866866894221, 1.242323483373162], [1.0460983080438089, 4.604199200145947, 3.7013187965144394], [3.137812712266797, 0.7077305889021291, 3.168718295670793], [3.1380214045229136, 1.9482342497195018, 6.603610225069517], [1.0458896155270019, 3.3636955410137293, 0.2664268673506376]], "elements": ["Dy", "Dy", "Dy", "Dy", "Ni", "Ni", "Ni", "Ni"], "abc": [4.18349, 5.31193, 6.86978], "angles": [90.0, 89.9931, 90.0], "cartesian": true, "props": ["", "", "", "", "", "", "", ""]}, "dft_atoms": {"lattice_mat": [[4.20863, 0.0, 0.0], [0.0, 5.36704, 0.0], [0.0, 0.0, 6.93644]], "coords": [[0.25, 0.36496502024686917, 0.6808369676935365], [0.75, 0.6350349797531308, 0.3191630323064635], [0.75, 0.8649650202468692, 0.8191630323064635], [0.25, 0.13503497975313083, 0.18083696769353663], [0.25, 0.8670333298420057, 0.5386719752652923], [0.75, 0.13296667015799435, 0.4613280247347077], [0.75, 0.36703332984200565, 0.9613280247347077], [0.25, 0.6329666701579943, 0.038671975265292424]], "elements": ["Dy", "Dy", "Dy", "Dy", "Ni", "Ni", "Ni", "Ni"], "abc": [4.20863, 5.36704, 6.93644], "angles": [90.0, 90.0, 90.0], "cartesian": false, "props": ["", "", "", "", "", "", "", ""]}, "energy": -16.970123291015625}