{"jid": "JVASP-20491", "opt_atoms": {"lattice_mat": [[4.24099, 0.0, 0.0], [0.0, 4.24099, 0.0], [0.0, 0.0, 11.44979]], "coords": [[0.0, 0.0, 0.0], [2.120495, 2.120495, 1.2598983271156605], [0.0, 2.120495, 2.8624475], [2.120495, 0.0, 2.8624475], [0.0, 0.0, 4.4649966728843395], [2.120495, 2.120495, 5.724895], [0.0, 0.0, 6.984793327115661], [2.120495, 0.0, 8.5873425], [0.0, 2.120495, 8.5873425], [2.120495, 2.120495, 10.18989167288434]], "elements": ["Sm", "Al", "Al", "Al", "Al", "Sm", "Al", "Al", "Al", "Al"], "abc": [4.24099, 4.24099, 11.44979], "angles": [90.0, 90.0, 90.0], "cartesian": true, "props": ["", "", "", "", "", "", "", "", "", ""]}, "dft_atoms": {"lattice_mat": [[4.24099, 0.0, 0.0], [0.0, 4.24099, 0.0], [0.0, 0.0, 11.44979]], "coords": [[0.0, 0.0, 0.0], [0.5, 0.5, 0.11003680653668413], [0.0, 0.5, 0.25], [0.5, 0.0, 0.25], [0.0, 0.0, 0.38996319346331587], [0.5, 0.5, 0.5], [0.0, 0.0, 0.6100368065366841], [0.5, 0.0, 0.75], [0.0, 0.5, 0.75], [0.5, 0.5, 0.8899631934633159]], "elements": ["Sm", "Al", "Al", "Al", "Al", "Sm", "Al", "Al", "Al", "Al"], "abc": [4.24099, 4.24099, 11.44979], "angles": [90.0, 90.0, 90.0], "cartesian": false, "props": ["", "", "", "", "", "", "", "", "", ""]}, "energy": -26.295499801635742}