{"jid": "JVASP-50851", "opt_atoms": {"lattice_mat": [[1.2162949436560275, -2.106696890890388, 3.316811535756479e-07], [1.2162949381530734, 2.106696887713273, -3.2693096508672133e-07], [7.858901169148171e-09, -6.290972689330355e-07, 4.058448319874928]], "coords": [[1.2162948932925637, -0.7022322662773675, 1.038979533002763], [1.2162948939471496, 0.7022316310103208, 3.019468769423963], [-2.149872927878471e-07, -8.687105699703448e-09, -5.50132824930668e-08]], "elements": ["Ni", "Ni", "H"], "abc": [2.432601, 2.432601, 4.05845], "angles": [90.0, 90.0, 120.0006], "cartesian": true, "props": ["", "", ""]}, "dft_atoms": {"lattice_mat": [[1.2748, -2.20803, 0.0], [1.2748, 2.20803, 0.0], [0.0, 0.0, 4.21816]], "coords": [[0.6666666666666666, 0.3333333333333333, 0.25975174112115296], [0.33333333333333337, 0.6666666666666667, 0.740248258878847], [0.0, 0.0, 0.0]], "elements": ["Ni", "Ni", "H"], "abc": [2.54961, 2.54961, 4.21816], "angles": [90.0, 90.0, 120.0003], "cartesian": false, "props": ["", "", ""]}, "energy": -6.231053352355957}