{"jid": "JVASP-18691", "opt_atoms": {"lattice_mat": [[6.978356063671868, 2.9938881600217704e-08, 2.386099377412285e-08], [2.9938882901719005e-08, 6.978356061045429, 2.8962730523853124e-08], [2.3860994643606142e-08, 2.896273118610838e-08, 6.97835605849955]], "coords": [[1.242050063406983e-09, 1.1727093606612217e-09, 1.225303085328761e-09], [1.7445890450800237, 1.7445890482467465, 5.233767053303106], [4.356322924576423, 6.111211233259466, 0.8671448910519282], [4.356322919957222, 0.8671448951554938, 6.111211227342268], [2.6220331786730546, 0.8671448660376888, 0.867144863485017], [2.622033217449096, 6.11121124599802, 6.111211241504882], [2.791489395635494e-08, 3.489178045007115, 3.489178043723027], [1.744589048129221, 5.233767056711373, 1.7445890461095899], [4.356322926507957, 2.6220332028256386, 4.356322922895195], [4.356322928037927, 4.3563229283111085, 2.6220331979834306], [2.622033200737224, 4.356322927967508, 4.356322924099886], [2.6220331855518566, 2.622033186542728, 2.6220331832791484], [3.4891780437497504, 3.0522253452417984e-08, 3.4891780411645774], [5.2337670574175315, 1.744589048741268, 1.7445890435447131], [0.8671448926751035, 6.111211232657185, 4.356322920524912], [0.8671448644889183, 0.8671448660954377, 2.6220331762629665], [6.111211231737924, 0.867144895647347, 4.356322916750703], [6.111211246909279, 6.111211246534992, 2.6220332146696768], [3.489178046784283, 3.4891780454834325, 2.755954555965204e-08], [5.233767084323517, 5.233767086173052, 5.233767079715246], [0.8671448658522999, 2.6220331781605264, 0.8671448648401683], [0.8671448912044173, 4.356322922881814, 6.111211229663413], [6.111211234738425, 4.356322923707079, 0.8671448900341081], [6.111211243693223, 2.6220332207474377, 6.111211238797515]], "elements": ["Zr", "Cu", "Cu", "Cu", "Cu", "Cu", "Zr", "Cu", "Cu", "Cu", "Cu", "Cu", "Zr", "Cu", "Cu", "Cu", "Cu", "Cu", "Zr", "Cu", "Cu", "Cu", "Cu", "Cu"], "abc": [6.97836, 6.97836, 6.97836], "angles": [90.0, 90.0, 90.0], "cartesian": true, "props": ["", "", "", "", "", "", "", "", "", "", "", "", "", "", "", "", "", "", "", "", "", "", "", ""]}, "dft_atoms": {"lattice_mat": [[6.90767, 0.0, 0.0], [0.0, 6.90767, 0.0], [0.0, 0.0, 6.90767]], "coords": [[0.0, 0.0, 0.0], [0.25, 0.25, 0.75], [0.6242423223161113, 0.8757576776838887, 0.12424232231611139], [0.6242423223161113, 0.12424232231611132, 0.8757576776838886], [0.3757576776838887, 0.12424232231611132, 0.12424232231611139], [0.3757576776838887, 0.8757576776838887, 0.8757576776838886], [0.0, 0.5, 0.5], [0.25, 0.75, 0.25], [0.6242423223161113, 0.3757576776838887, 0.6242423223161114], [0.6242423223161113, 0.6242423223161113, 0.3757576776838887], [0.3757576776838887, 0.6242423223161113, 0.6242423223161114], [0.3757576776838887, 0.3757576776838887, 0.3757576776838887], [0.5, 0.0, 0.5], [0.75, 0.25, 0.25], [0.12424232231611132, 0.8757576776838887, 0.6242423223161114], [0.12424232231611132, 0.12424232231611132, 0.3757576776838887], [0.8757576776838887, 0.12424232231611132, 0.6242423223161114], [0.8757576776838887, 0.8757576776838887, 0.3757576776838887], [0.5, 0.5, 0.0], [0.75, 0.75, 0.75], [0.12424232231611132, 0.3757576776838887, 0.12424232231611139], [0.12424232231611132, 0.6242423223161113, 0.8757576776838886], [0.8757576776838887, 0.6242423223161113, 0.12424232231611139], [0.8757576776838887, 0.3757576776838887, 0.8757576776838886]], "elements": ["Zr", "Cu", "Cu", "Cu", "Cu", "Cu", "Zr", "Cu", "Cu", "Cu", "Cu", "Cu", "Zr", "Cu", "Cu", "Cu", "Cu", "Cu", "Zr", "Cu", "Cu", "Cu", "Cu", "Cu"], "abc": [6.90767, 6.90767, 6.90767], "angles": [90.0, 90.0, 90.0], "cartesian": false, "props": ["", "", "", "", "", "", "", "", "", "", "", "", "", "", "", "", "", "", "", "", "", "", "", ""]}, "energy": -13.10794973373413}