{"jid": "JVASP-1174", "opt_atoms": {"lattice_mat": [[5.727401826573927, -2.0158156482309242e-10, -6.200843242055189e-10], [-2.015815648230924e-10, 5.727401826072426, 3.3337865285000585e-10], [-6.200843242055188e-10, 3.3337865285000585e-10, 5.727401826072426]], "coords": [[-7.445084368101171e-11, 7.445084367821956e-11, -7.445084366753868e-11], [1.431857793180563, 4.295544032601793, 4.2955440325983725], [-5.225092100521436e-10, 2.8637009130912263, 2.8637009133145788], [1.4318577935820875, 1.431857793692752, 1.4318577934904089], [2.8637009130839446, 1.7757480953663127e-10, 2.8637009128471536], [4.295544032480215, 4.295544032342456, 1.431857793320883], [2.863700913246664, 2.8637009128702777, -2.457227457480052e-10], [4.295544032264567, 1.4318577937644668, 4.295544032061152]], "elements": ["Ga", "As", "Ga", "As", "Ga", "As", "Ga", "As"], "abc": [5.7274, 5.7274, 5.7274], "angles": [90.0, 90.0, 90.0], "cartesian": true, "props": ["", "", "", "", "", "", "", ""]}, "dft_atoms": {"lattice_mat": [[5.73163, 0.0, 0.0], [0.0, 5.73163, 0.0], [0.0, 0.0, 5.73163]], "coords": [[0.0, 0.0, 0.0], [0.25, 0.75, 0.75], [0.0, 0.5, 0.5], [0.25, 0.25, 0.25], [0.5, 0.0, 0.5], [0.75, 0.75, 0.25], [0.5, 0.5, 0.0], [0.75, 0.25, 0.75]], "elements": ["Ga", "As", "Ga", "As", "Ga", "As", "Ga", "As"], "abc": [5.73163, 5.73163, 5.73163], "angles": [90.0, 90.0, 90.0], "cartesian": false, "props": ["", "", "", "", "", "", "", ""]}, "energy": -12.823808670043945}