{"jid": "JVASP-987", "opt_atoms": {"lattice_mat": [[1.3625425404430183, -2.3599845032619067, -2.33098203646618e-12], [1.3625425404427314, 2.359984503261741, 3.448306810593054e-12], [1.7619591908697783e-12, 5.261768735851076e-12, 4.299759850415365]], "coords": [[1.3625425404442442, -0.7866615060892793, 3.2248198878111185], [1.362542540443268, 0.7866615061083462, 1.074939962605363]], "elements": ["Ru", "Ru"], "abc": [2.725073, 2.725073, 4.29976], "angles": [90.0, 90.0, 119.9998], "cartesian": true, "props": ["", ""]}, "dft_atoms": {"lattice_mat": [[1.36254, -2.35998, 0.0], [1.36254, 2.35998, 0.0], [0.0, 0.0, 4.2973]], "coords": [[0.6666666666666666, 0.3333333333333333, 0.75], [0.33333333333333337, 0.6666666666666667, 0.25]], "elements": ["Ru", "Ru"], "abc": [2.725073, 2.725073, 4.2973], "angles": [90.0, 90.0, 119.9998], "cartesian": false, "props": ["", ""]}, "energy": -11.949074745178223}