{"jid": "JVASP-53976", "opt_atoms": {"lattice_mat": [[7.369613279789819, 0.014518553203881212, 0.001327251874886424], [0.014518553203881486, 7.362181920442461, 4.402917698691945e-05], [0.00145552899258958, 4.828453801546887e-05, 5.620050734681092]], "coords": [[3.6749350067384703, 3.682858465432484, 2.812289784512949], [-0.018137360513644278, 0.006217022432174874, 0.00036424758905599766], [2.844410246000929, 4.5238712017089595, 2.8110756052830737], [4.51505828299086, 2.851900935536172, 2.809945023456462], [0.824565981527538, 0.834130851897488, -0.00021117037048300408], [6.5382664589613695, 6.540172981946597, 0.0026232524271868067]], "elements": ["C", "C", "O", "O", "O", "O"], "abc": [7.369624, 7.362194, 5.62005], "angles": [89.9991, 89.9748, 89.7741], "cartesian": true, "props": ["", "", "", "", "", ""]}, "dft_atoms": {"lattice_mat": [[4.24517, 0.0, 0.0], [0.0, 4.24517, 0.0], [0.0, 0.0, 4.65546]], "coords": [[0.5, 0.5, 0.5], [0.0, 0.0, 0.0], [0.3047111615262067, 0.6952888384737933, 0.5], [0.6952888384737933, 0.3047111615262067, 0.5], [0.1952888384737932, 0.1952888384737933, 0.0], [0.8047111615262067, 0.8047111615262067, 0.0]], "elements": ["C", "C", "O", "O", "O", "O"], "abc": [4.24517, 4.24517, 4.65546], "angles": [90.0, 90.0, 90.0], "cartesian": false, "props": ["", "", "", "", "", ""]}, "energy": -38.18415927886963}