{"jid": "JVASP-116", "opt_atoms": {"lattice_mat": [[4.181973340532002, -2.3265506681365597e-08, 7.006649841141307e-09], [-2.326550423177093e-08, 4.181973313278424, 1.1888572673200668e-08], [7.006648269014741e-09, 1.1888581212439568e-08, 4.181973419582802]], "coords": [[-9.346560426414095e-09, -1.9939342386515607e-08, 2.8812979858783254e-08], [2.0909867238368656, -3.6850872062896924e-08, 5.405422142972352e-09], [-1.5255835273007237e-08, 2.0909866542355853, 2.090986713924715], [2.090986601931162, 2.0909866106086423, 2.090986735189736], [2.090986692842861, -3.844317823326553e-09, 2.0909866970779443], [5.71889715547378e-08, 6.1784684152919155e-09, 2.090986726216531], [2.0909866499044645, 2.090986664188736, 1.6247476481223382e-08], [-4.810441145799524e-08, 2.0909867160034317, -2.633889048923865e-08]], "elements": ["Mg", "O", "Mg", "O", "Mg", "O", "Mg", "O"], "abc": [4.18197, 4.18197, 4.18197], "angles": [90.0, 90.0, 90.0], "cartesian": true, "props": ["", "", "", "", "", "", "", ""]}, "dft_atoms": {"lattice_mat": [[4.22779, 0.0, 0.0], [0.0, 4.22779, 0.0], [0.0, 0.0, 4.22779]], "coords": [[0.0, 0.0, 0.0], [0.5, 0.0, 0.0], [0.0, 0.5, 0.5], [0.5, 0.5, 0.5], [0.5, 0.0, 0.5], [0.0, 0.0, 0.5], [0.5, 0.5, 0.0], [0.0, 0.5, 0.0]], "elements": ["Mg", "O", "Mg", "O", "Mg", "O", "Mg", "O"], "abc": [4.22779, 4.22779, 4.22779], "angles": [90.0, 90.0, 90.0], "cartesian": false, "props": ["", "", "", "", "", "", "", ""]}, "energy": -32.371822357177734}