{"jid": "JVASP-11963", "opt_atoms": {"lattice_mat": [[3.7125979220810423, 1.578245081789899e-08, -7.169705197832076e-10], [1.5782450814872975e-08, 3.7125979218503096, -6.323013082849333e-10], [-1.609755164179656e-09, -1.419654983400475e-09, 8.496048429106867]], "coords": [[-1.7806395039946336e-07, -1.6328282603027208e-07, -1.7516195938593683e-09], [1.8562989800128646, 1.8562989794138811, 7.409990488644981e-10], [1.8562989533565737, 1.2747357781539418e-08, 6.372036322447604], [1.3182414670093667e-08, 1.8562989542081971, 6.372036322538237], [1.8562991469970962, 1.8562991323686369, 4.248024214501882], [-1.1955014453412797e-08, -1.1613895631447922e-08, 4.248024211548116], [1.381666584564598e-08, 1.8562989548554838, 2.124012106924413], [1.8562989543943507, 1.3223351145452274e-08, 2.1240121069081837]], "elements": ["Nb", "Al", "Al", "Al", "Nb", "Al", "Al", "Al"], "abc": [3.7126, 3.7126, 8.49605], "angles": [90.0, 90.0, 90.0], "cartesian": true, "props": ["", "", "", "", "", "", "", ""]}, "dft_atoms": {"lattice_mat": [[3.8635, 0.0, 0.0], [0.0, 3.8635, 0.0], [0.0, 0.0, 8.6744]], "coords": [[0.0, 0.0, 0.0], [0.5, 0.5, 0.0], [0.5, 0.0, 0.75], [0.0, 0.5, 0.75], [0.5, 0.5, 0.5], [0.0, 0.0, 0.5], [0.0, 0.5, 0.25], [0.5, 0.0, 0.25]], "elements": ["Nb", "Al", "Al", "Al", "Nb", "Al", "Al", "Al"], "abc": [3.8635, 3.8635, 8.6744], "angles": [90.0, 90.0, 90.0], "cartesian": false, "props": ["", "", "", "", "", "", "", ""]}, "energy": -31.680522918701172}