{"jid": "JVASP-810", "opt_atoms": {"lattice_mat": [[2.0769738997485705, -3.597428331651673, 1.8342768736019734e-08], [2.076973885282273, 3.5974283232995656, 5.233605472373253e-09], [7.621499947502641e-08, -2.4466810032568634e-08, 13.519631512770085]], "coords": [[2.189280133755661e-08, -1.2333935095744646e-08, 6.759815756223497], [2.0769739618148857, 1.1991427613530299, 10.139723644957256], [-1.449534059577913e-08, -8.834546346046698e-10, -8.322882451518789e-10], [2.076973930170642, -1.1991427936770287, 3.3799078920933723]], "elements": ["Ac", "Ac", "Ac", "Ac"], "abc": [4.153951, 4.153951, 13.51963], "angles": [90.0, 90.0, 120.0002], "cartesian": true, "props": ["", "", "", ""]}, "dft_atoms": {"lattice_mat": [[2.00092, -3.4657, 0.0], [2.00092, 3.4657, 0.0], [0.0, 0.0, 12.93669]], "coords": [[0.0, 0.0, 0.5], [0.3333333333333333, 0.6666666666666666, 0.75], [0.0, 0.0, 0.0], [0.6666666666666667, 0.33333333333333337, 0.25]], "elements": ["Ac", "Ac", "Ac", "Ac"], "abc": [4.001844, 4.001844, 12.93669], "angles": [90.0, 90.0, 120.0001], "cartesian": false, "props": ["", "", "", ""]}, "energy": -4.124258041381836}