{"jid": "JVASP-895", "opt_atoms": {"lattice_mat": [[4.64749418679663, -1.7271384517291808e-10, 1.3545141297917027e-07], [-2.780034247526643e-10, 7.396312231914501, 8.102112839858962e-11], [2.872638313311612e-07, 1.0675553829377751e-10, 10.014937588937912]], "coords": [[0.7825468039490319, -6.010535462180595e-10, 1.222575412509852], [1.5412005141909968, -5.826035087392052e-10, 6.230044212240557], [3.1062939638617193, -6.654806101521491e-10, 3.784893505550557], [3.864947664393035, -6.16436559132529e-10, 8.79236230276639], [3.1062938836863125, 3.698156116432408, 1.2225754573828944], [3.864947613404492, 3.698156116470721, 6.23004427053802], [0.7825468685745345, 3.698156116554458, 3.7848934408090096], [1.5412005848636265, 3.6981561165601033, 8.79236225803052]], "elements": ["I", "I", "I", "I", "I", "I", "I", "I"], "abc": [4.64749, 7.39631, 10.01494], "angles": [90.0, 90.0, 90.0], "cartesian": true, "props": ["", "", "", "", "", "", "", ""]}, "dft_atoms": {"lattice_mat": [[4.58859, 0.0, 0.0], [0.0, 7.38588, 0.0], [0.0, 0.0, 9.73143]], "coords": [[0.16797227527234448, 0.0, 0.12177574269046787], [0.3320277247276555, 0.0, 0.6217757426904679], [0.6679722752723445, 0.0, 0.37822425730953213], [0.8320277247276555, 0.0, 0.8782242573095321], [0.6679722752723445, 0.5, 0.12177574269046787], [0.8320277247276555, 0.5, 0.6217757426904679], [0.16797227527234448, 0.5, 0.37822425730953213], [0.3320277247276555, 0.5, 0.8782242573095321]], "elements": ["I", "I", "I", "I", "I", "I", "I", "I"], "abc": [4.58859, 7.38588, 9.73143], "angles": [90.0, 90.0, 90.0], "cartesian": false, "props": ["", "", "", "", "", "", "", ""]}, "energy": 3.6803112030029297}