{"jid": "JVASP-14606", "opt_atoms": {"lattice_mat": [[4.137613114926247, -3.487297855483537e-10, -2.0652987183784004e-10], [-3.487298205276279e-10, 4.13761311582402, 1.5858554825105204e-10], [-2.0653032086336704e-10, 1.5858687093178728e-10, 4.137613116060263]], "coords": [[4.000365629996078e-09, 3.983197881041087e-09, 3.9543256864989986e-09], [3.670045263578838e-09, 2.0688065540056924, 2.068806554076049], [2.0688065533747664, 3.907148729943624e-09, 2.068806553890547], [2.068806553233411, 2.0688065537283267, 3.9407443561548854e-09]], "elements": ["Ag", "Ag", "Ag", "Ag"], "abc": [4.13761, 4.13761, 4.13761], "angles": [90.0, 90.0, 90.0], "cartesian": true, "props": ["", "", "", ""]}, "dft_atoms": {"lattice_mat": [[4.12401, 0.0, 0.0], [0.0, 4.12401, 0.0], [0.0, 0.0, 4.12401]], "coords": [[0.0, 0.0, 0.0], [0.0, 0.5, 0.5], [0.5, 0.0, 0.5], [0.5, 0.5, 0.0]], "elements": ["Ag", "Ag", "Ag", "Ag"], "abc": [4.12401, 4.12401, 4.12401], "angles": [90.0, 90.0, 90.0], "cartesian": false, "props": ["", "", "", ""]}, "energy": 1.512639045715332}