{"jid": "JVASP-1312", "opt_atoms": {"lattice_mat": [[4.5349662190058995, -2.0823872062143337e-05, -1.983225904894345e-05], [-2.0823872058252745e-05, 4.5349576911699145, -2.152064597822239e-05], [-1.9832259045793147e-05, -2.1520645976707357e-05, 4.534959471399902]], "coords": [[-2.0132449901277013e-05, -4.243335032810494e-05, -1.7040445408878382e-05], [1.133705311626979, 1.1337255048274775, 3.4012337476116565], [-7.474930081900119e-06, 2.2674482026789393, 2.267477033394755], [1.13374219152298, 3.4012380992512834, 1.1337223183422962], [2.2674987822717196, 2.5367604947940892e-05, 2.2674960440707674], [3.4012656149563183, 1.1337240216776403, 1.13373589736867], [2.267452546810923, 2.267487568142664, -3.781449638470766e-05], [3.4011669237086073, 3.4011501041058896, 3.401135743354963]], "elements": ["B", "P", "B", "P", "B", "P", "B", "P"], "abc": [4.53497, 4.53496, 4.53496], "angles": [90.0005, 90.0005, 90.0005], "cartesian": true, "props": ["", "", "", "", "", "", "", ""]}, "dft_atoms": {"lattice_mat": [[4.55383, 0.0, 0.0], [0.0, 4.55383, 0.0], [0.0, 0.0, 4.55383]], "coords": [[0.0, 0.0, 0.0], [0.25, 0.25, 0.75], [0.0, 0.5, 0.5], [0.25, 0.75, 0.25], [0.5, 0.0, 0.5], [0.75, 0.25, 0.25], [0.5, 0.5, 0.0], [0.75, 0.75, 0.75]], "elements": ["B", "P", "B", "P", "B", "P", "B", "P"], "abc": [4.55383, 4.55383, 4.55383], "angles": [90.0, 90.0, 90.0], "cartesian": false, "props": ["", "", "", "", "", "", "", ""]}, "energy": -41.68225860595703}