{"jid": "JVASP-104", "opt_atoms": {"lattice_mat": [[3.7227213695611407, 7.319573643871128e-07, 0.000682591142810666], [7.31957367726356e-07, 3.722796370054093, -0.0003222126374722885], [0.001726555016100906, -0.0008150088839215455, 10.027858766212482]], "coords": [[-5.575069235971999e-07, -2.916499080087278e-07, 5.68211122487059e-06], [0.00043247930010092256, 1.8611947129956996, 2.5067978783216818], [1.8629956584590017, -0.0007894517003250887, 9.608102617273373], [0.00037826895553696695, -0.00016055736107585346, 2.086841708087668], [5.379808275987416e-05, 1.8613549735231412, 0.4199618773181162], [1.861884261784071, 1.8611696285829653, 2.927242335105375], [1.8622238503460211, 1.8609907208401941, 5.014115265581383], [1.8626560953665234, -0.0006105713803556343, 7.521229699438002], [0.0007720710907308238, 1.8610158812216875, 4.593670826203109], [1.8626025751289115, 1.8608305082438605, 7.100951264681522], [1.8622773347290094, -0.00045035760237711235, 5.4343936800202925], [0.0013864690382270315, -0.00063645297983433, 7.940991528661611]], "elements": ["Ti", "Ti", "O", "O", "O", "O", "Ti", "Ti", "O", "O", "O", "O"], "abc": [3.72272, 3.7228, 10.02786], "angles": [90.0096, 89.9796, 90.0], "cartesian": true, "props": ["", "", "", "", "", "", "", "", "", "", "", ""]}, "dft_atoms": {"lattice_mat": [[3.80799, 0.0, 0.0], [0.0, 3.80799, 0.0], [0.0, 0.0, 9.63198]], "coords": [[0.0, 0.0, 0.0], [0.0, 0.5, 0.25], [0.5, 0.0, 0.9578540303558737], [0.0, 0.0, 0.20785403035587358], [0.0, 0.5, 0.04214596964412631], [0.5, 0.5, 0.2921459696441263], [0.5, 0.5, 0.5], [0.5, 0.0, 0.75], [0.0, 0.5, 0.4578540303558736], [0.5, 0.5, 0.7078540303558736], [0.5, 0.0, 0.5421459696441263], [0.0, 0.0, 0.7921459696441263]], "elements": ["Ti", "Ti", "O", "O", "O", "O", "Ti", "Ti", "O", "O", "O", "O"], "abc": [3.80799, 3.80799, 9.63198], "angles": [90.0, 90.0, 90.0], "cartesian": false, "props": ["", "", "", "", "", "", "", "", "", "", "", ""]}, "energy": -84.27604866027832}