{"jid": "JVASP-75", "opt_atoms": {"lattice_mat": [[1.7012437495904837, -2.946850218344975, -5.645062232460718e-05], [1.701243749064214, 2.9468502180411305, -5.6455828193397984e-05], [-0.00044881084048710196, -1.1947509687939471e-08, 13.320895949408683]], "coords": [[1.7009071412021897, 0.9822827079197596, 9.990615508114663], [1.701131546592934, -0.9822827205433571, 3.330167535375152], [1.7009592098282038, -0.982304011822924, 8.297583694076065], [1.701183615030637, 0.9823040025180051, 1.6371357169991467], [1.700855072293458, -0.9823040148227268, 11.6836473219514], [1.701079477834777, 0.9823039997650005, 5.023199352509304]], "elements": ["W", "W", "Se", "Se", "Se", "Se"], "abc": [3.402667, 3.402667, 13.3209], "angles": [90.002, 90.002, 120.0036], "cartesian": true, "props": ["", "", "", "", "", ""]}, "dft_atoms": {"lattice_mat": [[1.66434, -2.88272, 0.0], [1.66434, 2.88272, 0.0], [0.0, 0.0, 13.23173]], "coords": [[0.3333333333333333, 0.6666666666666666, 0.75], [0.6666666666666667, 0.33333333333333337, 0.25], [0.6666666666666666, 0.3333333333333333, 0.6228749600412393], [0.3333333333333333, 0.6666666666666666, 0.12287496004123932], [0.6666666666666667, 0.33333333333333337, 0.8771250399587607], [0.33333333333333337, 0.6666666666666667, 0.3771250399587607]], "elements": ["W", "W", "Se", "Se", "Se", "Se"], "abc": [3.328679, 3.328679, 13.23173], "angles": [90.0, 90.0, 120.0], "cartesian": false, "props": ["", "", "", "", "", ""]}, "energy": -30.619574546813965}