{"jid": "JVASP-17", "opt_atoms": {"lattice_mat": [[1.2529099964926558, -2.1701083754729265, 0.0], [1.252909996587447, 2.170108375527655, 0.0], [0.0, 0.0, 6.57755]], "coords": [[1.2529099965392205, -0.723369271342962, 4.933162500000002], [1.2529099965629442, 0.7233692716285893, 1.6443875000000008], [1.2529099965066035, -0.7233695119547706, 1.6443875000000008], [1.2529099965965123, 0.7233695119600118, 4.933162500000002]], "elements": ["B", "B", "N", "N"], "abc": [2.505825, 2.505825, 6.57755], "angles": [90.0, 90.0, 120.0002], "cartesian": true, "props": ["", "", "", ""]}, "dft_atoms": {"lattice_mat": [[1.25616, -2.17574, 0.0], [1.25616, 2.17574, 0.0], [0.0, 0.0, 6.57755]], "coords": [[0.6666666666666666, 0.3333333333333333, 0.75], [0.33333333333333337, 0.6666666666666667, 0.25], [0.6666666666666666, 0.3333333333333333, 0.25], [0.33333333333333337, 0.6666666666666667, 0.75]], "elements": ["B", "B", "N", "N"], "abc": [2.512326, 2.512326, 6.57755], "angles": [90.0, 90.0, 120.0002], "cartesian": false, "props": ["", "", "", ""]}, "energy": -30.717927932739258}