{"jid": "JVASP-95", "opt_atoms": {"lattice_mat": [[2.1226033012302388, -3.67826639565066, 5.340770940436135e-09], [2.122603301176677, 3.6782663956197403, -5.3341090609273735e-09], [1.0875260909233858e-11, -1.0061092275653417e-08, 6.925586899445085]], "coords": [[2.1226033011945393, 1.226086917182873, 0.005023028099968633], [2.1226033012178362, -1.2260869234149745, 3.4678164812397516], [2.122603301198623, 1.2260883828150797, 2.6059768234061704], [2.1226033012219148, -1.2260883916941687, 6.06877027888693]], "elements": ["Cd", "Cd", "S", "S"], "abc": [4.246775, 4.246775, 6.92559], "angles": [90.0, 90.0, 120.0245], "cartesian": true, "props": ["", "", "", ""]}, "dft_atoms": {"lattice_mat": [[2.08876, -3.61784, 0.0], [2.08876, 3.61784, 0.0], [0.0, 0.0, 6.81964]], "coords": [[0.3333333333333333, 0.6666666666666666, 0.0007094799269893315], [0.6666666666666667, 0.3333333333333333, 0.5007094799269893], [0.3333333333333333, 0.6666666666666666, 0.3762905200730129], [0.6666666666666667, 0.3333333333333333, 0.8762905200730129]], "elements": ["Cd", "Cd", "S", "S"], "abc": [4.177521, 4.177521, 6.81964], "angles": [90.0, 90.0, 120.0], "cartesian": false, "props": ["", "", "", ""]}, "energy": -2.532217025756836}