{"jid": "JVASP-72", "opt_atoms": {"lattice_mat": [[1.6203618540896707, -2.8066764864592306, -4.206344173917107e-09], [1.6203805743753616, 2.806687294572872, -6.088746842252989e-10], [-1.889750449897364e-08, 8.151226819001132e-09, 12.805892402249615]], "coords": [[1.620373876222308, 0.935567038241252, 3.201473099365532], [1.620368532413753, -0.9355562206077236, 9.604419296723977], [1.6203729026024074, 0.9355753802347087, 7.996823088573202], [1.620369512417732, -0.9355645656433319, 1.5938768885189563], [1.620372897353748, 0.9355753822096586, 11.212015505419247], [1.620369507461258, -0.9355645642411479, 4.809069305161153]], "elements": ["W", "W", "S", "S", "S", "S"], "abc": [3.240836, 3.240855, 12.80589], "angles": [90.0, 90.0, 120.0022], "cartesian": true, "props": ["", "", "", "", "", ""]}, "dft_atoms": {"lattice_mat": [[1.59714, -2.76634, 0.0], [1.59714, 2.76634, 0.0], [0.0, 0.0, 12.53607]], "coords": [[0.3333333333333333, 0.6666666666666666, 0.25], [0.6666666666666667, 0.33333333333333337, 0.75], [0.3333333333333333, 0.6666666666666666, 0.6243709630621261], [0.6666666666666667, 0.3333333333333333, 0.12437096306212614], [0.3333333333333333, 0.6666666666666667, 0.8756290369378739], [0.6666666666666667, 0.33333333333333337, 0.37562903693787386]], "elements": ["W", "W", "S", "S", "S", "S"], "abc": [3.194291, 3.194291, 12.53607], "angles": [90.0, 90.0, 120.0002], "cartesian": false, "props": ["", "", "", "", "", ""]}, "energy": -35.098960876464844}