{"jid": "JVASP-20462", "opt_atoms": {"lattice_mat": [[2.870448169401663, -4.971760545808052, -1.127935055416451e-09], [2.8704481717920753, 4.9717605471881585, 1.043529177197412e-09], [-6.857937103434253e-11, 1.0186218669094115e-09, 4.663567420095667]], "coords": [[1.459458331148805, -0.8426183990749133, 1.1658918573676764], [2.8704481713288668, 3.2865237455240974, 3.497675563253842], [1.4594583315795202, 0.8426184008441905, 3.497675562705842], [4.2814380099555445, -0.8426183981893576, 1.165891857322292], [2.870448169805156, -3.2865237432470455, 1.165891856743141], [4.281438010185806, 0.8426184013802108, 3.497675562656564], [2.8704481709790044, 1.6572535167603835, 1.1658918553306445], [2.870448170146479, -1.6572535143740224, 3.497675564676722]], "elements": ["Ti", "Ti", "Ti", "Ti", "Ti", "Ti", "Al", "Al"], "abc": [5.740895, 5.740895, 4.66357], "angles": [90.0, 90.0, 120.0], "cartesian": true, "props": ["", "", "", "", "", "", "", ""]}, "dft_atoms": {"lattice_mat": [[2.8655, -4.96319, 0.0], [2.8655, 4.96319, 0.0], [0.0, 0.0, 4.65641]], "coords": [[0.33897313458503836, 0.16948656729251918, 0.25], [0.16948656729251918, 0.8305134327074808, 0.75], [0.16948656729251918, 0.33897313458503836, 0.75], [0.8305134327074808, 0.6610268654149616, 0.25], [0.8305134327074808, 0.16948656729251918, 0.25], [0.6610268654149616, 0.8305134327074808, 0.75], [0.3333333333333333, 0.6666666666666666, 0.25], [0.6666666666666667, 0.33333333333333337, 0.75]], "elements": ["Ti", "Ti", "Ti", "Ti", "Ti", "Ti", "Al", "Al"], "abc": [5.730999, 5.730999, 4.65641], "angles": [90.0, 90.0, 120.0], "cartesian": false, "props": ["", "", "", "", "", "", "", ""]}, "energy": -36.976966857910156}