{"jid": "JVASP-25142", "opt_atoms": {"lattice_mat": [[1.2588970882372443, -2.1804705468505308, 3.920017015677596e-09], [1.2588970882278203, 2.180470546845089, -3.945728328802798e-09], [-4.0608443596078875e-11, -7.172607703247784e-09, 4.005947617097166]], "coords": [[1.2588970882208046, 0.7268235355542765, 1.0014868717129926], [1.258897088203646, -0.7268235431757237, 3.004460745050986]], "elements": ["Fe", "Fe"], "abc": [2.517792, 2.517792, 4.00595], "angles": [90.0, 90.0, 119.9998], "cartesian": true, "props": ["", ""]}, "dft_atoms": {"lattice_mat": [[1.22925, -2.12912, 0.0], [1.22925, 2.12912, 0.0], [0.0, 0.0, 3.883]], "coords": [[0.3333333333333333, 0.6666666666666666, 0.25], [0.6666666666666667, 0.33333333333333337, 0.75]], "elements": ["Fe", "Fe"], "abc": [2.458497, 2.458497, 3.883], "angles": [90.0, 90.0, 119.9999], "cartesian": false, "props": ["", ""]}, "energy": -9.098917961120605}