{"jid": "JVASP-19613", "opt_atoms": {"lattice_mat": [[2.02112, -3.50067, 0.0], [2.02112, 3.50067, 0.0], [0.0, 0.0, 4.91139]], "coords": [[0.0, 0.0, 0.0], [2.02112, 1.1668899999999998, 1.7280268982868217], [2.0211200000000002, -1.1668900000000002, 3.1833631017131783], [2.02112, 1.1668899999999998, 4.180597433057153], [2.0211200000000002, -1.1668900000000002, 0.7307925669428466]], "elements": ["Al", "Al", "Al", "Ni", "Ni"], "abc": [4.042229, 4.042229, 4.91139], "angles": [90.0, 90.0, 119.9998], "cartesian": true, "props": ["", "", "", "", ""]}, "dft_atoms": {"lattice_mat": [[2.02112, -3.50067, 0.0], [2.02112, 3.50067, 0.0], [0.0, 0.0, 4.91139]], "coords": [[0.0, 0.0, 0.0], [0.3333333333333333, 0.6666666666666666, 0.35184070055255673], [0.6666666666666667, 0.33333333333333337, 0.6481592994474432], [0.3333333333333333, 0.6666666666666666, 0.8512045333514857], [0.6666666666666667, 0.33333333333333337, 0.14879546664851429]], "elements": ["Al", "Al", "Al", "Ni", "Ni"], "abc": [4.042229, 4.042229, 4.91139], "angles": [90.0, 90.0, 119.9998], "cartesian": false, "props": ["", "", "", "", ""]}, "energy": -12.57537841796875}