{"jid": "JVASP-25180", "opt_atoms": {"lattice_mat": [[5.654826088657016, 1.2056330192168696e-10, -1.4424126423986897e-09], [1.2056285194650924e-10, 5.654826085777696, -1.2369390435186217e-09], [-1.4424116303479484e-09, -1.2369354259110665e-09, 5.65482609183289]], "coords": [[2.7710115837210457e-08, 2.7526826537267526e-08, 2.7328484445696068e-08], [2.706541726003194e-08, 2.8274130147742347, 2.8274130180493438], [2.827413015865328, 2.6866269928664874e-08, 2.827413018018977], [2.827413016644815, 2.8274130155210546, 2.588176254270537e-08]], "elements": ["Ca", "Ca", "Ca", "Ca"], "abc": [5.65483, 5.65483, 5.65483], "angles": [90.0, 90.0, 90.0], "cartesian": true, "props": ["", "", "", ""]}, "dft_atoms": {"lattice_mat": [[5.45674, 0.0, 0.0], [0.0, 5.45674, 0.0], [0.0, 0.0, 5.45674]], "coords": [[0.0, 0.0, 0.0], [0.0, 0.5, 0.5], [0.5, 0.0, 0.5], [0.5, 0.5, 0.0]], "elements": ["Ca", "Ca", "Ca", "Ca"], "abc": [5.45674, 5.45674, 5.45674], "angles": [90.0, 90.0, 90.0], "cartesian": false, "props": ["", "", "", ""]}, "energy": 2.241326332092285}