{"jid": "JVASP-19829", "opt_atoms": {"lattice_mat": [[2.862529436844736, -4.9577301778409515, 6.571680050019613e-09], [2.8591318927536733, 4.955768609489079, 6.59038617842697e-09], [7.825083069238067e-09, 6.420770381463853e-12, 3.328958541787191]], "coords": [[1.1644804494756642, 2.018113715102036, 1.6644792670470239], [3.3917777212337734, -0.0013296155538410816, 1.664479275428644], [1.1659522221847554, -2.019037164898667, 1.6644792674015245], [2.1254660479908587, -3.6811956434818187, 3.7645092208953904e-09], [1.4732409306785899, -0.0005009952391370237, 1.189353889921141e-09], [2.1229415450333557, 3.6797435073444698, 1.855424512260544e-09], [2.8613907325641104, -1.6532234947505584, 2.6240675867714112e-08], [2.860255027288831, 1.6512716714530953, 2.4969457360502768e-08], [-1.367214733878897e-05, -9.933124321157707e-05, 1.664479283475023]], "elements": ["Fe", "Fe", "Fe", "Fe", "Fe", "Fe", "P", "P", "P"], "abc": [5.724785, 5.721388, 3.32896], "angles": [90.0, 90.0, 120.0165], "cartesian": true, "props": ["", "", "", "", "", "", "", "", ""]}, "dft_atoms": {"lattice_mat": [[2.8994, -5.02192, 0.0], [2.8994, 5.02192, 0.0], [0.0, 0.0, 3.44749]], "coords": [[0.0, 0.407593933826364, 0.5], [0.592406066173636, 0.592406066173636, 0.5], [0.407593933826364, 0.0, 0.5], [0.7426205077180107, 0.0, 0.0], [0.2573794922819893, 0.2573794922819893, 0.0], [0.0, 0.7426205077180107, 0.0], [0.6666666666666666, 0.3333333333333333, 0.0], [0.3333333333333333, 0.6666666666666666, 0.0], [0.0, 0.0, 0.5]], "elements": ["Fe", "Fe", "Fe", "Fe", "Fe", "Fe", "P", "P", "P"], "abc": [5.79881, 5.79881, 3.44749], "angles": [90.0, 90.0, 120.0001], "cartesian": false, "props": ["", "", "", "", "", "", "", "", ""]}, "energy": -43.46853590011597}