{"jid": "JVASP-963", "opt_atoms": {"lattice_mat": [[4.004237704259416, 1.1861947578563996e-09, 1.236781904724642e-09], [1.186193914483712e-09, 4.004237702663918, 5.909913564307777e-10], [1.2367815494409047e-09, 5.90988971195598e-10, 4.004237706110761]], "coords": [[2.0021187978500534, 5.4871085814443195e-08, 5.486230690157388e-08], [2.002118798995184, 2.0021187978808856, 2.0021187996058982], [5.4914069233030957e-08, 5.466062859418451e-08, 2.0021187987276083], [5.4582867182051865e-08, 2.0021187973540253, 5.4352130311293804e-08]], "elements": ["Pd", "Pd", "Pd", "Pd"], "abc": [4.00424, 4.00424, 4.00424], "angles": [90.0, 90.0, 90.0], "cartesian": true, "props": ["", "", "", ""]}, "dft_atoms": {"lattice_mat": [[3.93786, 0.0, 0.0], [0.0, 3.93786, 0.0], [0.0, 0.0, 3.93786]], "coords": [[0.5, 0.0, 0.0], [0.5, 0.5, 0.5], [0.0, 0.0, 0.5], [0.0, 0.5, 0.0]], "elements": ["Pd", "Pd", "Pd", "Pd"], "abc": [3.93786, 3.93786, 3.93786], "angles": [90.0, 90.0, 90.0], "cartesian": false, "props": ["", "", "", ""]}, "energy": -8.837552070617676}