{"jid": "JVASP-969", "opt_atoms": {"lattice_mat": [[1.8786544820973525, -3.2539229009499575, -2.5947572884535143e-09], [1.8786544801789307, 3.253922899842356, -1.3383984905641342e-09], [-1.2656569245871786e-08, 2.334154276112162e-09, 12.164555070380702]], "coords": [[-2.138085388049851e-08, 1.167077144278264e-09, 6.082277535175747], [-1.5439540196963344e-08, -1.8332287524174704e-11, -8.787975470174682e-09], [1.878654487411925, -1.0846409404986475, 9.123416309461282], [1.8786544928915643, 1.0846409416791039, 3.0411387658817883]], "elements": ["Pr", "Pr", "Pr", "Pr"], "abc": [3.757302, 3.757302, 12.16456], "angles": [90.0, 90.0, 120.0], "cartesian": true, "props": ["", "", "", ""]}, "dft_atoms": {"lattice_mat": [[1.85332, -3.21004, 0.0], [1.85332, 3.21004, 0.0], [0.0, 0.0, 11.92766]], "coords": [[0.0, 0.0, 0.5], [0.0, 0.0, 0.0], [0.6666666666666666, 0.3333333333333333, 0.75], [0.33333333333333337, 0.6666666666666667, 0.25]], "elements": ["Pr", "Pr", "Pr", "Pr"], "abc": [3.706636, 3.706636, 11.92766], "angles": [90.0, 90.0, 119.9999], "cartesian": false, "props": ["", "", "", ""]}, "energy": -8.775911331176758}