{"jid": "JVASP-8222", "opt_atoms": {"lattice_mat": [[5.9740618497734586, -0.001225262946089325, -1.2157648910952386e-05], [-0.0012252629460893223, 5.97251650596542, 1.1596281459182792e-06], [-9.813726825835333e-06, 9.360587665104676e-07, 4.820573442996067]], "coords": [[3.9332140710142505, 0.9454227167078426, 2.410278961473126], [3.932443899596921, 5.025518796681493, -1.1515666376517418e-05], [2.040331120792978, 0.9458670756384437, -8.453379139227175e-06], [2.039593512214687, 5.025860227024427, 2.410275953738488], [-4.267409749935307e-05, -3.4577325224682123e-05, 3.6154121561946795], [-2.4490199378994202e-06, 2.602994749936472e-07, 1.205075406748326], [0.9457109145492835, 3.9323880673274276, -1.4001219080659994e-05], [0.9459443831627316, 2.039927043291444, 2.410285214922355], [5.02685405436904, 3.931397508812204, 2.4102772746911096], [5.027316283314279, 2.0390271198770193, -1.4278373069180503e-05], [2.9864158458590047, 2.985645862619439, 1.205127050218928], [2.986410938733079, 2.9856463313897432, 3.6153669995050484]], "elements": ["Al", "Al", "Al", "Al", "Cu", "Cu", "Al", "Al", "Al", "Al", "Cu", "Cu"], "abc": [5.97406, 5.97252, 4.82057], "angles": [90.0, 90.0002, 90.0236], "cartesian": true, "props": ["", "", "", "", "", "", "", "", "", "", "", ""]}, "dft_atoms": {"lattice_mat": [[6.07607, 0.0, 0.0], [0.0, 6.07607, 0.0], [0.0, 0.0, 4.90464]], "coords": [[0.6581346268884636, 0.15813462688846358, 0.5], [0.6581346268884636, 0.8418653731115364, 0.0], [0.3418653731115364, 0.15813462688846358, 0.0], [0.3418653731115364, 0.8418653731115364, 0.5], [0.0, 0.0, 0.75], [0.0, 0.0, 0.25], [0.15813462688846358, 0.6581346268884636, 0.0], [0.15813462688846358, 0.3418653731115364, 0.5], [0.8418653731115364, 0.6581346268884636, 0.5], [0.8418653731115364, 0.3418653731115364, 0.0], [0.5, 0.5, 0.25], [0.5, 0.5, 0.75]], "elements": ["Al", "Al", "Al", "Al", "Cu", "Cu", "Al", "Al", "Al", "Al", "Cu", "Cu"], "abc": [6.07607, 6.07607, 4.90464], "angles": [90.0, 90.0, 90.0], "cartesian": false, "props": ["", "", "", "", "", "", "", "", "", "", "", ""]}, "energy": -18.07756233215332}