{"jid": "JVASP-11965", "opt_atoms": {"lattice_mat": [[3.792797264314551, -6.569551275276463, -2.285365624769744e-09], [3.7986262396254427, 6.572916640296204, 2.9210634450379057e-09], [6.276009689881705e-10, 2.967650820730424e-09, 7.4569824825831335]], "coords": [[-9.74301239103551e-09, -7.675356405780312e-09, -1.0394763059485523e-08], [3.7974937298336546, 4.019436430016525, 4.176937829540764], [2.2129970139625303, 1.277720296270586, 4.17693490872318], [5.379557997611604, 1.2791247009541502, 4.176937557430736], [2.211864324631651, -1.2757586362424638, 0.4484379555005635], [5.378427557210865, -1.2743543340005272, 3.280050171068222], [3.793929750069861, -4.016071811801061, 0.44843837927005414], [3.797493730086847, 4.01943643104948, 7.008535898290057], [5.379557998175333, 1.2791247020087149, 7.008536169037376], [2.2118643242821223, -1.275758634695144, 3.2800532859375915], [5.378427556617642, -1.2743543353516285, 0.4484410699617144], [2.212997015205522, 1.2777202980567426, 7.00853881614495], [3.79392975036906, -4.016071810665551, 3.280052859131314], [5.3331972446803, 3.0792351241407205, 1.86424562237941], [3.795553005200296, -0.415881379559589, 5.592736862066352], [5.330419588290678, -3.0744504199111087, 5.592736860995407], [-9.445357045975047e-09, -6.1999245290943526e-09, 3.72849125365411], [3.795885004035459, 0.4192195508963622, 1.8642456211907525], [2.258222566584221, -3.0758724267345237, 5.59273686085714], [2.260978058181128, 3.0778458306581817, 1.8642456221804742], [3.797927794829163, 4.880953382569118, 1.8642456239564311], [3.7967042849251733, 2.19215777365368, 5.5927368631237115], [3.794691632578452, -2.188754172984467, 1.864245620095858], [1.4665204150546094, 0.8467154367263553, 1.864245622268093], [3.793495724389917, -4.8775898515301686, 5.5927368587255915], [1.4655549950121856, -0.845376396792731, 5.592736859416973], [6.125881612963502, 0.8487342378967507, 1.8642456229935604], [6.125034076104776, -0.8433845820660784, 5.592736860511135]], "elements": ["Al", "Al", "Al", "Al", "Al", "Al", "Al", "Al", "Al", "Al", "Al", "Al", "Al", "Al", "Al", "Al", "Al", "Al", "Al", "Al", "Co", "Co", "Co", "Co", "Co", "Co", "Co", "Co"], "abc": [7.585797, 7.591631, 7.45698], "angles": [90.0, 90.0, 119.9763], "cartesian": true, "props": ["", "", "", "", "", "", "", "", "", "", "", "", "", "", "", "", "", "", "", "", "", "", "", "", "", "", "", ""]}, "dft_atoms": {"lattice_mat": [[3.84786, -6.66468, 0.0], [3.84786, 6.66468, 0.0], [0.0, 0.0, 7.5977]], "coords": [[0.0, 0.0, 0.0], [0.1942840584133066, 0.8057159415866935, 0.5601101715632877], [0.19428405841330654, 0.3885681168266131, 0.5601101715632877], [0.6114318831733869, 0.8057159415866935, 0.5601101715632877], [0.3885681168266131, 0.1942840584133066, 0.060110171563287684], [0.8057159415866935, 0.6114318831733869, 0.4398898284367123], [0.8057159415866935, 0.19428405841330654, 0.060110171563287684], [0.1942840584133066, 0.8057159415866935, 0.9398898284367123], [0.6114318831733869, 0.8057159415866935, 0.9398898284367123], [0.3885681168266131, 0.1942840584133066, 0.4398898284367123], [0.8057159415866935, 0.6114318831733869, 0.060110171563287684], [0.19428405841330654, 0.3885681168266131, 0.9398898284367123], [0.8057159415866935, 0.19428405841330654, 0.4398898284367123], [0.468175891025304, 0.936351782050608, 0.25], [0.531824108974696, 0.468175891025304, 0.75], [0.936351782050608, 0.468175891025304, 0.75], [0.0, 0.0, 0.5], [0.468175891025304, 0.531824108974696, 0.25], [0.531824108974696, 0.06364821794939202, 0.75], [0.06364821794939202, 0.531824108974696, 0.25], [0.12861660243862533, 0.8713833975613747, 0.25], [0.3333333333333333, 0.6666666666666666, 0.75], [0.6666666666666667, 0.33333333333333337, 0.25], [0.12861660243862527, 0.25723320487725054, 0.25], [0.8713833975613747, 0.12861660243862527, 0.75], [0.25723320487725054, 0.12861660243862533, 0.75], [0.7427667951227495, 0.8713833975613747, 0.25], [0.8713833975613747, 0.7427667951227495, 0.75]], "elements": ["Al", "Al", "Al", "Al", "Al", "Al", "Al", "Al", "Al", "Al", "Al", "Al", "Al", "Al", "Al", "Al", "Al", "Al", "Al", "Al", "Co", "Co", "Co", "Co", "Co", "Co", "Co", "Co"], "abc": [7.695712, 7.695712, 7.5977], "angles": [90.0, 90.0, 119.9999], "cartesian": false, "props": ["", "", "", "", "", "", "", "", "", "", "", "", "", "", "", "", "", "", "", "", "", "", "", "", "", "", "", ""]}, "energy": -95.18545627593994}