{"jid": "JVASP-8566", "opt_atoms": {"lattice_mat": [[6.10955364627814, 4.181562287389286e-13, 4.91988485500977e-13], [4.1815622873892846e-13, 6.109553645304157, -1.3587067579618503e-13], [4.919884855009768e-13, -1.3587067579618506e-13, 6.109553645628817]], "coords": [[0.0, 0.0, 0.0], [3.054776823139071, 2.0907811436946436e-13, 2.4599424275048857e-13], [4.550723571199528e-13, 3.0547768226520113, 3.0547768228143415], [3.0547768231395263, 3.05477682265222, 3.0547768228145875], [3.054776823139317, 1.411427764713718e-13, 3.0547768228146555], [2.459942427504885e-13, -6.793533789809254e-14, 3.0547768228144094], [3.0547768231392802, 3.054776822652288, 1.7805890485239604e-13], [2.0907811436946428e-13, 3.0547768226520793, -6.793533789809253e-14]], "elements": ["Ag", "I", "Ag", "I", "Ag", "I", "Ag", "I"], "abc": [6.10955, 6.10955, 6.10955], "angles": [90.0, 90.0, 90.0], "cartesian": true, "props": ["", "", "", "", "", "", "", ""]}, "dft_atoms": {"lattice_mat": [[6.11398, 0.0, 0.0], [0.0, 6.11398, 0.0], [0.0, 0.0, 6.11398]], "coords": [[0.0, 0.0, 0.0], [0.5, 0.0, 0.0], [0.0, 0.5, 0.5], [0.5, 0.5, 0.5], [0.5, 0.0, 0.5], [0.0, 0.0, 0.5], [0.5, 0.5, 0.0], [0.0, 0.5, 0.0]], "elements": ["Ag", "I", "Ag", "I", "Ag", "I", "Ag", "I"], "abc": [6.11398, 6.11398, 6.11398], "angles": [90.0, 90.0, 90.0], "cartesian": false, "props": ["", "", "", "", "", "", "", ""]}, "energy": 1.5538825988769531}