{"jid": "JVASP-63076", "opt_atoms": {"lattice_mat": [[8.973976585004799, -0.00011114358480097231, -0.00045372844752605655], [-0.00011114358479956114, 8.974034018624693, -1.5975786267120783e-05], [-0.00045372844752698544, -1.5975786266542436e-05, 8.974080567820945]], "coords": [[6.077294221390926, 7.383454766564827, 1.5902463719219702], [3.8335875376789152, 0.6529511660081188, 8.32084564928413], [3.8336492100942974, 8.32095222859053, 5.13979678066363], [0.6529354992805734, 0.6530120710493339, 0.652966915437383], [0.6526808236123023, 8.320987457568496, 3.8340179061349575], [7.383039069800811, 7.383442074951114, 7.383144534039112], [1.5900546815706513, 6.0775002741128805, 7.383460437216211], [2.8963023277824163, 6.07747138086301, 1.590395715506257], [-0.00011975294222939618, 6.730528920924251, 1.1217282298948912], [5.608603954718181, 4.486936566459102, 2.2432223404663807], [2.2434634201977475, 3.3652204493387545, -0.00012026539208148334], [-0.00021005850447604343, 2.2435112490270503, 3.365289187435412], [6.730458190418682, 1.1216574356067865, -0.0003432983788317716], [3.365086725719864, -2.6994988523821155e-05, 2.243368786019491], [1.5901264368472334, 2.8964899480788002, 6.077511943583612], [8.320765217453651, 5.139920730258806, 3.8335699791821893], [8.32094266102949, 3.8339021866846625, 0.6525602480238037], [5.139645485471287, 5.139971533176539, 5.139758747952594], [5.139497611913869, 3.833918999377824, 8.320832563753745], [2.8963033423155404, 2.89649166780564, 2.8963379775562643], [6.077343992697419, 1.5904141217225307, 2.8962005534102175], [7.3831280406591135, 1.5903871474750266, 6.07721155125626], [4.4866990748832976, 2.243454503241621, 5.6085574509456215], [1.1214347819113208, -3.458663468556457e-05, 6.730491792575079], [6.73016360439955, 7.852170422348015, 4.486687417108057], [4.486497887439395, 6.730459231886791, 7.852090535946791], [2.243193075189023, 5.608732503660552, 4.486917471988803], [7.851789258437868, 4.48692886465726, 6.7301686799239535]], "elements": ["Yb", "Yb", "Yb", "Yb", "Yb", "Yb", "Yb", "Yb", "As", "As", "As", "As", "As", "As", "Yb", "Yb", "Yb", "Yb", "Yb", "Yb", "Yb", "Yb", "As", "As", "As", "As", "As", "As"], "abc": [8.97398, 8.97403, 8.97408], "angles": [90.0003, 90.0057, 90.0014], "cartesian": true, "props": ["", "", "", "", "", "", "", "", "", "", "", "", "", "", "", "", "", "", "", "", "", "", "", "", "", "", "", ""]}, "dft_atoms": {"lattice_mat": [[8.79834, 0.0, 0.0], [0.0, 8.79834, 0.0], [0.0, 0.0, 8.79834]], "coords": [[0.6772282988219116, 0.8227717011780884, 0.17722829882191168], [0.4272282988219117, 0.0727717011780884, 0.9272282988219116], [0.4272282988219117, 0.9272282988219116, 0.5727717011780884], [0.0727717011780884, 0.0727717011780884, 0.07277170117808832], [0.0727717011780884, 0.9272282988219116, 0.4272282988219117], [0.8227717011780884, 0.8227717011780884, 0.8227717011780883], [0.17722829882191168, 0.6772282988219116, 0.8227717011780884], [0.3227717011780884, 0.6772282988219116, 0.17722829882191168], [0.0, 0.75, 0.125], [0.625, 0.5, 0.25], [0.25, 0.375, 0.0], [0.0, 0.25, 0.375], [0.75, 0.125, 0.0], [0.375, 0.0, 0.25], [0.1772282988219116, 0.3227717011780884, 0.6772282988219117], [0.9272282988219117, 0.5727717011780884, 0.4272282988219116], [0.9272282988219117, 0.4272282988219116, 0.0727717011780884], [0.5727717011780884, 0.5727717011780884, 0.5727717011780883], [0.5727717011780884, 0.4272282988219116, 0.9272282988219117], [0.3227717011780884, 0.3227717011780884, 0.3227717011780884], [0.6772282988219117, 0.1772282988219116, 0.3227717011780884], [0.8227717011780884, 0.1772282988219116, 0.6772282988219117], [0.5, 0.25, 0.625], [0.125, 0.0, 0.75], [0.75, 0.875, 0.5], [0.5, 0.75, 0.875], [0.25, 0.625, 0.5], [0.875, 0.5, 0.75]], "elements": ["Yb", "Yb", "Yb", "Yb", "Yb", "Yb", "Yb", "Yb", "As", "As", "As", "As", "As", "As", "Yb", "Yb", "Yb", "Yb", "Yb", "Yb", "Yb", "Yb", "As", "As", "As", "As", "As", "As"], "abc": [8.79834, 8.79834, 8.79834], "angles": [90.0, 90.0, 90.0], "cartesian": false, "props": ["", "", "", "", "", "", "", "", "", "", "", "", "", "", "", "", "", "", "", "", "", "", "", "", "", "", "", ""]}, "energy": -55.54138469696045}