{"jid": "JVASP-38020", "opt_atoms": {"lattice_mat": [[2.8334091650989746, 5.5581262695598856e-09, 9.699661393810196e-09], [5.558125953789972e-09, 2.8334091650989723, 1.643843546122922e-08], [2.651246844497771e-08, 4.4931813603061106e-08, 6.9528741768672395]], "coords": [[4.466062417261374e-08, 5.3817657177505626e-08, 3.4764370883543676], [1.4167044618874165, 1.4167044791224201, 5.446486887785384], [1.4167044556484525, 1.416704460631092, 1.5063873692974732], [6.22854294211331e-08, 6.576961443697272e-08, 6.997766182506414e-08]], "elements": ["Al", "Al", "Al", "Cu"], "abc": [2.83341, 2.83341, 6.95287], "angles": [90.0, 90.0, 90.0], "cartesian": true, "props": ["", "", "", ""]}, "dft_atoms": {"lattice_mat": [[2.81594, 0.0, 0.0], [0.0, 2.81594, 0.0], [0.0, 0.0, 7.69692]], "coords": [[0.0, 0.0, 0.5], [0.5, 0.5, 0.7773627449482641], [0.5, 0.5, 0.22263725505173593], [0.0, 0.0, 0.0]], "elements": ["Al", "Al", "Al", "Cu"], "abc": [2.81594, 2.81594, 7.69692], "angles": [90.0, 90.0, 90.0], "cartesian": false, "props": ["", "", "", ""]}, "energy": -6.767288684844971}