{"jid": "JVASP-91658", "opt_atoms": {"lattice_mat": [[4.6703915869569315, -0.00017101341576183807, 1.0003388689604952e-05], [-0.00021217699386528365, 5.747562196373566, -1.063570326882429e-05], [1.6218080516226986e-05, -1.3897939282837545e-05, 7.620981375837918]], "coords": [[1.1675794394364036, 2.1658110905523835, 5.178022879583179], [1.167625379068107, 0.7078841156802991, 1.367535386254715], [3.5026165421932602, 3.581568919685185, 2.442957524350777], [3.5025706150895113, 5.0394903068269805, 6.253444981776073], [1.1674213635393649, 5.063671015694754, 4.08406810382287], [1.1674669994567786, 3.5575844008226927, 0.2735809372149674], [3.502774195375589, 0.6836432191852878, 3.5369341183435017], [3.5027286649162233, 2.189843118902767, 7.347416062394983]], "elements": ["Pr", "Pr", "Pr", "Pr", "Cu", "Cu", "Cu", "Cu"], "abc": [4.67039, 5.74756, 7.62098], "angles": [90.0002, 89.9997, 90.0042], "cartesian": true, "props": ["", "", "", "", "", "", "", ""]}, "dft_atoms": {"lattice_mat": [[4.57122, 0.0, 0.0], [0.0, 5.67153, 0.0], [0.0, 0.0, 7.41113]], "coords": [[0.25, 0.376900404931497, 0.6794120675486556], [0.25, 0.12309959506850299, 0.17941206754865568], [0.75, 0.623099595068503, 0.3205879324513444], [0.75, 0.876900404931497, 0.8205879324513444], [0.25, 0.8809209427807903, 0.535848081357433], [0.25, 0.6190790572192097, 0.03584808135743289], [0.75, 0.11907905721920975, 0.464151918642567], [0.75, 0.38092094278079025, 0.964151918642567]], "elements": ["Pr", "Pr", "Pr", "Pr", "Cu", "Cu", "Cu", "Cu"], "abc": [4.57122, 5.67153, 7.41113], "angles": [90.0, 90.0, 90.0], "cartesian": false, "props": ["", "", "", "", "", "", "", ""]}, "energy": -8.140204429626465}