{"jid": "JVASP-37941", "opt_atoms": {"lattice_mat": [[2.8777643530480392, -4.984434198756295, -1.362098902266193e-07], [2.877764251060999, 4.9844341398741046, 1.5749461630002982e-07], [1.735777253413018e-08, 1.38285122810086e-07, 3.89543166938059]], "coords": [[2.877764282043643, 3.2318275054540204, 2.921573718044231], [1.5178016823855816, 0.8763034337343497, 2.9215736414655264], [4.237726932620283, 0.876303414614626, 2.9215736431299204], [2.877764332462442, -3.231827435303003, 0.97385797689362], [4.237726930415383, -0.8763033578528515, 0.9738580468154221], [1.517801704708276, -0.8763033324412842, 0.9738580395435757], [2.8777642888135855, 1.6614780306850438, 0.973857799979022], [2.8777643328666116, -1.66147795032091, 2.9215738869723173]], "elements": ["Al", "Al", "Al", "Al", "Al", "Al", "Fe", "Fe"], "abc": [5.755523, 5.755523, 3.89543], "angles": [90.0, 90.0, 120.0], "cartesian": true, "props": ["", "", "", "", "", "", "", ""]}, "dft_atoms": {"lattice_mat": [[2.6884, -4.65645, 0.0], [2.6884, 4.65645, 0.0], [0.0, 0.0, 4.3848]], "coords": [[0.17169753262605525, 0.8283024673739448, 0.75], [0.17169753262605525, 0.3433950652521105, 0.75], [0.6566049347478895, 0.8283024673739448, 0.75], [0.8283024673739448, 0.17169753262605525, 0.25], [0.8283024673739448, 0.6566049347478895, 0.25], [0.3433950652521105, 0.17169753262605525, 0.25], [0.3333333333333333, 0.6666666666666666, 0.25], [0.6666666666666667, 0.33333333333333337, 0.75]], "elements": ["Al", "Al", "Al", "Al", "Al", "Al", "Fe", "Fe"], "abc": [5.376804, 5.376804, 4.3848], "angles": [90.0, 90.0, 120.0], "cartesian": false, "props": ["", "", "", "", "", "", "", ""]}, "energy": -24.88060760498047}