{"jid": "JVASP-934", "opt_atoms": {"lattice_mat": [[3.31907, 0.0, 0.0], [0.0, 3.31907, 0.0], [0.0, 0.0, 3.31907]], "coords": [[0.0, 0.0, 0.0], [1.659535, 1.659535, 1.659535]], "elements": ["Nb", "Nb"], "abc": [3.31907, 3.31907, 3.31907], "angles": [90.0, 90.0, 90.0], "cartesian": true, "props": ["", ""]}, "dft_atoms": {"lattice_mat": [[3.31907, 0.0, 0.0], [0.0, 3.31907, 0.0], [0.0, 0.0, 3.31907]], "coords": [[0.0, 0.0, 0.0], [0.5, 0.5, 0.5]], "elements": ["Nb", "Nb"], "abc": [3.31907, 3.31907, 3.31907], "angles": [90.0, 90.0, 90.0], "cartesian": false, "props": ["", ""]}, "energy": -14.483991622924805}