{"jid": "JVASP-1393", "opt_atoms": {"lattice_mat": [[5.507098820299583, -8.590883585039049e-10, 1.0129549059657457e-09], [-8.590883585039049e-10, 5.507098820299583, -1.2052881917719436e-09], [1.012954905965746e-09, -1.2052881917719434e-09, 5.507098821151495]], "coords": [[-3.497304368030841e-11, 3.7304579925967384e-11, -4.6630724909693374e-11], [4.1302795868005635, 1.3768192326011723, 1.3768192337518674], [4.0794461958643844e-11, 2.753549409507511, 2.7535494100255633], [4.130279586868168, 4.130279585125232, 4.130279587858311], [2.7535494107029, -9.797287096575567e-10, 2.753549411133519], [1.3768192341290473, 1.376819232348806, 4.130279588001105], [2.7535494097598834, 2.7535494096829427, -1.358027590484755e-10], [1.3768192331510882, 4.130279586250649, 1.3768192325774988]], "elements": ["Ga", "P", "Ga", "P", "Ga", "P", "Ga", "P"], "abc": [5.5071, 5.5071, 5.5071], "angles": [90.0, 90.0, 90.0], "cartesian": true, "props": ["", "", "", "", "", "", "", ""]}, "dft_atoms": {"lattice_mat": [[5.49947, 0.0, 0.0], [0.0, 5.49947, 0.0], [0.0, 0.0, 5.49947]], "coords": [[0.0, 0.0, 0.0], [0.75, 0.25, 0.25], [0.0, 0.5, 0.5], [0.75, 0.75, 0.75], [0.5, 0.0, 0.5], [0.25, 0.25, 0.75], [0.5, 0.5, 0.0], [0.25, 0.75, 0.25]], "elements": ["Ga", "P", "Ga", "P", "Ga", "P", "Ga", "P"], "abc": [5.49947, 5.49947, 5.49947], "angles": [90.0, 90.0, 90.0], "cartesian": false, "props": ["", "", "", "", "", "", "", ""]}, "energy": -16.85291290283203}