{"jid": "JVASP-18399", "opt_atoms": {"lattice_mat": [[4.091370758468155, -3.543810745190346e-11, 0.00780047052880015], [-3.543818353733107e-11, 4.083467450260131, 3.798319529678527e-10], [0.007800470528800167, 3.798324097351839e-10, 4.075766044118336]], "coords": [[1.1818576911440906e-08, 1.2534205419938956e-08, 7.716068052822413e-09], [2.0456854042819557, -4.2870474780619964e-08, 0.0039002037150359147], [0.003900240986414597, 2.0417337127401236, 2.037883020311487], [2.049585630574612, 2.041733767896648, 2.0417832798630995], [2.049585602689414, 1.2836451152489424e-08, 2.041783249611922], [0.0039002100740603155, -4.2444925739136745e-08, 2.037883053793215], [2.0456853734426215, 2.041733712555648, 0.0039002374838161703], [-1.608806378592076e-08, 2.0417337678050336, -2.2045432576756296e-08]], "elements": ["H", "Pd", "H", "Pd", "H", "Pd", "H", "Pd"], "abc": [4.091377, 4.08347, 4.075777], "angles": [90.0, 89.7811, 90.0], "cartesian": true, "props": ["", "", "", "", "", "", "", ""]}, "dft_atoms": {"lattice_mat": [[4.1382, 0.0, 0.0], [0.0, 4.1382, 0.0], [0.0, 0.0, 4.1382]], "coords": [[0.0, 0.0, 0.0], [0.5, 0.0, 0.0], [0.0, 0.5, 0.5], [0.5, 0.5, 0.5], [0.5, 0.0, 0.5], [0.0, 0.0, 0.5], [0.5, 0.5, 0.0], [0.0, 0.5, 0.0]], "elements": ["H", "Pd", "H", "Pd", "H", "Pd", "H", "Pd"], "abc": [4.1382, 4.1382, 4.1382], "angles": [90.0, 90.0, 90.0], "cartesian": false, "props": ["", "", "", "", "", "", "", ""]}, "energy": -22.866283416748047}