{"jid": "JVASP-996", "opt_atoms": {"lattice_mat": [[1.7191865435537208, -2.977719991556722, 7.828975650944889e-08], [1.7191865440459169, 2.9777199918408845, -7.835075214001936e-08], [-9.454326832948109e-11, -1.401754594135764e-07, 5.556646774214921]], "coords": [[1.719186543646879, -0.9925732418041372, 4.167485127764777], [1.7191865438582161, 0.9925731020097851, 1.3891616440311376]], "elements": ["Sc", "Sc"], "abc": [3.438376, 3.438376, 5.55665], "angles": [90.0, 90.0, 119.9999], "cartesian": true, "props": ["", ""]}, "dft_atoms": {"lattice_mat": [[1.6457, -2.85044, 0.0], [1.6457, 2.85044, 0.0], [0.0, 0.0, 5.10164]], "coords": [[0.6666666666666666, 0.3333333333333333, 0.75], [0.33333333333333337, 0.6666666666666667, 0.25]], "elements": ["Sc", "Sc"], "abc": [3.291403, 3.291403, 5.10164], "angles": [90.0, 90.0, 120.0001], "cartesian": false, "props": ["", ""]}, "energy": -7.015261173248291}