{"jid": "JVASP-32", "opt_atoms": {"lattice_mat": [[2.3762519076263042, -4.119455857100843, -0.0023040236109414785], [2.376251876896094, 4.119455839358768, 0.0023040292208489307], [1.5296278980052758e-08, 0.00725414902627222, 12.987947246419601]], "coords": [[2.376252677943741, 1.3754886621162556, 4.083922606945423], [2.3762526864005085, -1.3718616042703466, 2.4100510348131134], [-7.81142560283133e-07, 0.001127694999489897, 1.9184967185642616], [2.3762511097139667, 1.373233273329473, 0.24692917636229803], [1.6487509231112578, -0.11135812331962974, 1.082265566483937], [3.297501467990689, 0.0018135248828354143, 3.2469868154314314], [3.8312542591127903, -1.3725474531592974, 1.0815609380306856], [1.6487509306959724, -2.6337367764355517, 1.080856308530104], [0.7275009584800511, 1.2630028519293421, 3.2476914456123858], [0.7275009680124997, -1.259375783057862, 3.2462821792155365], [7.800797837010204e-07, 0.004754771338712039, 8.412470340035465], [2.37625267541576, 1.3768603476702836, 6.740902788969491], [2.3762511275269746, -1.3696062166065115, 6.2470444619758805], [-7.778394073961262e-07, 0.0024993794445930836, 4.575476905932268], [1.6487509189099272, 2.637363830005682, 5.413117327740869], [0.9212495506226953, -1.3689203647241495, 7.575534554659049], [3.8312542510246503, 1.3761744977649477, 5.412412697999431], [1.648750926848086, 0.1149851813721728, 5.411708062833581], [3.103752871760664, -0.10773105026359905, 7.576239189655946], [3.1037528817868822, -2.6301096984093135, 7.574829923361308], [2.3762526928204193, -1.3659791422694674, 12.741018075122597], [7.829428185878538e-07, 0.006126452168540681, 11.06945052756308], [2.3762511277727394, 1.37911573349423, 10.577896217920776], [2.376251135995396, -1.3682345285444977, 8.904024646403808], [1.6487509527656328, -2.852825929574417, 9.739361048885417], [0.9212495419641624, 1.3798015827723809, 11.906386313340118], [1.4550023544792245, 0.005440606353971469, 9.740960436527404], [1.6487509317106335, 2.863707141359694, 9.742559824564268], [3.103752869767517, 2.640990906864848, 11.907090944391895], [3.1037528765282483, 0.11861225271534402, 11.905681685164058]], "elements": ["Al", "Al", "Al", "Al", "O", "O", "O", "O", "O", "O", "Al", "Al", "Al", "Al", "O", "O", "O", "O", "O", "O", "Al", "Al", "Al", "Al", "O", "O", "O", "O", "O", "O"], "abc": [4.755683, 4.755683, 12.987952], "angles": [89.9446, 90.0554, 120.0443], "cartesian": true, "props": ["", "", "", "", "", "", "", "", "", "", "", "", "", "", "", "", "", "", "", "", "", "", "", "", "", "", "", "", "", ""]}, "dft_atoms": {"lattice_mat": [[2.40174, -4.15994, 0.0], [2.40174, 4.15994, 0.0], [0.0, 0.0, 13.09743]], "coords": [[0.3333333333333333, 0.6666666666666666, 0.31440267807851674], [0.6666666666666666, 0.3333333333333333, 0.18559732192148326], [0.0, 0.0, 0.14773601141185022], [0.3333333333333333, 0.6666666666666667, 0.018930655254816575], [0.360595840449621, 0.3333333333333333, 0.08333333333333333], [0.6939291737829543, 0.6939291737829543, 0.25], [0.9727374928837123, 0.639404159550379, 0.08333333333333333], [0.6666666666666667, 0.027262507116287693, 0.08333333333333333], [0.0, 0.3060708262170456, 0.25], [0.3060708262170456, 0.0, 0.25], [0.0, 0.0, 0.64773601141185], [0.33333333333333326, 0.6666666666666666, 0.5189306552548165], [0.6666666666666666, 0.3333333333333333, 0.48106934474518354], [0.0, 0.0, 0.3522639885881499], [0.027262507116287527, 0.6666666666666666, 0.41666666666666663], [0.360595840449621, 0.027262507116287527, 0.5833333333333333], [0.639404159550379, 0.9727374928837123, 0.41666666666666663], [0.3333333333333335, 0.360595840449621, 0.41666666666666663], [0.6666666666666666, 0.639404159550379, 0.5833333333333333], [0.9727374928837123, 0.3333333333333333, 0.5833333333333333], [0.6666666666666666, 0.33333333333333326, 0.9810693447451834], [0.0, 0.0, 0.8522639885881499], [0.3333333333333333, 0.6666666666666666, 0.8144026780785169], [0.6666666666666666, 0.3333333333333335, 0.6855973219214833], [0.6939291737829543, 0.0, 0.75], [0.027262507116287527, 0.360595840449621, 0.9166666666666666], [0.3060708262170455, 0.3060708262170455, 0.75], [0.0, 0.6939291737829543, 0.75], [0.3333333333333333, 0.9727374928837123, 0.9166666666666666], [0.639404159550379, 0.6666666666666666, 0.9166666666666666]], "elements": ["Al", "Al", "Al", "Al", "O", "O", "O", "O", "O", "O", "Al", "Al", "Al", "Al", "O", "O", "O", "O", "O", "O", "Al", "Al", "Al", "Al", "O", "O", "O", "O", "O", "O"], "abc": [4.803484, 4.803484, 13.09743], "angles": [90.0, 90.0, 120.0], "cartesian": false, "props": ["", "", "", "", "", "", "", "", "", "", "", "", "", "", "", "", "", "", "", "", "", "", "", "", "", "", "", "", "", ""]}, "energy": -182.9758071899414}