{"jid": "JVASP-102277", "opt_atoms": {"lattice_mat": [[1.8094561032605339, -3.1340717563574194, -6.107849059730254e-09], [1.8094561072930309, 3.134071758685574, 1.2722853456890962e-08], [2.128468704005156e-08, 3.498180291785663e-08, 11.776478903955073]], "coords": [[1.277336656821547e-08, 9.236987558850134e-10, 3.294403390125419e-09], [1.8094560990966286, 1.0446906370494593, 2.944119732576098], [2.289549823781824e-08, 1.7483399324699876e-08, 5.888239451953156], [1.8094561077550109, -1.0446906008294803, 8.832359174775183]], "elements": ["Er", "Er", "Er", "Er"], "abc": [3.618914, 3.618914, 11.77648], "angles": [90.0, 90.0, 119.9999], "cartesian": true, "props": ["", "", "", ""]}, "dft_atoms": {"lattice_mat": [[1.74214, -3.01748, 0.0], [1.74214, 3.01748, 0.0], [0.0, 0.0, 11.21115]], "coords": [[0.0, 0.0, 0.0], [0.3333333333333333, 0.6666666666666666, 0.25], [0.0, 0.0, 0.5], [0.6666666666666667, 0.33333333333333337, 0.75]], "elements": ["Er", "Er", "Er", "Er"], "abc": [3.484284, 3.484284, 11.21115], "angles": [90.0, 90.0, 120.0001], "cartesian": false, "props": ["", "", "", ""]}, "energy": -7.388710975646973}