{"jid": "JVASP-38264", "opt_atoms": {"lattice_mat": [[3.321736450845361, -5.753407866358377, -3.193757414838751e-09], [3.321736455594125, 5.753407869100082, 7.634988373110764e-09], [3.5384066884387602e-09, 4.981071496110624e-09, 5.187668916241038]], "coords": [[3.321736453319509, -1.9178026273418045, 1.2969172546809298], [3.3217364566528973, 1.9178026344214516, 3.890751665650287], [3.3217364541668886, -3.77877507014325, 3.8907516978628967], [4.933388163730067, -0.987316423916241, 3.890751699972304], [1.7100847465731153, -0.9873164252426728, 3.890751697408428], [3.321736455723258, 3.778775075252005, 1.2969172234866104], [1.7100847488203594, 0.9873164340648227, 1.296917220494104], [4.933388160137123, 0.9873164352858292, 1.2969172226236]], "elements": ["Mn", "Mn", "Tl", "Tl", "Tl", "Tl", "Tl", "Tl"], "abc": [6.643469, 6.643469, 5.18767], "angles": [90.0, 90.0, 119.9999], "cartesian": true, "props": ["", "", "", "", "", "", "", ""]}, "dft_atoms": {"lattice_mat": [[3.34884, -5.80035, 0.0], [3.34884, 5.80035, 0.0], [0.0, 0.0, 5.33616]], "coords": [[0.6666666666666666, 0.3333333333333333, 0.25], [0.33333333333333337, 0.6666666666666667, 0.75], [0.828530016957759, 0.17146998304224104, 0.75], [0.828530016957759, 0.6570600339155179, 0.75], [0.3429399660844821, 0.17146998304224104, 0.75], [0.17146998304224104, 0.828530016957759, 0.25], [0.17146998304224104, 0.3429399660844821, 0.25], [0.6570600339155179, 0.828530016957759, 0.25]], "elements": ["Mn", "Mn", "Tl", "Tl", "Tl", "Tl", "Tl", "Tl"], "abc": [6.69767, 6.69767, 5.33616], "angles": [90.0, 90.0, 119.9999], "cartesian": false, "props": ["", "", "", "", "", "", "", ""]}, "energy": -2.716982841491699}