{"jid": "JVASP-95268", "opt_atoms": {"lattice_mat": [[10.36251, 0.0, 0.0], [0.0, 12.74787, 0.0], [0.0, 0.0, 24.55811]], "coords": [[7.967485242006293, 10.57499810054827, 20.249607277832308], [9.428898661124444, 0.44953714191664507, 18.543256439437037], [4.247643661124444, 12.298332858083356, 18.29390856056296], [1.6570161611244443, 9.111365358083356, 12.403728939437034], [6.838271161124444, 10.010439641916646, 12.154381060562962], [8.705493838875556, 9.111365358083356, 12.154381060562962], [3.5242388388755557, 10.010439641916646, 12.403728939437034], [0.9444971231543057, 8.410789234780744, 19.624567877705122], [0.9444971231543057, 10.711015765219257, 17.212597122294877], [4.236757876845695, 8.410789234780744, 17.212597122294877], [4.236757876845695, 10.711015765219257, 19.624567877705122], [6.827385376845695, 1.1501132652192567, 11.073069622294877], [6.827385376845695, 11.597756734780743, 13.485040377705118], [3.5351246231543056, 1.1501132652192567, 13.485040377705118], [3.5351246231543056, 11.597756734780743, 11.073069622294877], [1.760167928207797, 7.771889743143737, 21.417798126430082], [1.760167928207797, 11.349915256856265, 15.419366873569917], [3.421087071792203, 7.771889743143737, 15.419366873569917], [3.421087071792203, 11.349915256856265, 21.417798126430082], [6.011714571792203, 1.7890127568562642, 9.279839373569917], [6.011714571792203, 10.958857243143736, 15.278270626430078], [4.350795428207797, 1.7890127568562642, 15.278270626430078], [4.350795428207797, 10.958857243143736, 9.279839373569917], [5.376857742006293, 7.3880306005482685, 10.448030222167692], [0.1956027420062931, 11.733774399451733, 14.110079777832311], [4.985652257993707, 7.3880306005482685, 14.110079777832311], [10.166907257993707, 11.733774399451733, 10.448030222167692], [2.395024757993707, 2.1728718994517315, 20.249607277832308], [7.576279757993707, 10.57499810054827, 16.58755772216769], [2.786230242006293, 2.1728718994517315, 16.58755772216769], [0.9336113388755557, 12.298332858083356, 18.543256439437037], [6.114866338875556, 0.44953714191664507, 18.29390856056296], [7.967485242006293, 4.201063100548269, 7.970552277832311], [9.428898661124444, 6.823472141916645, 6.264201439437034], [4.247643661124444, 5.924397858083355, 6.014853560562965], [1.6570161611244443, 2.737430358083355, 0.1246739394370346], [6.838271161124444, 3.636504641916645, 24.43343606056296], [8.705493838875556, 2.737430358083355, 24.43343606056296], [3.5242388388755557, 3.636504641916645, 0.1246739394370346], [0.9444971231543057, 2.0368542347807432, 7.345512877705119], [0.9444971231543057, 4.337080765219257, 4.933542122294881], [4.236757876845695, 2.0368542347807432, 4.933542122294881], [4.236757876845695, 4.337080765219257, 7.345512877705119], [6.827385376845695, 7.524048265219257, 23.352124622294877], [6.827385376845695, 5.223821734780744, 1.2059853777051188], [3.5351246231543056, 7.524048265219257, 1.2059853777051188], [3.5351246231543056, 5.223821734780744, 23.352124622294877], [1.760167928207797, 1.3979547431437374, 9.138743126430079], [1.760167928207797, 4.975980256856263, 3.1403118735699205], [3.421087071792203, 1.3979547431437374, 3.1403118735699205], [3.421087071792203, 4.975980256856263, 9.138743126430079], [6.011714571792203, 8.162947756856264, 21.558894373569917], [6.011714571792203, 4.584922243143738, 2.9992156264300793], [4.350795428207797, 8.162947756856264, 2.9992156264300793], [4.350795428207797, 4.584922243143738, 21.558894373569917], [5.376857742006293, 1.0140956005482684, 22.72708522216769], [0.1956027420062931, 5.359839399451732, 1.8310247778323108], [4.985652257993707, 1.0140956005482684, 1.8310247778323108], [10.166907257993707, 5.359839399451732, 22.72708522216769], [2.395024757993707, 8.546806899451733, 7.970552277832311], [7.576279757993707, 4.201063100548269, 4.308502722167689], [2.786230242006293, 8.546806899451733, 4.308502722167689], [0.9336113388755557, 5.924397858083355, 6.264201439437034], [6.114866338875556, 6.823472141916645, 6.014853560562965], [2.786230242006293, 10.57499810054827, 7.970552277832311], [4.247643661124444, 0.44953714191664507, 6.264201439437034], [9.428898661124444, 12.298332858083356, 6.014853560562965], [6.838271161124444, 9.111365358083356, 0.1246739394370346], [1.6570161611244443, 10.010439641916646, 24.43343606056296], [3.5242388388755557, 9.111365358083356, 24.43343606056296], [8.705493838875556, 10.010439641916646, 0.1246739394370346], [6.125752123154306, 8.410789234780744, 7.345512877705119], [6.125752123154306, 10.711015765219257, 4.933542122294881], [9.418012876845694, 8.410789234780744, 4.933542122294881], [9.418012876845694, 10.711015765219257, 7.345512877705119], [1.6461303768456945, 1.1501132652192567, 23.352124622294877], [1.6461303768456945, 11.597756734780743, 1.2059853777051188], [8.716379623154307, 1.1501132652192567, 1.2059853777051188], [8.716379623154307, 11.597756734780743, 23.352124622294877], [6.941422928207797, 7.771889743143737, 9.138743126430079], [6.941422928207797, 11.349915256856265, 3.1403118735699205], [8.602342071792204, 7.771889743143737, 3.1403118735699205], [8.602342071792204, 11.349915256856265, 9.138743126430079], [0.8304595717922035, 1.7890127568562642, 21.558894373569917], [0.8304595717922035, 10.958857243143736, 2.9992156264300793], [9.532050428207796, 1.7890127568562642, 2.9992156264300793], [9.532050428207796, 10.958857243143736, 21.558894373569917], [0.1956027420062931, 7.3880306005482685, 22.72708522216769], [5.376857742006293, 11.733774399451733, 1.8310247778323108], [10.166907257993707, 7.3880306005482685, 1.8310247778323108], [4.985652257993707, 11.733774399451733, 22.72708522216769], [7.576279757993707, 2.1728718994517315, 7.970552277832311], [2.395024757993707, 10.57499810054827, 4.308502722167689], [7.967485242006293, 2.1728718994517315, 4.308502722167689], [6.114866338875556, 12.298332858083356, 6.264201439437034], [0.9336113388755557, 0.44953714191664507, 6.014853560562965], [2.786230242006293, 4.201063100548269, 20.249607277832308], [4.247643661124444, 6.823472141916645, 18.543256439437037], [9.428898661124444, 5.924397858083355, 18.29390856056296], [6.838271161124444, 2.737430358083355, 12.403728939437034], [1.6570161611244443, 3.636504641916645, 12.154381060562962], [3.5242388388755557, 2.737430358083355, 12.154381060562962], [8.705493838875556, 3.636504641916645, 12.403728939437034], [6.125752123154306, 2.0368542347807432, 19.624567877705122], [6.125752123154306, 4.337080765219257, 17.212597122294877], [9.418012876845694, 2.0368542347807432, 17.212597122294877], [9.418012876845694, 4.337080765219257, 19.624567877705122], [1.6461303768456945, 7.524048265219257, 11.073069622294877], [1.6461303768456945, 5.223821734780744, 13.485040377705118], [8.716379623154307, 7.524048265219257, 13.485040377705118], [8.716379623154307, 5.223821734780744, 11.073069622294877], [6.941422928207797, 1.3979547431437374, 21.417798126430082], [6.941422928207797, 4.975980256856263, 15.419366873569917], [8.602342071792204, 1.3979547431437374, 15.419366873569917], [8.602342071792204, 4.975980256856263, 21.417798126430082], [0.8304595717922035, 8.162947756856264, 9.279839373569917], [0.8304595717922035, 4.584922243143738, 15.278270626430078], [9.532050428207796, 8.162947756856264, 15.278270626430078], [9.532050428207796, 4.584922243143738, 9.279839373569917], [0.1956027420062931, 1.0140956005482684, 10.448030222167692], [5.376857742006293, 5.359839399451732, 14.110079777832311], [10.166907257993707, 1.0140956005482684, 14.110079777832311], [4.985652257993707, 5.359839399451732, 10.448030222167692], [7.576279757993707, 8.546806899451733, 20.249607277832308], [2.395024757993707, 4.201063100548269, 16.58755772216769], [7.967485242006293, 8.546806899451733, 16.58755772216769], [6.114866338875556, 5.924397858083355, 18.543256439437037], [0.9336113388755557, 6.823472141916645, 18.29390856056296]],