{"jid": "JVASP-37615", "opt_atoms": {"lattice_mat": [[3.9382879909652586, 3.0989185634349714e-09, 1.2565273046600084e-10], [3.0989185634192777e-09, 3.9382879900008136, 1.2130045696168787e-10], [2.8685016916708085e-10, 2.7691295319865727e-10, 8.980758140766389]], "coords": [[-8.288738769743769e-10, 1.9691439975442142, 2.2451895350916398], [1.9691439980413508, -8.398630115721399e-10, 2.2451895351890143], [1.9691440022978874, 1.9691440018150108, 3.867325983489527e-09], [1.6935491160253502e-08, 1.693434627275569e-08, -1.2577367471288812e-09], [1.9691439981851027, -7.360800789616892e-10, 6.735568605336519], [-7.057295445377223e-10, 1.969143997687577, 6.735568605391475], [-5.1321873491210745e-09, -5.137155955133366e-09, 4.490379070374845], [1.9691439803346382, 1.9691439798684642, 4.490379070517014]], "elements": ["Ti", "Ti", "Ti", "Nb", "Ti", "Ti", "Ti", "Nb"], "abc": [3.93829, 3.93829, 8.98076], "angles": [90.0, 90.0, 90.0], "cartesian": true, "props": ["", "", "", "", "", "", "", ""]}, "dft_atoms": {"lattice_mat": [[3.93014, 0.0, 0.0], [0.0, 3.93014, 0.0], [0.0, 0.0, 8.97204]], "coords": [[0.0, 0.5, 0.25], [0.5, 0.0, 0.25], [0.5, 0.5, 0.0], [0.0, 0.0, 0.0], [0.5, 0.0, 0.75], [0.0, 0.5, 0.75], [0.0, 0.0, 0.5], [0.5, 0.5, 0.5]], "elements": ["Ti", "Ti", "Ti", "Nb", "Ti", "Ti", "Ti", "Nb"], "abc": [3.93014, 3.93014, 8.97204], "angles": [90.0, 90.0, 90.0], "cartesian": false, "props": ["", "", "", "", "", "", "", ""]}, "energy": -44.89939498901367}