{"jid": "JVASP-20482", "opt_atoms": {"lattice_mat": [[3.0337050301967867, 0.002382461837984792, -0.0001266924258269718], [0.003601993830236256, 4.485608495014729, 0.0038600347328973375], [-0.00020917414262649583, 0.0042153296815955425, 4.843200815505671]], "coords": [[1.517530096601215, 1.1353306186750152, 0.7427600345584163], [1.5194710209030433, 3.356875785144858, 4.104127892143328], [0.0006846854497051012, 1.1120768185857741, 3.16457137587419], [0.002515229332297122, 3.3777470327427994, 1.6825357422362033], [1.5186818759739893, 2.246103166031395, 2.4234669926262993], [5.227482629010745e-05, -3.301925517050751e-08, 8.893773308196624e-08]], "elements": ["Fe", "Fe", "Fe", "Fe", "C", "C"], "abc": [3.033711, 4.485613, 4.843202], "angles": [89.9008, 90.0049, 89.9091], "cartesian": true, "props": ["", "", "", "", "", ""]}, "dft_atoms": {"lattice_mat": [[2.82854, 0.0, 0.0], [0.0, 4.27641, 0.0], [0.0, 0.0, 4.67003]], "coords": [[0.5, 0.2519798545651634, 0.1528537125901953], [0.5, 0.7480201454348365, 0.8471462874098047], [0.0, 0.24802014543483658, 0.6528537125901953], [0.0, 0.7519798545651635, 0.3471462874098047], [0.5, 0.5, 0.5], [0.0, 0.0, 0.0]], "elements": ["Fe", "Fe", "Fe", "Fe", "C", "C"], "abc": [2.82854, 4.27641, 4.67003], "angles": [90.0, 90.0, 90.0], "cartesian": false, "props": ["", "", "", "", "", ""]}, "energy": -34.05234718322754}