{"jid": "JVASP-14837", "opt_atoms": {"lattice_mat": [[2.896370396792052, 5.702012355098935e-10, 4.559535953133015e-09], [5.702009326440831e-10, 2.8964849123655525, 2.1318981388040116e-10], [4.559535624419168e-09, 2.1318968705741442e-10, 2.894262967347881]], "coords": [[-1.4352522894064347e-07, -1.6057369452469649e-07, -1.434099228374526e-07], [1.4481853396170348, 1.4482426124872285, 1.447131624721914]], "elements": ["V", "V"], "abc": [2.89637, 2.89648, 2.89426], "angles": [90.0, 90.0, 90.0], "cartesian": true, "props": ["", ""]}, "dft_atoms": {"lattice_mat": [[2.9885, 0.0, 0.0], [0.0, 2.9885, 0.0], [0.0, 0.0, 2.9885]], "coords": [[0.0, 0.0, 0.0], [0.5, 0.5, 0.5]], "elements": ["V", "V"], "abc": [2.9885, 2.9885, 2.9885], "angles": [90.0, 90.0, 90.0], "cartesian": false, "props": ["", ""]}, "energy": -11.788956642150879}