{"jid": "JVASP-21197", "opt_atoms": {"lattice_mat": [[5.31736, 0.0, 0.0], [0.0, 5.31736, 0.0], [0.0, 0.0, 5.31736]], "coords": [[0.0, 0.0, 0.0], [0.0, 2.65868, 2.65868], [2.65868, 0.0, 2.65868], [2.65868, 2.65868, 0.0]], "elements": ["Yb", "Yb", "Yb", "Yb"], "abc": [5.31736, 5.31736, 5.31736], "angles": [90.0, 90.0, 90.0], "cartesian": true, "props": ["", "", "", ""]}, "dft_atoms": {"lattice_mat": [[5.31736, 0.0, 0.0], [0.0, 5.31736, 0.0], [0.0, 0.0, 5.31736]], "coords": [[0.0, 0.0, 0.0], [0.0, 0.5, 0.5], [0.5, 0.0, 0.5], [0.5, 0.5, 0.0]], "elements": ["Yb", "Yb", "Yb", "Yb"], "abc": [5.31736, 5.31736, 5.31736], "angles": [90.0, 90.0, 90.0], "cartesian": false, "props": ["", "", "", ""]}, "energy": 4.2752532958984375}