{"jid": "JVASP-1405", "opt_atoms": {"lattice_mat": [[4.80967, 0.0, 0.0], [0.0, 4.80967, 0.0], [0.0, 0.0, 4.80967]], "coords": [[0.0, 0.0, 0.0], [2.404835, 0.0, 0.0], [0.0, 2.404835, 2.404835], [2.404835, 2.404835, 2.404835], [2.404835, 0.0, 2.404835], [0.0, 0.0, 2.404835], [2.404835, 2.404835, 0.0], [0.0, 2.404835, 0.0]], "elements": ["Ca", "O", "Ca", "O", "Ca", "O", "Ca", "O"], "abc": [4.80967, 4.80967, 4.80967], "angles": [90.0, 90.0, 90.0], "cartesian": true, "props": ["", "", "", "", "", "", "", ""]}, "dft_atoms": {"lattice_mat": [[4.80967, 0.0, 0.0], [0.0, 4.80967, 0.0], [0.0, 0.0, 4.80967]], "coords": [[0.0, 0.0, 0.0], [0.5, 0.0, 0.0], [0.0, 0.5, 0.5], [0.5, 0.5, 0.5], [0.5, 0.0, 0.5], [0.0, 0.0, 0.5], [0.5, 0.5, 0.0], [0.0, 0.5, 0.0]], "elements": ["Ca", "O", "Ca", "O", "Ca", "O", "Ca", "O"], "abc": [4.80967, 4.80967, 4.80967], "angles": [90.0, 90.0, 90.0], "cartesian": false, "props": ["", "", "", "", "", "", "", ""]}, "energy": -34.24045181274414}