{"jid": "JVASP-7844", "opt_atoms": {"lattice_mat": [[4.378271215736981, 8.67717255972096e-06, 0.0006088792133148123], [8.677172559619358e-06, 4.3775390015471665, 2.2555760866302153e-05], [0.0006088792133155728, 2.2555760867239754e-05, 4.377268796581087]], "coords": [[-2.824964019242042e-05, 0.0001695669733198174, 5.652820182147921e-05], [3.284204007805495, 1.0943674449619847, 3.2834393712272587], [0.00030303112000991313, 2.188746357150879, 2.188639946864287], [3.2839460116935117, 3.2832231577995037, 1.0947646140302136], [2.189476446029919, 0.00011670042791045245, 2.1889024718621104], [1.0946804632065021, 1.0943517961508817, 1.0944495564981012], [2.1891675295089787, 2.1886992037557382, 0.0003524833271196094], [1.0949471278789331, 3.283229973271343, 3.283146819188632]], "elements": ["Al", "N", "Al", "N", "Al", "N", "Al", "N"], "abc": [4.37827, 4.37754, 4.37727], "angles": [89.9995, 89.984, 89.9997], "cartesian": true, "props": ["", "", "", "", "", "", "", ""]}, "dft_atoms": {"lattice_mat": [[4.40369, 0.0, 0.0], [0.0, 4.40369, 0.0], [0.0, 0.0, 4.40369]], "coords": [[0.0, 0.0, 0.0], [0.75, 0.25, 0.75], [0.0, 0.5, 0.5], [0.75, 0.75, 0.25], [0.5, 0.0, 0.5], [0.25, 0.25, 0.25], [0.5, 0.5, 0.0], [0.25, 0.75, 0.75]], "elements": ["Al", "N", "Al", "N", "Al", "N", "Al", "N"], "abc": [4.40369, 4.40369, 4.40369], "angles": [90.0, 90.0, 90.0], "cartesian": false, "props": ["", "", "", "", "", "", "", ""]}, "energy": -49.34486770629883}