{"jid": "JVASP-19673", "opt_atoms": {"lattice_mat": [[2.8192019930735697, -1.2111982894351854e-08, 2.617799581556686e-09], [-1.2111982256056007e-08, 2.818721226729861, -7.578196618023372e-09], [2.6177987251716443e-09, -7.578198205607127e-09, 2.822103481870521]], "coords": [[1.4096011605589736, 1.4093606996071903, 1.4110516808558886], [2.2890741711164456e-07, 1.3030903865269274e-07, -5.118775753797431e-08]], "elements": ["V", "Fe"], "abc": [2.8192, 2.81872, 2.8221], "angles": [90.0, 90.0, 90.0], "cartesian": true, "props": ["", ""]}, "dft_atoms": {"lattice_mat": [[2.8709, 0.0, 0.0], [0.0, 2.8709, 0.0], [0.0, 0.0, 2.8709]], "coords": [[0.5, 0.5, 0.5], [0.0, 0.0, 0.0]], "elements": ["V", "Fe"], "abc": [2.8709, 2.8709, 2.8709], "angles": [90.0, 90.0, 90.0], "cartesian": false, "props": ["", ""]}, "energy": -10.93173885345459}