{"jid": "JVASP-37090", "opt_atoms": {"lattice_mat": [[3.56962, 0.0, 0.0], [0.0, 3.56962, 0.0], [0.0, 0.0, 3.56962]], "coords": [[0.0, 1.78481, 1.78481], [1.78481, 1.78481, 0.0], [1.78481, 0.0, 1.78481], [0.0, 0.0, 0.0]], "elements": ["Fe", "Fe", "Fe", "Ni"], "abc": [3.56962, 3.56962, 3.56962], "angles": [90.0, 90.0, 90.0], "cartesian": true, "props": ["", "", "", ""]}, "dft_atoms": {"lattice_mat": [[3.56962, 0.0, 0.0], [0.0, 3.56962, 0.0], [0.0, 0.0, 3.56962]], "coords": [[0.0, 0.5, 0.5], [0.5, 0.5, 0.0], [0.5, 0.0, 0.5], [0.0, 0.0, 0.0]], "elements": ["Fe", "Fe", "Fe", "Ni"], "abc": [3.56962, 3.56962, 3.56962], "angles": [90.0, 90.0, 90.0], "cartesian": false, "props": ["", "", "", ""]}, "energy": -14.914036750793457}