{"jid": "JVASP-1056", "opt_atoms": {"lattice_mat": [[1.3877102262715142, -2.403583324158573, -3.992991352028565e-10], [1.3877102259704501, 2.403583323984754, 4.144817433094925e-10], [3.0063042295417024e-11, 9.303232734757336e-10, 5.171709551701425]], "coords": [[1.3877102261937062, -0.8011944314316468, 3.8787821458577025], [1.38771022607832, 0.8011944322903053, 1.2929274058693374]], "elements": ["Zn", "Zn"], "abc": [2.775416, 2.775416, 5.17171], "angles": [90.0, 90.0, 119.9999], "cartesian": true, "props": ["", ""]}, "dft_atoms": {"lattice_mat": [[1.31465, -2.27704, 0.0], [1.31465, 2.27704, 0.0], [0.0, 0.0, 5.20627]], "coords": [[0.6666666666666666, 0.3333333333333333, 0.75], [0.33333333333333337, 0.6666666666666667, 0.25]], "elements": ["Zn", "Zn"], "abc": [2.629299, 2.629299, 5.20627], "angles": [90.0, 90.0, 120.0], "cartesian": false, "props": ["", ""]}, "energy": 4.233153343200684}