{"jid": "JVASP-7937", "opt_atoms": {"lattice_mat": [[2.7519696097131296, -2.2070654783931643e-11, 3.6137648442163727e-13], [-3.991972037050491e-11, 4.972781247261421, -0.0003579433425957415], [7.447481647785941e-13, -0.0004078416449656305, 5.666687936325503]], "coords": [[1.3759848048369774, 2.4861867080656213, 2.833164996016484], [4.2895846582065e-20, -5.3498130329076435e-09, -3.859486568728703e-10], [1.3759848048440897, 1.6342070443925094, 4.920198297248618], [1.375984804829865, 3.3381535043854114, 0.7461015217573543], [-6.563886521400185e-12, 0.8516792430431257, 2.0870317914671275], [-3.2611185177231935e-11, 4.1207070193033, 3.579326602673885]], "elements": ["Fe", "Fe", "P", "P", "P", "P"], "abc": [2.75197, 4.97278, 5.66669], "angles": [90.0083, 90.0, 90.0], "cartesian": true, "props": ["", "", "", "", "", ""]}, "dft_atoms": {"lattice_mat": [[2.75084, 0.0, 0.0], [0.0, 4.97551, 0.0], [0.0, 0.0, 5.66911]], "coords": [[0.5, 0.5, 0.5], [0.0, 0.0, 0.0], [0.5, 0.3287301925810257, 0.8682911799155235], [0.5, 0.6712698074189742, 0.13170882008447649], [0.0, 0.1712698074189743, 0.3682911799155235], [0.0, 0.8287301925810258, 0.6317088200844765]], "elements": ["Fe", "Fe", "P", "P", "P", "P"], "abc": [2.75084, 4.97551, 5.66911], "angles": [90.0, 90.0, 90.0], "cartesian": false, "props": ["", "", "", "", "", ""]}, "energy": -28.29415512084961}