{"jid": "JVASP-931", "opt_atoms": {"lattice_mat": [[1.86113, -3.22357, 0.0], [1.86113, 3.22357, 0.0], [0.0, 0.0, 6.07547]], "coords": [[1.8611299999999997, -1.0745233333333333, 4.5566025], [1.8611300000000002, 1.0745233333333335, 1.5188675]], "elements": ["Na", "Na"], "abc": [3.722259, 3.722259, 6.07547], "angles": [90.0, 90.0, 120.0], "cartesian": true, "props": ["", ""]}, "dft_atoms": {"lattice_mat": [[1.86113, -3.22357, 0.0], [1.86113, 3.22357, 0.0], [0.0, 0.0, 6.07547]], "coords": [[0.6666666666666666, 0.3333333333333333, 0.75], [0.33333333333333337, 0.6666666666666667, 0.25]], "elements": ["Na", "Na"], "abc": [3.722259, 3.722259, 6.07547], "angles": [90.0, 90.0, 120.0], "cartesian": false, "props": ["", ""]}, "energy": 1.8682279586791992}