{"jid": "JVASP-1201", "opt_atoms": {"lattice_mat": [[5.441548524988095, -0.004083967764523742, -0.003938301799341982], [-0.0040839677645235035, 5.4419945034204735, -0.003479542302337007], [-0.003938301799342284, -0.0034795423023388536, 5.4431169378825945]], "coords": [[-7.906879080726296e-05, -9.30225619190539e-05, -7.148933555499675e-05], [1.3557751623991838, 1.3562845270295858, 4.080970300114464], [-0.00393956439280709, 2.719241987594735, 2.7198355229545776], [1.355837955419018, 4.080235463014961, 1.3567711303620111], [2.7188697569400486, -0.0036491649166420195, 2.719623444439655], [4.079906006743345, 1.3559632642997128, 1.3566120453005426], [2.7186959104095805, 2.7189562396873574, -0.003657373432002423], [4.075535498648545, 4.076258980504596, 4.077030804982457]], "elements": ["Cu", "Cl", "Cu", "Cl", "Cu", "Cl", "Cu", "Cl"], "abc": [5.441553, 5.441993, 5.443123], "angles": [90.0732, 90.0829, 90.0859], "cartesian": true, "props": ["", "", "", "", "", "", "", ""]}, "dft_atoms": {"lattice_mat": [[5.3983, 0.0, 0.0], [0.0, 5.3983, 0.0], [0.0, 0.0, 5.3983]], "coords": [[0.0, 0.0, 0.0], [0.25, 0.25, 0.75], [0.0, 0.5, 0.5], [0.25, 0.75, 0.25], [0.5, 0.0, 0.5], [0.75, 0.25, 0.25], [0.5, 0.5, 0.0], [0.75, 0.75, 0.75]], "elements": ["Cu", "Cl", "Cu", "Cl", "Cu", "Cl", "Cu", "Cl"], "abc": [5.3983, 5.3983, 5.3983], "angles": [90.0, 90.0, 90.0], "cartesian": false, "props": ["", "", "", "", "", "", "", ""]}, "energy": -1.8820834159851074}