{"jid": "JVASP-14739", "opt_atoms": {"lattice_mat": [[2.656509039256841, -4.601209174380122, 6.038815310009012e-10], [2.656509014364577, 4.601209160008569, -1.1168276069152639e-09], [-4.171740882833833e-10, -8.079647002070402e-10, 4.3123073899584945]], "coords": [[2.656509022544306, 1.5337363806665039, 3.234230541580831], [2.6565090306591683, -1.5337363958383634, 1.0780768478655254], [2.6565090352268186, -3.1617902426972453, 3.23423054372375], [1.2465732066754027, 0.7197094657540907, 1.0780768464867414], [2.656509017996986, 3.1617902264453153, 1.0780768457177403], [4.0664448453799915, -0.7197094815694047, 3.234230542958565], [1.2465732119936177, -0.7197094740389526, 3.234230543298975], [4.066444841262746, 0.7197094588681529, 1.0780768461446355]], "elements": ["Zr", "Zr", "Ni", "Ni", "Ni", "Ni", "Ni", "Ni"], "abc": [5.31302, 5.31302, 4.31231], "angles": [90.0, 90.0, 120.0], "cartesian": true, "props": ["", "", "", "", "", "", "", ""]}, "dft_atoms": {"lattice_mat": [[2.65155, -4.59262, 0.0], [2.65155, 4.59262, 0.0], [0.0, 0.0, 4.31296]], "coords": [[0.3333333333333333, 0.6666666666666666, 0.75], [0.6666666666666667, 0.33333333333333337, 0.25], [0.8435414767026403, 0.15645852329735965, 0.75], [0.15645852329735965, 0.3129170465947193, 0.25], [0.15645852329735965, 0.8435414767026403, 0.25], [0.8435414767026403, 0.6870829534052807, 0.75], [0.3129170465947193, 0.15645852329735965, 0.75], [0.6870829534052807, 0.8435414767026403, 0.25]], "elements": ["Zr", "Zr", "Ni", "Ni", "Ni", "Ni", "Ni", "Ni"], "abc": [5.303101, 5.303101, 4.31296], "angles": [90.0, 90.0, 120.0], "cartesian": false, "props": ["", "", "", "", "", "", "", ""]}, "energy": -23.528596878051758}