{"jid": "JVASP-25337", "opt_atoms": {"lattice_mat": [[1.7792, -3.08166, 0.0], [1.7792, 3.08166, 0.0], [0.0, 0.0, 5.57642]], "coords": [[1.7792, 1.02722, 1.394105], [1.7792000000000001, -1.02722, 4.182315]], "elements": ["Tl", "Tl"], "abc": [3.558396, 3.558396, 5.57642], "angles": [90.0, 90.0, 119.9999], "cartesian": true, "props": ["", ""]}, "dft_atoms": {"lattice_mat": [[1.7792, -3.08166, 0.0], [1.7792, 3.08166, 0.0], [0.0, 0.0, 5.57642]], "coords": [[0.3333333333333333, 0.6666666666666666, 0.25], [0.6666666666666667, 0.33333333333333337, 0.75]], "elements": ["Tl", "Tl"], "abc": [3.558396, 3.558396, 5.57642], "angles": [90.0, 90.0, 119.9999], "cartesian": false, "props": ["", ""]}, "energy": 1.7406792640686035}