{"jid": "JVASP-18888", "opt_atoms": {"lattice_mat": [[2.8559970426126626, 0.00023431672348868298, 0.0008897435407788229], [0.00035391371619726764, 4.4054359211852026, 0.0005438943643096102], [0.0014026304559561528, 0.0005676738268426551, 4.611183352903232]], "coords": [[-8.60070668648013e-08, -2.2571308233462476e-08, -2.4136780954267486e-08], [1.4288767926642492, 2.20311894977661, 2.30630849248688], [1.4282742199982292, 3.4325754678748375, 0.7878891609958867], [0.0009387303499986047, 3.176191616013526, 3.093030618394567], [0.0008178150494271404, 1.229812021199424, 1.5186966760810707], [1.429479465005998, 0.973662438035397, 3.824727834982418]], "elements": ["Mn", "Mn", "O", "O", "O", "O"], "abc": [2.856, 4.40544, 4.61118], "angles": [89.9859, 89.9647, 89.9908], "cartesian": true, "props": ["", "", "", "", "", ""]}, "dft_atoms": {"lattice_mat": [[2.87055, 0.0, 0.0], [0.0, 4.3357, 0.0], [0.0, 0.0, 4.52526]], "coords": [[0.0, 0.0, 0.0], [0.5, 0.5, 0.5], [0.5, 0.7788478860197671, 0.17107140217223535], [0.0, 0.7211521139802329, 0.6710714021722354], [0.0, 0.2788478860197672, 0.3289285978277646], [0.5, 0.22115211398023293, 0.8289285978277646]], "elements": ["Mn", "Mn", "O", "O", "O", "O"], "abc": [2.87055, 4.3357, 4.52526], "angles": [90.0, 90.0, 90.0], "cartesian": false, "props": ["", "", "", "", "", ""]}, "energy": -34.81204319000244}