{"jid": "JVASP-858", "opt_atoms": {"lattice_mat": [[1.24396, -2.1546, 0.0], [1.24396, 2.1546, 0.0], [0.0, 0.0, 4.02168]], "coords": [[1.24396, 0.7181999999999998, 1.00542], [1.2439600000000002, -0.7182000000000001, 3.01626]], "elements": ["Co", "Co"], "abc": [2.487918, 2.487918, 4.02168], "angles": [90.0, 90.0, 120.0], "cartesian": true, "props": ["", ""]}, "dft_atoms": {"lattice_mat": [[1.24396, -2.1546, 0.0], [1.24396, 2.1546, 0.0], [0.0, 0.0, 4.02168]], "coords": [[0.3333333333333333, 0.6666666666666666, 0.25], [0.6666666666666667, 0.33333333333333337, 0.75]], "elements": ["Co", "Co"], "abc": [2.487918, 2.487918, 4.02168], "angles": [90.0, 90.0, 120.0], "cartesian": false, "props": ["", ""]}, "energy": -8.586304664611816}