{"jid": "JVASP-37401", "opt_atoms": {"lattice_mat": [[3.827709379035809, -6.629787936795384, -1.7971993228216897e-06], [3.8277077695975623, 6.629787007583914, 8.022761553186634e-07], [-7.668028907083547e-07, 1.1566984626571102e-06, 5.2906160984680755]], "coords": [[2.0517619859954386, 1.1845853625867175, 1.3226538803713837], [3.8277079218129524, 4.260616041136643, 1.322654244739853], [5.603654555037892, 1.1845850050393778, 1.32265341532268], [5.603654396341022, -1.184585148654098, 3.9679612382556853], [3.8277084420303216, -4.260615853684718, 3.9679608601620298], [2.0517617952208074, -1.1845847647868255, 3.9679616851114345], [3.8277077191589033, 2.2099295939100077, 3.9679621504041522], [3.8277086589357827, -2.2099293699632163, 1.3226529515099124]], "elements": ["Sm", "Sm", "Sm", "Sm", "Sm", "Sm", "Al", "Al"], "abc": [7.655422, 7.655422, 5.29062], "angles": [90.0, 90.0, 120.0], "cartesian": true, "props": ["", "", "", "", "", "", "", ""]}, "dft_atoms": {"lattice_mat": [[3.4708, -6.01159, 0.0], [3.4708, 6.01159, 0.0], [0.0, 0.0, 5.35]], "coords": [[0.17636003734557032, 0.35272007469114064, 0.25], [0.17636003734557032, 0.8236399626544297, 0.25], [0.6472799253088594, 0.8236399626544297, 0.25], [0.8236399626544297, 0.6472799253088594, 0.75], [0.8236399626544297, 0.17636003734557032, 0.75], [0.35272007469114064, 0.17636003734557032, 0.75], [0.3333333333333333, 0.6666666666666666, 0.75], [0.6666666666666667, 0.33333333333333337, 0.25]], "elements": ["Sm", "Sm", "Sm", "Sm", "Sm", "Sm", "Al", "Al"], "abc": [6.94159, 6.94159, 5.35], "angles": [90.0, 90.0, 119.9999], "cartesian": false, "props": ["", "", "", "", "", "", "", ""]}, "energy": -18.245716094970703}