{"jid": "JVASP-18825", "opt_atoms": {"lattice_mat": [[6.387343116715489, 2.4561737448190663e-08, 1.708443572150589e-08], [2.4561737266876604e-08, 6.3873431168329855, 9.172206391811116e-10], [1.7084435615133546e-08, 9.172229647230759e-10, 6.3873431081147]], "coords": [[3.193671566809849, 1.3099808729923786e-08, 3.193671562581248], [1.596835810808095, 4.790507344091112, 4.790507335660275], [0.7984179212086601, 3.992089454965759, 0.7984179051300621], [0.7984179302519783, 5.58892521822828, 2.395253662718997], [2.39525368115957, 0.7984179125446529, 5.588925213427377], [2.3952536867542995, 5.588925223905812, 0.7984179088176515], [3.1936715705771763, 3.1936715706572683, 9.416461112312958e-09], [1.5968357900023666, 1.5968357859205429, 1.5968357818838674], [0.7984179174179499, 0.7984179069908303, 3.99208944820551], [0.7984179261801887, 2.3952536669897255, 5.588925209624654], [2.395253689661395, 3.992089455491049, 2.3952536716879584], [2.395253687807991, 2.3952536777542317, 3.9920894471540347], [5.659572016620663e-10, 5.287757922473424e-10, 5.567865551514284e-10], [4.790507359831797, 4.790507355914919, 1.5968357908683566], [3.992089473213325, 3.992089463581498, 3.99208945347725], [3.9920894871106176, 5.588925230124261, 5.588925217790779], [5.588925224032351, 0.7984179237408093, 2.3952536748506508], [5.588925246313766, 5.588925236407963, 3.99208946140696], [2.1273125375373392e-08, 3.1936715588437137, 3.193671554474893], [4.7905073560132445, 1.5968357986817263, 4.790507343749621], [3.9920894567718355, 0.7984179191885596, 0.7984179134181617], [3.9920894611327626, 2.3952536835626628, 2.3952536755731755], [5.588925244639616, 3.992089473300372, 5.5889252218176075], [5.5889252257109066, 2.3952536851868524, 0.7984179165896372]], "elements": ["Al", "Al", "Fe", "Fe", "Fe", "Fe", "Al", "Al", "Fe", "Fe", "Fe", "Fe", "Al", "Al", "Fe", "Fe", "Fe", "Fe", "Al", "Al", "Fe", "Fe", "Fe", "Fe"], "abc": [6.38734, 6.38734, 6.38734], "angles": [90.0, 90.0, 90.0], "cartesian": true, "props": ["", "", "", "", "", "", "", "", "", "", "", "", "", "", "", "", "", "", "", "", "", "", "", ""]}, "dft_atoms": {"lattice_mat": [[6.66159, 0.0, 0.0], [0.0, 6.66159, 0.0], [0.0, 0.0, 6.66159]], "coords": [[0.5, 0.0, 0.5], [0.25, 0.75, 0.75], [0.125, 0.625, 0.125], [0.125, 0.875, 0.375], [0.375, 0.125, 0.875], [0.375, 0.875, 0.125], [0.5, 0.5, 0.0], [0.25, 0.25, 0.25], [0.125, 0.125, 0.625], [0.125, 0.375, 0.875], [0.375, 0.625, 0.375], [0.375, 0.375, 0.625], [0.0, 0.0, 0.0], [0.75, 0.75, 0.25], [0.625, 0.625, 0.625], [0.625, 0.875, 0.875], [0.875, 0.125, 0.375], [0.875, 0.875, 0.625], [0.0, 0.5, 0.5], [0.75, 0.25, 0.75], [0.625, 0.125, 0.125], [0.625, 0.375, 0.375], [0.875, 0.625, 0.875], [0.875, 0.375, 0.125]], "elements": ["Al", "Al", "Fe", "Fe", "Fe", "Fe", "Al", "Al", "Fe", "Fe", "Fe", "Fe", "Al", "Al", "Fe", "Fe", "Fe", "Fe", "Al", "Al", "Fe", "Fe", "Fe", "Fe"], "abc": [6.66159, 6.66159, 6.66159], "angles": [90.0, 90.0, 90.0], "cartesian": false, "props": ["", "", "", "", "", "", "", "", "", "", "", "", "", "", "", "", "", "", "", "", "", "", "", ""]}, "energy": -97.38079833984375}