{"jid": "JVASP-14612", "opt_atoms": {"lattice_mat": [[1.6040037076057472, -2.7782130134331973, 1.1946989454972062e-09], [1.6040037076097928, 2.7782130134355314, -1.250321198415739e-09], [-8.949931883635102e-11, -2.271399870497727e-09, 5.158606561681638]], "coords": [[1.6040037075847218, -0.926070999122446, 1.289651646038565], [1.6040037075413205, 0.9260709968198949, 3.8689549154794514]], "elements": ["Zr", "Zr"], "abc": [3.208, 3.208, 5.15861], "angles": [90.0, 90.0, 120.0], "cartesian": true, "props": ["", ""]}, "dft_atoms": {"lattice_mat": [[1.60981, -2.78827, 0.0], [1.60981, 2.78827, 0.0], [0.0, 0.0, 5.18055]], "coords": [[0.6666666666666666, 0.3333333333333333, 0.25], [0.33333333333333337, 0.6666666666666667, 0.75]], "elements": ["Zr", "Zr"], "abc": [3.219618, 3.219618, 5.18055], "angles": [90.0, 90.0, 119.9999], "cartesian": false, "props": ["", ""]}, "energy": -11.468489646911621}