{"jid": "JVASP-96839", "opt_atoms": {"lattice_mat": [[5.573162237782439, -0.0005417723071044241, 1.7012064255837306e-07], [-0.0005813669087640942, 5.965187527410956, -9.887241189452627e-09], [2.3223697663320002e-07, -1.257812954601466e-08, 7.560619304082645]], "coords": [[1.1826021924528554, -0.00019710300651085234, 6.9033048870859375], [4.390560297102103, -0.0003446708351338878, 0.6573145936781181], [3.968892628626065, 2.98212577431241, 4.437624234934448], [-0.0002907020701586717, 2.9825937598769534, -1.4347646199638962e-08], [1.603688518525886, 2.9825199693886524, 3.1229952121259466], [2.786581228964595, -0.00027088861104071043, 3.7803097329691155], [1.6586884236880832, 4.761002286149551, 3.1349652382733955], [1.1270209452496902, 4.1865081024557815, 6.915274882086143], [3.9135459259876777, 4.760783075807181, 4.425654175681427], [1.6590351799573952, 1.2038626660823584, 3.1349652877395617], [1.7982765741534281, -6.690796091767558e-05, 5.274356971871485], [5.018672704286854, -0.0005396532506183127, 6.514214792794656], [2.786581117357107, -0.00027088534260128475, 7.942740520561222e-08], [0.9880140674557589, 2.9823897749775012, 1.4940472770633786], [3.3407802643980333, 2.9823207447165223, 2.733905073232325], [3.913892683633141, 1.2036434580602624, 4.425654225883578], [4.445325554707005, 4.186185547531477, 0.6453445359691796], [3.774885896025425, -0.0004748755283720415, 2.2862625068728697], [1.1272555491402527, 1.7784601908341886, 6.9152749323451355], [4.584567039023306, 2.982255968938193, 6.066572188357586], [0.5544897607693298, -2.128752727923737e-06, 1.0464046774689788], [4.44556016306373, 1.7781376366825887, 0.645344582095203], [2.2318008412390005, 2.9823249977415975, 4.826714391206208], [-0.00029057894565039, 2.98259375709609, 3.7803096489995625]], "elements": ["Al", "Al", "Al", "Al", "Al", "Al", "H", "H", "H", "H", "H", "H", "H", "H", "H", "H", "H", "H", "H", "H", "H", "H", "H", "H"], "abc": [5.57316, 5.96519, 7.56062], "angles": [90.0, 90.0, 90.0111], "cartesian": true, "props": ["", "", "", "", "", "", "", "", "", "", "", "", "", "", "", "", "", "", "", "", "", "", "", ""]}, "dft_atoms": {"lattice_mat": [[5.41422, 0.0, 0.0], [0.0, 5.80991, 0.0], [0.0, 0.0, 7.39112]], "coords": [[0.21205545387686206, 0.0, 0.9131069267715309], [0.7879445461231379, 0.0, 0.08689307322846906], [0.7120554538768621, 0.5, 0.5868930732284691], [0.0, 0.5, 0.0], [0.2879445461231379, 0.5, 0.41310692677153105], [0.5, 0.0, 0.5], [0.29769713980227547, 0.7981479929943539, 0.4146710158018736], [0.20230286019772453, 0.7018520070056461, 0.9146710158018736], [0.7023028601977246, 0.7981479929943539, 0.5853289841981264], [0.29769713980227547, 0.2018520070056461, 0.4146710158018736], [0.32262394236241404, 0.0, 0.6975941685469985], [0.9003943849273728, 0.0, 0.86152680033766], [0.5, 0.0, 0.0], [0.17737605763758596, 0.5, 0.19759416854699863], [0.5996056150726272, 0.5, 0.36152680033766016], [0.7023028601977246, 0.2018520070056461, 0.5853289841981264], [0.7976971398022754, 0.7018520070056461, 0.0853289841981264], [0.677376057637586, 0.0, 0.3024058314530015], [0.20230286019772453, 0.298147992994354, 0.9146710158018736], [0.822623942362414, 0.5, 0.8024058314530015], [0.09960561507262722, 0.0, 0.13847319966233995], [0.7976971398022754, 0.298147992994354, 0.0853289841981264], [0.4003943849273728, 0.5, 0.63847319966234], [0.0, 0.5, 0.5]], "elements": ["Al", "Al", "Al", "Al", "Al", "Al", "H", "H", "H", "H", "H", "H", "H", "H", "H", "H", "H", "H", "H", "H", "H", "H", "H", "H"], "abc": [5.41422, 5.80991, 7.39112], "angles": [90.0, 90.0, 90.0], "cartesian": false, "props": ["", "", "", "", "", "", "", "", "", "", "", "", "", "", "", "", "", "", "", "", "", "", "", ""]}, "energy": -77.164306640625}