{"jid": "JVASP-1702", "opt_atoms": {"lattice_mat": [[5.511215006245342, -7.668392269792486e-05, -4.4340023791968726e-05], [-7.668392269768747e-05, 5.510827531204978, 0.0003603159989004127], [-4.434002379286841e-05, 0.0003603159988996192, 5.511054666149226]], "coords": [[-3.095059550342003e-05, 2.3593948829356267e-05, 9.596673154913864e-06], [1.3776929168377525, 4.133230548475328, 1.377974155124959], [-5.896796510284405e-05, 2.7555859489897028, 2.7556849116814943], [1.377707273860666, 1.3779394844818016, 4.133415970933745], [2.7556012217103723, 0.00014886005845941532, 2.755498416737144], [4.133330937657519, 4.1333682540906125, 4.133554297255707], [2.755590672804562, 2.7553481946010954, 0.0001857530053104841], [4.133422087069955, 1.3776925246860023, 1.3777858218247632]], "elements": ["Zn", "S", "Zn", "S", "Zn", "S", "Zn", "S"], "abc": [5.51122, 5.51083, 5.51105], "angles": [89.9925, 90.0008, 90.0017], "cartesian": true, "props": ["", "", "", "", "", "", "", ""]}, "dft_atoms": {"lattice_mat": [[5.43296, 0.0, 0.0], [0.0, 5.43296, 0.0], [0.0, 0.0, 5.43296]], "coords": [[0.0, 0.0, 0.0], [0.25, 0.75, 0.25], [0.0, 0.5, 0.5], [0.25, 0.25, 0.75], [0.5, 0.0, 0.5], [0.75, 0.75, 0.75], [0.5, 0.5, 0.0], [0.75, 0.25, 0.25]], "elements": ["Zn", "S", "Zn", "S", "Zn", "S", "Zn", "S"], "abc": [5.43296, 5.43296, 5.43296], "angles": [90.0, 90.0, 90.0], "cartesian": false, "props": ["", "", "", "", "", "", "", ""]}, "energy": -8.784465789794922}