{"jid": "JVASP-20628", "opt_atoms": {"lattice_mat": [[2.504724985509825, -7.680195772313398e-09, 2.271850723081839e-09], [-7.680195776767529e-09, 2.50472498512582, 2.905855034267439e-09], [3.2439272471315783e-09, 4.149206660456265e-09, 3.6404477909110353]], "coords": [[4.515823957721524e-08, 4.805439073338063e-08, -1.2765631503701192e-07], [1.2523624747959117, 1.2523624765701122, 1.8202239078735758]], "elements": ["Fe", "Ni"], "abc": [2.50472, 2.50472, 3.64045], "angles": [90.0, 90.0, 90.0], "cartesian": true, "props": ["", ""]}, "dft_atoms": {"lattice_mat": [[2.50431, 0.0, 0.0], [0.0, 2.50431, 0.0], [0.0, 0.0, 3.57585]], "coords": [[0.0, 0.0, 0.0], [0.5, 0.5, 0.5]], "elements": ["Fe", "Ni"], "abc": [2.50431, 2.50431, 3.57585], "angles": [90.0, 90.0, 90.0], "cartesian": false, "props": ["", ""]}, "energy": -5.902894020080566}