{"jid": "JVASP-97", "opt_atoms": {"lattice_mat": [[5.730148494386406, -0.0003153641320278047, -0.0005376787978520475], [-0.0003153641320301321, 5.729824598437558, -0.0011718019870558323], [-0.0005376787978484041, -0.001171801987056662, 5.729792134877293]], "coords": [[1.4316869493184619, 4.296359136224833, 4.296331612414044], [-1.1830549451601248e-09, -6.74694547292972e-05, -4.982633429137861e-05], [1.432358135883785, 1.4321298133610882, 1.4313588125341603], [-0.0003743227186519461, 2.8643446764807674, 2.8642449444775124], [4.297435605994955, 4.296893201123499, 1.431141170436933], [2.864864901468029, -0.0006430185522896564, 2.864658778601622], [4.297074120200011, 1.4312973186482112, 4.29728056275545], [2.8648455154226244, 2.8647338317887594, -0.000821089639922245]], "elements": ["In", "As", "In", "As", "In", "As", "In", "As"], "abc": [5.73015, 5.72982, 5.72979], "angles": [90.0234, 90.0108, 90.0064], "cartesian": true, "props": ["", "", "", "", "", "", "", ""]}, "dft_atoms": {"lattice_mat": [[6.16945, 0.0, 0.0], [0.0, 6.16945, 0.0], [0.0, 0.0, 6.16945]], "coords": [[0.25, 0.75, 0.75], [0.0, 0.0, 0.0], [0.25, 0.25, 0.25], [0.0, 0.5, 0.5], [0.75, 0.75, 0.25], [0.5, 0.0, 0.5], [0.75, 0.25, 0.75], [0.5, 0.5, 0.0]], "elements": ["In", "As", "In", "As", "In", "As", "In", "As"], "abc": [6.16945, 6.16945, 6.16945], "angles": [90.0, 90.0, 90.0], "cartesian": false, "props": ["", "", "", "", "", "", "", ""]}, "energy": -12.080233573913574}