{"jid": "JVASP-916", "opt_atoms": {"lattice_mat": [[1.7495560060790447, -3.030307432404691, -1.2301156504738975e-08], [1.7495560060186175, 3.0303074323698027, 1.2364803891158795e-08], [9.892528377547554e-11, 2.213437560947336e-08, 5.473898389563813]], "coords": [[1.7495560061330964, -1.0101025010591633, 4.105423770945854], [1.7495560060634914, 1.0101025233288268, 1.368474618677562]], "elements": ["Lu", "Lu"], "abc": [3.499105, 3.499105, 5.4739], "angles": [90.0, 90.0, 119.9997], "cartesian": true, "props": ["", ""]}, "dft_atoms": {"lattice_mat": [[1.7414, -3.01618, 0.0], [1.7414, 3.01618, 0.0], [0.0, 0.0, 5.41323]], "coords": [[0.6666666666666666, 0.3333333333333333, 0.75], [0.33333333333333337, 0.6666666666666667, 0.25]], "elements": ["Lu", "Lu"], "abc": [3.482789, 3.482789, 5.41323], "angles": [90.0, 90.0, 119.9998], "cartesian": false, "props": ["", ""]}, "energy": -3.5116114616394043}