{"jid": "JVASP-26272", "opt_atoms": {"lattice_mat": [[3.6694110196415117, -2.3066578628190342e-07, -3.911025765355746e-09], [-2.3066578498057062e-07, 3.6694110198244387, -2.732374989188758e-09], [-8.774477341022766e-09, -6.130144654520694e-09, 9.17714638796727]], "coords": [[6.270122566664771e-08, 3.789287228709388e-08, 1.2545205693655722e-08], [1.8347053882777282, 1.8347053768547814, 1.788169722815201e-08], [1.834705487309247, -1.0184402124061294e-07, 6.882859781348792], [-1.0554712488944351e-07, 1.834705487322719, 6.882859783045238], [1.8347053280319432, 1.834705354167824, 4.588573187347719], [1.4620443437165392e-09, 1.4110072560710574e-08, 4.588573176855942], [-1.0093950699076354e-07, 1.8347054903238824, 2.2942865943286797], [1.8347054915792158, -9.796447471034682e-08, 2.2942865938901296]], "elements": ["Ti", "Al", "Al", "Al", "Ti", "Al", "Al", "Al"], "abc": [3.66941, 3.66941, 9.17715], "angles": [90.0, 90.0, 90.0], "cartesian": true, "props": ["", "", "", "", "", "", "", ""]}, "dft_atoms": {"lattice_mat": [[3.85474, 0.0, 0.0], [0.0, 3.85474, 0.0], [0.0, 0.0, 8.6482]], "coords": [[0.0, 0.0, 0.0], [0.5, 0.5, 0.0], [0.5, 0.0, 0.75], [0.0, 0.5, 0.75], [0.5, 0.5, 0.5], [0.0, 0.0, 0.5], [0.0, 0.5, 0.25], [0.5, 0.0, 0.25]], "elements": ["Ti", "Al", "Al", "Al", "Ti", "Al", "Al", "Al"], "abc": [3.85474, 3.85474, 8.6482], "angles": [90.0, 90.0, 90.0], "cartesian": false, "props": ["", "", "", "", "", "", "", ""]}, "energy": -27.116016387939453}