{"jid": "JVASP-17422", "opt_atoms": {"lattice_mat": [[6.4905227199424536, -2.4394983397410838e-08, -8.83962841598323e-09], [-2.758805425542346e-08, 7.40462975244989, 1.2222365925408276e-08], [-5.032110530539632e-09, 6.152488301872693e-09, 3.74676915421302]], "coords": [[3.2452613595389654, -1.0403659004896806e-08, 4.39176505776302e-09], [3.245261336849139, 5.325198062597702, 1.873384551864833], [3.245261349790803, 2.0794316614621953, 1.8733845467701324], [1.6267224797364872e-08, 4.12788837265853e-09, -2.4482554375415524e-10], [1.6226306730959716, 1.8511574320291935, 9.070037035513664e-10], [1.622630659985889, 5.553472303143659, 6.866671733667781e-09], [1.806470980610152, -2.080209939059403e-09, 1.8733845564055185], [4.684051714626451, -1.3453549782940839e-08, 1.8733845511842069], [6.435173914862785e-08, 3.702314876181945, 1.5450708056265418e-08], [6.236454266411386e-08, 1.6228832375523088, 1.8733845493363543], [4.458681137412349e-08, 5.781746510933328, 1.8733845555120991], [3.245261345856143, 3.702314863992843, 1.7701960076867337e-09], [4.86789199871125, 5.553472264235806, 2.152389168793103e-09], [4.867892012587552, 1.851157447411635, -3.7496889355894225e-09], [5.051732303104958, 3.7023148604449827, 1.873384555778754], [1.438790363390315, 3.702314873903544, 1.8733845614134819]], "elements": ["Al", "Al", "Al", "Ni", "Ni", "Ni", "Ni", "Ni", "Al", "Al", "Al", "Ni", "Ni", "Ni", "Ni", "Ni"], "abc": [6.49052, 7.40463, 3.74677], "angles": [90.0, 90.0, 90.0], "cartesian": true, "props": ["", "", "", "", "", "", "", "", "", "", "", "", "", "", "", ""]}, "dft_atoms": {"lattice_mat": [[6.63402, 0.0, 0.0], [0.0, 7.50235, 0.0], [0.0, 0.0, 3.77653]], "coords": [[0.5, 0.0, 0.0], [0.5, 0.7191474841426928, 0.5], [0.5, 0.2808525158573072, 0.5], [0.0, 0.0, 0.0], [0.25, 0.25, 0.0], [0.25, 0.75, 0.0], [0.27844573496978764, 0.0, 0.5], [0.7215542650302124, 0.0, 0.5], [0.0, 0.5, 0.0], [0.0, 0.2191474841426928, 0.5], [0.0, 0.7808525158573072, 0.5], [0.5, 0.5, 0.0], [0.75, 0.75, 0.0], [0.75, 0.25, 0.0], [0.7784457349697876, 0.5, 0.5], [0.22155426503021225, 0.5, 0.5]], "elements": ["Al", "Al", "Al", "Ni", "Ni", "Ni", "Ni", "Ni", "Al", "Al", "Al", "Ni", "Ni", "Ni", "Ni", "Ni"], "abc": [6.63402, 7.50235, 3.77653], "angles": [90.0, 90.0, 90.0], "cartesian": false, "props": ["", "", "", "", "", "", "", "", "", "", "", "", "", "", "", ""]}, "energy": -36.477867126464844}