{"jid": "JVASP-8169", "opt_atoms": {"lattice_mat": [[4.521218885939427, -0.00034952839521685706, -0.000108015687754727], [-0.00034952839521662087, 4.5225289616763815, 0.00016647153074416524], [-0.00010801568775499177, 0.00016647153074469064, 4.5217485562306265]], "coords": [[-0.0003150802056699128, 9.262864226779095e-05, -0.00028984174754826205], [1.129960448148237, 3.391929637501655, 3.3914105664557077], [-0.0005361714720308768, 2.2614445081936916, 2.26102764183345], [1.1301896323826703, 1.1305821531604665, 1.130452600587375], [2.2609297320219053, -7.150008952742758e-05, 2.2611067598206076], [3.390624135493942, 3.3916711696444937, 1.1304827516422713], [2.260673291467646, 2.2608738605101673, -2.471579575807673e-05], [3.390744831529499, 1.130489708938348, 3.3912733495189173]], "elements": ["Ga", "N", "Ga", "N", "Ga", "N", "Ga", "N"], "abc": [4.52122, 4.52253, 4.52175], "angles": [89.9957, 90.0028, 90.0089], "cartesian": true, "props": ["", "", "", "", "", "", "", ""]}, "dft_atoms": {"lattice_mat": [[4.54055, 0.0, 0.0], [0.0, 4.54055, 0.0], [0.0, 0.0, 4.54055]], "coords": [[0.0, 0.0, 0.0], [0.25, 0.75, 0.75], [0.0, 0.5, 0.5], [0.25, 0.25, 0.25], [0.5, 0.0, 0.5], [0.75, 0.75, 0.25], [0.5, 0.5, 0.0], [0.75, 0.25, 0.75]], "elements": ["Ga", "N", "Ga", "N", "Ga", "N", "Ga", "N"], "abc": [4.54055, 4.54055, 4.54055], "angles": [90.0, 90.0, 90.0], "cartesian": false, "props": ["", "", "", "", "", "", "", ""]}, "energy": -29.998889923095703}