{"jid": "JVASP-20638", "opt_atoms": {"lattice_mat": [[6.7227409930713184, -1.3346285813473529e-08, -1.6373843157389536e-08], [-1.3346284433820425e-08, 6.722740994291881, -1.733187476627887e-08], [-1.6373841498561456e-08, -1.7331877541540608e-08, 6.722740986848187]], "coords": [[-1.136773797377004e-08, 3.3613704968561793, -1.3324471747945869e-08], [5.042055741651122, 1.680685229979885, 1.68068522586324], [0.8403426159297889, 0.8403426158894061, 0.8403426145914754], [0.8403426111473888, 2.521027866120315, 2.521027862851299], [5.8823983557658535, 4.201713101265254, 2.521027846311101], [5.882398359064409, 5.8823983600651415, 0.8403425891733166], [-1.292496410913143e-08, -1.335969405717028e-08, 3.3613704932935775], [5.042055726803797, 5.042055726953475, 5.0420557191040665], [0.8403426036232565, 4.2017131070879445, 4.201713102056665], [0.8403425934343376, 5.882398357086106, 5.882398350118019], [5.882398356926066, 0.8403425927062216, 5.882398350857744], [5.882398354845765, 2.521027851775204, 4.201713094033788], [3.361370481665758, 3.36137048177676, 3.361370476572513], [1.6806852283822071, 1.680685227992388, 5.042055735961138], [4.201713106845482, 0.8403426030866448, 4.201713102595975], [4.201713099360649, 2.5210278508477733, 5.882398348093342], [2.521027851227126, 4.201713099305729, 5.882398347875629], [2.5210278520008838, 5.88239835538194, 4.201713093544426], [3.3613704963131292, -1.1379673076367635e-08, -1.2853409314916534e-08], [1.680685229966071, 5.042055742276257, 1.6806852254130147], [4.201713108290242, 4.201713108974799, 0.8403426003156039], [4.201713100847713, 5.882398356443554, 2.5210278460610342], [2.5210278659972305, 0.8403426108496814, 2.521027863118201], [2.5210278667859742, 2.5210278670925046, 0.8403426087394459]], "elements": ["Zr", "Zr", "Ni", "Ni", "Ni", "Ni", "Zr", "Zr", "Ni", "Ni", "Ni", "Ni", "Zr", "Zr", "Ni", "Ni", "Ni", "Ni", "Zr", "Zr", "Ni", "Ni", "Ni", "Ni"], "abc": [6.72274, 6.72274, 6.72274], "angles": [90.0, 90.0, 90.0], "cartesian": true, "props": ["", "", "", "", "", "", "", "", "", "", "", "", "", "", "", "", "", "", "", "", "", "", "", ""]}, "dft_atoms": {"lattice_mat": [[6.95363, 0.0, 0.0], [0.0, 6.95363, 0.0], [0.0, 0.0, 6.95363]], "coords": [[0.0, 0.5, 0.0], [0.75, 0.25, 0.25], [0.125, 0.125, 0.125], [0.125, 0.375, 0.375], [0.875, 0.625, 0.375], [0.875, 0.875, 0.125], [0.0, 0.0, 0.5], [0.75, 0.75, 0.75], [0.125, 0.625, 0.625], [0.125, 0.875, 0.875], [0.875, 0.125, 0.875], [0.875, 0.375, 0.625], [0.5, 0.5, 0.5], [0.25, 0.25, 0.75], [0.625, 0.125, 0.625], [0.625, 0.375, 0.875], [0.375, 0.625, 0.875], [0.375, 0.875, 0.625], [0.5, 0.0, 0.0], [0.25, 0.75, 0.25], [0.625, 0.625, 0.125], [0.625, 0.875, 0.375], [0.375, 0.125, 0.375], [0.375, 0.375, 0.125]], "elements": ["Zr", "Zr", "Ni", "Ni", "Ni", "Ni", "Zr", "Zr", "Ni", "Ni", "Ni", "Ni", "Zr", "Zr", "Ni", "Ni", "Ni", "Ni", "Zr", "Zr", "Ni", "Ni", "Ni", "Ni"], "abc": [6.95363, 6.95363, 6.95363], "angles": [90.0, 90.0, 90.0], "cartesian": false, "props": ["", "", "", "", "", "", "", "", "", "", "", "", "", "", "", "", "", "", "", "", "", "", "", ""]}, "energy": -80.13555335998535}