{"jid": "JVASP-16427", "opt_atoms": {"lattice_mat": [[3.704350597331471, -3.9739658775799614e-09, 4.1340173587385853e-10], [-3.973963830407962e-09, 3.7043505973314663, 2.6674880733089176e-10], [4.13402032668383e-10, 2.6674908973249156e-10, 3.70383542281475]], "coords": [[1.8521752963091702, 1.8521752962358402, 1.8519177110590894], [6.551965194495888e-09, 6.557580412540117e-09, 7.637054122731486e-09]], "elements": ["Sm", "Al"], "abc": [3.70435, 3.70435, 3.70384], "angles": [90.0, 90.0, 90.0], "cartesian": true, "props": ["", ""]}, "dft_atoms": {"lattice_mat": [[3.67532, 0.0, 0.0], [0.0, 3.67532, 0.0], [0.0, 0.0, 3.67532]], "coords": [[0.5, 0.5, 0.5], [0.0, 0.0, 0.0]], "elements": ["Sm", "Al"], "abc": [3.67532, 3.67532, 3.67532], "angles": [90.0, 90.0, 90.0], "cartesian": false, "props": ["", ""]}, "energy": -5.1009111404418945}