{"jid": "JVASP-14812", "opt_atoms": {"lattice_mat": [[1.8182124097366088, -3.1492274273015024, 3.2042008405178363e-09], [1.818212411978579, 3.1492274285959097, 9.026174529915471e-10], [1.3237270322183199e-08, -4.283127385862697e-09, 11.774272116649106]], "coords": [[2.9379146819102367e-09, -2.1198425510825672e-09, 5.887136058336515], [-3.278483918947287e-09, -1.3336884220585872e-10, -1.209453869311572e-08], [1.8182124237164017, -1.0497424440024556, 8.830704102012234], [1.8182124181622958, 1.0497424411110654, 2.943568030809122]], "elements": ["Sm", "Sm", "Sm", "Sm"], "abc": [3.636418, 3.636418, 11.77427], "angles": [90.0, 90.0, 120.0], "cartesian": true, "props": ["", "", "", ""]}, "dft_atoms": {"lattice_mat": [[1.7997, -3.11716, 0.0], [1.7997, 3.11716, 0.0], [0.0, 0.0, 11.60174]], "coords": [[0.0, 0.0, 0.5], [0.0, 0.0, 0.0], [0.6666666666666666, 0.3333333333333333, 0.75], [0.33333333333333337, 0.6666666666666667, 0.25]], "elements": ["Sm", "Sm", "Sm", "Sm"], "abc": [3.59939, 3.59939, 11.60174], "angles": [90.0, 90.0, 119.9998], "cartesian": false, "props": ["", "", "", ""]}, "energy": -8.061893463134766}