{"jid": "JVASP-37857", "opt_atoms": {"lattice_mat": [[2.923985178094387, -5.064484824200057, 5.767831676805683e-08], [2.9239851397201257, 5.0644848020446105, -5.7867798032296064e-08], [-1.5517270196741517e-10, -5.463173105050035e-08, 4.677808009740568]], "coords": [[2.923985152608352, 1.6881615534103613, 3.508355994896431], [2.9239851653853717, -1.6881616301535036, 1.1694520138542583], [4.3618552269141775, 0.8580078054519445, 1.1694519839793338], [1.4861150847597187, 0.85800781802372, 1.169451984168281], [2.9239851463530226, 3.3484690386663027, 1.1694519566234913], [1.4861150929040294, -0.858007884995251, 3.5083560257450337], [4.361855231623605, -0.8580078947939982, 3.508356024554931], [2.923985171670755, -3.348469112243023, 3.508356053496827]], "elements": ["Cu", "Cu", "Ag", "Ag", "Ag", "Ag", "Ag", "Ag"], "abc": [5.847963, 5.847963, 4.67781], "angles": [90.0, 90.0, 119.9998], "cartesian": true, "props": ["", "", "", "", "", "", "", ""]}, "dft_atoms": {"lattice_mat": [[2.84176, -4.92206, 0.0], [2.84176, 4.92206, 0.0], [0.0, 0.0, 4.65443]], "coords": [[0.3333333333333333, 0.6666666666666666, 0.75], [0.6666666666666667, 0.33333333333333337, 0.25], [0.6618020810112714, 0.8309010405056356, 0.25], [0.16909895949436426, 0.33819791898872864, 0.25], [0.16909895949436438, 0.8309010405056357, 0.25], [0.33819791898872864, 0.16909895949436438, 0.75], [0.8309010405056357, 0.6618020810112714, 0.75], [0.8309010405056356, 0.16909895949436426, 0.75]], "elements": ["Cu", "Cu", "Ag", "Ag", "Ag", "Ag", "Ag", "Ag"], "abc": [5.683509, 5.683509, 4.65443], "angles": [90.0, 90.0, 119.9999], "cartesian": false, "props": ["", "", "", "", "", "", "", ""]}, "energy": 3.9342803955078125}