{"jid": "JVASP-79797", "opt_atoms": {"lattice_mat": [[3.2084587683757197, 0.0007186167654066981, 0.0004903607538390527], [0.0021568593552545147, 9.606779411405782, 0.00355632321970946], [0.0005993583766637078, 0.0014482636130823102, 4.128755517791247]], "coords": [[1.6049165810882258, 1.3377023103928278, 3.0972251514405578], [0.0009917877349771378, 3.467489949269151, 1.0335552729181876], [1.6055783567056803, 3.998410883107823, 3.0982721144009444], [0.0003288175603801557, 0.8068100496396535, 1.032506154881865], [0.0017656741889969635, 6.140734551003688, 3.098758194761222], [1.6062976058857215, 8.271254197859584, 1.035576003004017], [0.0024274282436852848, 8.801501077369087, 3.0998056031834897], [1.605636602945309, 5.610512246237667, 1.0345295690397516]], "elements": ["Zr", "Zr", "Ni", "Ni", "Zr", "Zr", "Ni", "Ni"], "abc": [3.20846, 9.606781, 4.12876], "angles": [89.9586, 89.9829, 89.9743], "cartesian": true, "props": ["", "", "", "", "", "", "", ""]}, "dft_atoms": {"lattice_mat": [[3.31869, 0.0, 0.0], [0.0, 9.96073, 0.0], [0.0, 0.0, 4.05637]], "coords": [[0.5, 0.13913035569558466, 0.75], [0.0, 0.36086964430441537, 0.25], [0.5, 0.41605527887254595, 0.75], [0.0, 0.08394472112745405, 0.25], [0.0, 0.6391303556955846, 0.75], [0.5, 0.8608696443044154, 0.25], [0.0, 0.916055278872546, 0.75], [0.5, 0.583944721127454, 0.25]], "elements": ["Zr", "Zr", "Ni", "Ni", "Zr", "Zr", "Ni", "Ni"], "abc": [3.31869, 9.96073, 4.05637], "angles": [90.0, 90.0, 90.0], "cartesian": false, "props": ["", "", "", "", "", "", "", ""]}, "energy": -32.32404327392578}