{"jid": "JVASP-11950", "opt_atoms": {"lattice_mat": [[2.02112, -3.50069, 0.0], [2.02112, 3.50069, 0.0], [0.0, 0.0, 4.91142]], "coords": [[0.0, 0.0, 0.0], [2.02112, 1.1668966666666665, 3.1833803494906], [2.0211200000000002, -1.166896666666667, 1.7280396505093996], [2.02112, 1.1668966666666665, 0.7307955210168219], [2.0211200000000002, -1.166896666666667, 4.1806244789831775]], "elements": ["Al", "Al", "Al", "Ni", "Ni"], "abc": [4.042246, 4.042246, 4.91142], "angles": [90.0, 90.0, 120.0001], "cartesian": true, "props": ["", "", "", "", ""]}, "dft_atoms": {"lattice_mat": [[2.02112, -3.50069, 0.0], [2.02112, 3.50069, 0.0], [0.0, 0.0, 4.91142]], "coords": [[0.0, 0.0, 0.0], [0.3333333333333333, 0.6666666666666666, 0.648158852122319], [0.6666666666666667, 0.33333333333333337, 0.35184114787768095], [0.3333333333333333, 0.6666666666666666, 0.14879515924454068], [0.6666666666666667, 0.33333333333333337, 0.8512048407554593]], "elements": ["Al", "Al", "Al", "Ni", "Ni"], "abc": [4.042246, 4.042246, 4.91142], "angles": [90.0, 90.0, 120.0001], "cartesian": false, "props": ["", "", "", "", ""]}, "energy": -12.52920389175415}