{"jid": "JVASP-993", "opt_atoms": {"lattice_mat": [[2.1936055439633577, -3.7994433540575705, -1.221691456798979e-07], [2.193605543816303, 3.7994433539726686, 1.2204505286643104e-07], [-3.282815259332419e-10, 3.729995817468546e-07, 11.599800053236258]], "coords": [[9.834610140283822e-10, 9.250749452213086e-08, 3.0992204304174282], [2.1936055438978244, -1.2664810865217826, 0.767379535026293], [2.193605542656437, -1.2664809012120044, 6.965820406356759], [2.193605542655208, 1.266481274147881, 4.633979648226177], [2.1936055435641064, 1.2664814594130116, 10.832420516798672], [8.228709516866548e-10, 2.80467897862143e-07, 8.500579623815675]], "elements": ["Sb", "Sb", "Sb", "Sb", "Sb", "Sb"], "abc": [4.387217, 4.387217, 11.5998], "angles": [90.0, 90.0, 119.9999], "cartesian": true, "props": ["", "", "", "", "", ""]}, "dft_atoms": {"lattice_mat": [[2.18992, -3.79306, 0.0], [2.18992, 3.79306, 0.0], [0.0, 0.0, 11.58663]], "coords": [[0.0, 0.0, 0.26719932354400683], [0.6666666666666666, 0.3333333333333333, 0.06613400978932649], [0.6666666666666666, 0.3333333333333333, 0.6005326568773401], [0.33333333333333326, 0.6666666666666666, 0.3994673431226598], [0.3333333333333333, 0.6666666666666666, 0.9338659902106734], [0.0, 0.0, 0.7328006764559931]], "elements": ["Sb", "Sb", "Sb", "Sb", "Sb", "Sb"], "abc": [4.379846, 4.379846, 11.58663], "angles": [90.0, 90.0, 120.0001], "cartesian": false, "props": ["", "", "", "", "", ""]}, "energy": -12.354389190673828}