{"jid": "JVASP-17253", "opt_atoms": {"lattice_mat": [[1.7141637455741874, -2.96864751491678, 0.001179161742225922], [1.7146258091265385, 2.9689142872155343, -0.0028739085104328545], [-0.008068397170784945, -0.011140523630091596, 70.56948947977693]], "coords": [[1.7077426112280072, -0.9976903718260693, 58.79888038883488], [-0.006701055866908908, -0.0084048483642027, 58.82190711893791], [1.7080236218605551, 0.9816734359638509, 58.77467401401589], [1.7129961832432317, 0.9866470009574492, 11.776203490730566], [1.7127148505156427, -0.9927168496121405, 11.800410868492177], [-0.0013485099699448405, -0.0029038699337173954, 11.754868417604644], [-0.003880471316334023, -0.0038127329245621383, 35.26397086093087], [1.7104645186464147, 0.9857384150542203, 35.2853040700733], [1.710563211157493, -0.9930985957926476, 35.240944453630725]], "elements": ["Fe", "O", "O", "Fe", "O", "O", "Fe", "O", "O"], "abc": [3.428007, 3.428468, 70.569491], "angles": [90.0591, 89.9757, 119.9893], "cartesian": true, "props": ["", "", "", "", "", "", "", "", ""]}, "dft_atoms": {"lattice_mat": [[1.40867, -2.43989, 0.0], [1.40867, 2.43989, 0.0], [0.0, 0.0, 13.41287]], "coords": [[0.6666666666666665, 0.33333333333333326, 0.8333333333333331], [0.0, 0.0, 0.76154447188942], [0.33333333333333326, 0.6666666666666666, 0.9051221947772466], [0.33333333333333304, 0.6666666666666665, 0.16666666666666652], [0.6666666666666665, 0.3333333333333333, 0.09487780522275324], [-1.1102230246251565e-16, 0.0, 0.23845552811058002], [-2.220446049250313e-16, -1.1102230246251565e-16, 0.4999999999999998], [0.33333333333333326, 0.6666666666666666, 0.4282111385560867], [0.6666666666666665, 0.33333333333333326, 0.5717888614439133]], "elements": ["Fe", "O", "O", "Fe", "O", "O", "Fe", "O", "O"], "abc": [2.817342, 2.817342, 13.41287], "angles": [90.0, 90.0, 120.0], "cartesian": false, "props": ["", "", "", "", "", "", "", "", ""]}, "energy": -38.57486057281494}