{"jid": "JVASP-949", "opt_atoms": {"lattice_mat": [[-9.868418229737978e-05, 8.318824480106322, -0.00016840112420656372], [6.018229407083882, -7.138745771417768e-05, -8.091932898889726e-06], [2.585708085095777e-05, -1.752010893788602, -3.7674210232533327]], "coords": [[-1.518349100024435, 0.024658732001300147, 0.6133014139780124], [-1.5182740367701244, -6.5914362975112155, 3.1542920916111243], [-4.499807479709608, -6.591400930887697, 3.1542961021485114], [-4.499882543317205, 0.024694098650013305, 0.613305424794678], [-3.0090507355848057, -5.659397827041298, 0.6768311413303381], [-3.0091058443780745, -0.9073443715403662, 3.0907663733885413], [-3.0090751809935035, -3.9561265322226147, 3.2167665565448447], [-3.0090813989861376, -2.6106156662390996, 0.5508309591865853], [-4.527414461862971, -4.134717815340458, 0.6133896385824936], [-4.527438082487395, -2.4319883627251553, 3.154211958364457], [-1.4907421180396008, -2.4320243835690585, 3.154207877224634], [-1.4907184975199044, -4.1347538360956975, 0.6133855584468992], [1.4625922605723027e-05, -1.5000212805531674, 0.6767428962946869], [5.82012606886733e-05, -5.066792305442007, 3.0908465264813274], [-9.819553357218024e-06, 0.2032500140214762, 3.216678312128693], [8.264670150858937e-05, -6.770063600545688, 0.5509111118711791]], "elements": ["O", "O", "O", "O", "O", "O", "O", "O", "O", "O", "O", "O", "O", "O", "O", "O"], "abc": [8.31882, 6.01823, 4.154876], "angles": [89.9992, 114.9393, 90.0014], "cartesian": true, "props": ["", "", "", "", "", "", "", "", "", "", "", "", "", "", "", ""]}, "dft_atoms": {"lattice_mat": [[0.0, 8.32463, 0.0], [6.02198, 0.0, 0.0], [0.0, -1.75331, -3.77493]], "coords": [[-0.03133266329126072, -0.2523033780111973, -0.16284232768578769], [-0.9686673367087393, -0.2523033780111973, -0.8371576723142123], [-0.9686673367087393, -0.7476966219888027, -0.8371576723142123], [-0.03133266329126072, -0.7476966219888027, -0.16284232768578769], [-0.7181653465942046, -0.5, -0.17967765131593155], [-0.2818346534057954, -0.5, -0.8203223486840685], [-0.655381851841066, -0.5, -0.8537276769775352], [-0.344618148158934, -0.5, -0.14627232302246485], [-0.5313326632912607, -0.7523033780111973, -0.16284232768578769], [-0.4686673367087393, -0.7523033780111973, -0.8371576723142123], [-0.4686673367087393, -0.2476966219888026, -0.8371576723142123], [-0.5313326632912607, -0.2476966219888026, -0.16284232768578769], [-0.2181653465942046, 0.0, -0.17967765131593155], [-0.7818346534057954, 0.0, -0.8203223486840685], [-0.1553818518410659, 0.0, -0.8537276769775352], [-0.844618148158934, 0.0, -0.14627232302246485]], "elements": ["O", "O", "O", "O", "O", "O", "O", "O", "O", "O", "O", "O", "O", "O", "O", "O"], "abc": [8.32463, 6.02198, 4.162234], "angles": [90.0, 114.9131, 90.0], "cartesian": false, "props": ["", "", "", "", "", "", "", "", "", "", "", "", "", "", "", ""]}, "energy": -45.865478515625}