{"jid": "JVASP-861", "opt_atoms": {"lattice_mat": [[2.7325758059987306, 4.396532244607873e-09, 5.951285085971519e-09], [4.3965331446787865e-09, 2.7324871121769134, 8.815289061418299e-09], [5.9512850723355116e-09, 8.815297260048475e-09, 2.7325758059987306]], "coords": [[1.366287809412637, 1.36624350983331, 1.3662878095141238], [1.0970122573900589e-07, 6.367018961485206e-08, 1.1177912448688253e-07]], "elements": ["Cr", "Cr"], "abc": [2.73258, 2.73249, 2.73258], "angles": [90.0, 90.0, 90.0], "cartesian": true, "props": ["", ""]}, "dft_atoms": {"lattice_mat": [[2.8403, 0.0, 0.0], [0.0, 2.8403, 0.0], [0.0, 0.0, 2.8403]], "coords": [[0.5, 0.5, 0.5], [0.0, 0.0, 0.0]], "elements": ["Cr", "Cr"], "abc": [2.8403, 2.8403, 2.8403], "angles": [90.0, 90.0, 90.0], "cartesian": false, "props": ["", ""]}, "energy": -12.687560081481934}