{"jid": "JVASP-981", "opt_atoms": {"lattice_mat": [[1.3881842090038867, -2.404415050594417, 3.560654029046419e-10], [1.3881842090341194, 2.4044150506118713, -3.5203107884689883e-10], [6.4975104542230536e-12, -6.584249072229079e-10, 4.469950512426738]], "coords": [[1.3881842090188374, -0.8014716934904782, 3.352462890751172], [1.3881842090256666, 0.8014716927017385, 1.1174876216323584]], "elements": ["Re", "Re"], "abc": [2.776379, 2.776379, 4.46995], "angles": [90.0, 90.0, 120.0004], "cartesian": true, "props": ["", ""]}, "dft_atoms": {"lattice_mat": [[1.39362, -2.41383, 0.0], [1.39362, 2.41383, 0.0], [0.0, 0.0, 4.48901]], "coords": [[0.6666666666666666, 0.3333333333333333, 0.75], [0.33333333333333337, 0.6666666666666667, 0.25]], "elements": ["Re", "Re"], "abc": [2.787248, 2.787248, 4.48901], "angles": [90.0, 90.0, 120.0002], "cartesian": false, "props": ["", ""]}, "energy": -18.40774917602539}