{"jid": "JVASP-958", "opt_atoms": {"lattice_mat": [[4.473959721394509, 1.2766418067812585e-09, 5.788149794937176e-10], [1.2766418538244024e-09, 4.473959739334408, -1.6923954786690091e-09], [5.788149280677054e-10, -1.6923954761360098e-09, 4.473959741760132]], "coords": [[1.8510956047685862e-08, 1.7347964906138333e-08, 2.236979852665206], [1.9058354264537678e-08, 2.236979851250029, 1.758133689520282e-08], [2.2369798422028695, 1.911383162903225e-08, 1.8784004701618837e-08], [2.236979843044487, 2.2369798508980234, 2.236979851781632]], "elements": ["Pa", "Pa", "Pa", "Pa"], "abc": [4.47396, 4.47396, 4.47396], "angles": [90.0, 90.0, 90.0], "cartesian": true, "props": ["", "", "", ""]}, "dft_atoms": {"lattice_mat": [[4.70233, 0.0, 0.0], [0.0, 4.70233, 0.0], [0.0, 0.0, 4.70233]], "coords": [[0.0, 0.0, 0.5], [0.0, 0.5, 0.0], [0.5, 0.0, 0.0], [0.5, 0.5, 0.5]], "elements": ["Pa", "Pa", "Pa", "Pa"], "abc": [4.70233, 4.70233, 4.70233], "angles": [90.0, 90.0, 90.0], "cartesian": false, "props": ["", "", "", ""]}, "energy": -25.701379776000977}