{"jid": "JVASP-8082", "opt_atoms": {"lattice_mat": [[3.93164, 0.0, 0.0], [0.0, 3.93164, 0.0], [0.0, 0.0, 3.93164]], "coords": [[0.0, 0.0, 0.0], [1.96582, 1.96582, 1.96582], [1.96582, 0.0, 1.96582], [1.96582, 1.96582, 0.0], [0.0, 1.96582, 1.96582]], "elements": ["Sr", "Ti", "O", "O", "O"], "abc": [3.93164, 3.93164, 3.93164], "angles": [90.0, 90.0, 90.0], "cartesian": true, "props": ["", "", "", "", ""]}, "dft_atoms": {"lattice_mat": [[3.93164, 0.0, 0.0], [0.0, 3.93164, 0.0], [0.0, 0.0, 3.93164]], "coords": [[0.0, 0.0, 0.0], [0.5, 0.5, 0.5], [0.5, 0.0, 0.5], [0.5, 0.5, 0.0], [0.0, 0.5, 0.5]], "elements": ["Sr", "Ti", "O", "O", "O"], "abc": [3.93164, 3.93164, 3.93164], "angles": [90.0, 90.0, 90.0], "cartesian": false, "props": ["", "", "", "", ""]}, "energy": -31.087090969085693}