{"jid": "JVASP-1216", "opt_atoms": {"lattice_mat": [[4.36514873174923, 6.429969286288355e-05, -7.4069592265947566e-06], [6.429969286230288e-05, 4.365437146769302, -3.984281331316815e-05], [-7.406959227138082e-06, -3.984281331283771e-05, 4.365154960652112]], "coords": [[1.0912948818105113, 1.0913408015206643, 3.273842189153877], [3.2738930262393113, 1.0914274749276627, 1.091320073003485], [1.0913200868242452, 3.2740837575250326, 1.0912435256332444], [3.2739068075976325, 3.2740744249422016, 3.2738396518557047], [2.1826139675472565, 2.182706301801954, 2.1825535244877283], [-1.5878828098277402e-05, 2.8566081329632154e-05, -5.623803040960187e-06]], "elements": ["Cu", "Cu", "Cu", "Cu", "O", "O"], "abc": [4.36515, 4.36544, 4.36515], "angles": [90.0011, 90.0003, 89.9984], "cartesian": true, "props": ["", "", "", "", "", ""]}, "dft_atoms": {"lattice_mat": [[4.29746, 0.0, 0.0], [0.0, 4.29746, 0.0], [0.0, 0.0, 4.29746]], "coords": [[0.25, 0.25, 0.75], [0.75, 0.25, 0.25], [0.25, 0.75, 0.25], [0.75, 0.75, 0.75], [0.5, 0.5, 0.5], [0.0, 0.0, 0.0]], "elements": ["Cu", "Cu", "Cu", "Cu", "O", "O"], "abc": [4.29746, 4.29746, 4.29746], "angles": [90.0, 90.0, 90.0], "cartesian": false, "props": ["", "", "", "", "", ""]}, "energy": -6.844935178756714}