{"intf_dat": {"interface_energy": 0.02511490598221161, "unoptimized_interface": {"lattice_mat": [[6.01401, -0.0, -0.0], [3.00701, -5.20829, -0.0], [-0.0, -0.0, -48.09358143026033]], "coords": [[0.5000013605979889, -0.24999993034486276, 0.4062056298393991], [0.16666531500959, -0.08333337203063161, 0.1620649089360503], [-0.500001360597989, 0.24999993034486284, 0.11323676475538058], [0.16666708030063232, -0.0833332791571156, 0.30854934147805957], [0.8333337559082117, -0.41666658153260994, 0.3573774856587294], [-0.4999978300159042, 0.2500001160918952, 0.4062056298393991], [-2.4841486178335072e-06, -0.2500001160918952, 0.11323676475538058], [-0.16666531500958987, 0.08333337203063147, 0.3573774856587295], [-0.333334070072734, 0.41666658153261016, 0.1620649089360503], [0.3333326055348449, 0.08333327915711562, 0.21089305311672002], [-7.18857575463343e-07, -0.25000002321837894, 0.25972119729738974], [-0.33333230478169146, 0.41666667440612637, 0.30854934147805957], [0.3333343708258876, 0.08333337203063193, 0.3573774856587294], [0.8333319906171688, -0.4166666744061262, 0.21089305311672002], [-1.0464334668726653e-06, 0.24999993034486284, 0.11323676475538058], [-0.3333343708258876, -0.08333337203063172, 0.1620649089360503], [1.0464334671437432e-06, -0.24999993034486276, 0.4062056298393991], [7.188575756105207e-07, 0.25000002321837894, 0.25972119729738974], [-0.8333319906171693, 0.4166666744061261, 0.30854934147805957], [0.49999959530694665, -0.2500000232183789, 0.25972119729738974], [-0.1666670803006322, 0.08333327915711562, 0.21089305311672002], [-0.8333337559082116, 0.41666658153261016, 0.1620649089360503], [0.49999783001590414, -0.2500001160918952, 0.11323676475538058], [0.3333323047816917, -0.4166666744061262, 0.21089305311672002], [2.484148618258241e-06, 0.2500001160918952, 0.4062056298393991], [-0.4999995953069465, 0.25000002321837894, 0.25972119729738974], [-0.3333326055348455, -0.08333327915711575, 0.30854934147805957], [0.33333407007273397, -0.4166665815326104, 0.3573774856587294], [-0.2708322488775322, 0.020833218404662082, 0.5252985616531914], [0.39583433364184734, -0.3125000383095571, 0.5763492608783759], [-0.4375023388804221, 0.3541669348335659, 0.7805520577791134], [-0.10416725861573577, -0.31249980845221476, 0.729501358553929], [0.22916615886488476, 0.020833448262004353, 0.6784506593287445], [-0.437500423654495, 0.35416670497622377, 0.62739996010356], [-0.10416534338980846, -0.3125000383095571, 0.5763492608783759], [0.22916807409081208, 0.020833218404662082, 0.5252985616531914], [0.06249925337716059, 0.35416670497622377, 0.62739996010356], [-0.27083416410346023, 0.020833448262004353, 0.6784506593287445], [0.3958324184159202, -0.31249980845221453, 0.729501358553929], [-0.7708327685932899, 0.520833103475991, 0.5252985616531914], [0.5625003964454689, -0.14583340995244748, 0.62739996010356], [0.06249880418788576, -0.14583318009510488, 0.7805520577791134], [0.06249733815123306, 0.3541669348335659, 0.7805520577791134], [0.7291673019331926, -0.4791666666666668, 0.6784506593287445], [0.06250071941381362, -0.14583340995244742, 0.62739996010356], [-0.604165863105566, 0.18749984676177173, 0.5763492608783759], [-0.2708324456249457, 0.520833103475991, 0.5252985616531914], [-0.7708346838192174, 0.5208333333333331, 0.6784506593287445], [-0.10416810129983789, 0.18750007661911433, 0.729501358553929], [0.5624984812195413, -0.1458331800951051, 0.7805520577791134], [-0.10416618607391025, 0.18749984676177173, 0.5763492608783759], [-0.6041677783314937, 0.18750007661911433, 0.729501358553929], [-0.6041652171688777, 0.18749984676177173, 0.49977321204059943], [0.06249860744047198, 0.35416670497622377, 0.7039760089413367], [0.06250136535050171, -0.14583340995244748, 0.5508239112657837], [0.7291679478698813, -0.47916666666666663, 0.6018746104909678], [-0.6041671323948054, 0.187500076619114, 0.6529253097161523], [0.06249945012457422, -0.1458331800951051, 0.7039760089413367], [0.7291660326439535, -0.47916643680932425, 0.7550267081665212], [-0.1041640741005693, -0.3125002681668994, 0.49977321204059943], [-0.4374991543652556, 0.3541664751188813, 0.5508239112657837], [0.2291674281541235, 0.020833218404662193, 0.6018746104909678], [-0.1041659893264969, -0.31250003830955725, 0.6529253097161523], [-0.2708348100401485, 0.020833448262004575, 0.7550267081665212], [-0.4375010695911836, 0.3541667049762241, 0.7039760089413367], [-0.10416554013722167, 0.18749984676177173, 0.49977321204059943], [0.5625010423821573, -0.14583340995244748, 0.5508239112657837], [0.22916762490153722, -0.47916666666666663, 0.6018746104909678], [-0.1041674553631498, 0.187500076619114, 0.6529253097161523], [0.5624991271562299, -0.1458331800951051, 0.7039760089413367], [0.22916570967560926, -0.47916643680932425, 0.7550267081665207], [0.3958356029310865, -0.3125002681668994, 0.49977321204059943], [-0.2708328948142206, 0.020833218404662193, 0.6018746104909678], [0.39583368770515936, -0.31250003830955725, 0.6529253097161523], [0.22916551292819665, 0.020833448262004797, 0.7550267081665212], [0.06250052266640028, 0.3541664751188813, 0.5508239112657837]], "elements": ["Al", "Al", "Al", "Al", "Al", "Al", "Al", "Al", "Al", "Al", "Al", "Al", "Al", "Al", "Al", "Al", "Al", "Al", "Al", "Al", "Al", "Al", "Al", "Al", "Al", "Al", "Al", "Al", "N", "N", "N", "N", "N", "N", "N", "N", "N", "N", "N", "N", "N", "N", "N", "N", "N", "N", "N", "N", "N", "N", "N", "N", "Ti", "Ti", "Ti", "Ti", "Ti", "Ti", "Ti", "Ti", "Ti", "Ti", "Ti", "Ti", "Ti", "Ti", "Ti", "Ti", "Ti", "Ti", "Ti", "Ti", "Ti", "Ti", "Ti", "Ti"], "abc": [6.01401, 6.014016, 48.09358], "angles": [90.0, 90.0, 60.0], "cartesian": false, "props": ["", "", "", "", "", "", "", "", "", "", "", "", "", "", "", "", "", "", "", "", "", "", "", "", "", "", "", "", "", "", "", "", "", "", "", "", "", "", "", "", "", "", "", "", "", "", "", "", "", "", "", "", "", "", "", "", "", "", "", "", "", "", "", "", "", "", "", "", "", "", "", "", "", "", "", ""]}, "optimized_interface": {"lattice_mat": [[5.894882910572989, -4.311113332328293e-05, -0.00019621268562005937], [2.9474836916145204, -5.105266672627736, -4.7267539934902954e-05], [0.0015690979518464179, 0.0004694492724588071, -47.13891274054482]],