{"intf_dat": {"interface_energy": 0.0657668945639138, "unoptimized_interface": {"lattice_mat": [[1.25521, 2.17409, -0.0], [2.51042, -0.0, -0.0], [-0.0, -0.0, -20.5]], "coords": [[-0.33333347740697755, 0.6666663785191294, 0.6097560975609755], [-0.33333354029474704, 0.6666668525032518, 0.3902439024390243], [0.33333354029474704, -0.6666668525032518, 0.3902439024390243], [0.33333347740697755, -0.6666663785191294, 0.6097560975609755]], "elements": ["B", "C", "C", "N"], "abc": [2.510422, 2.51042, 20.5], "angles": [90.0, 90.0, 60.0], "cartesian": false, "props": ["", "", "", ""]}, "optimized_interface": {"lattice_mat": [[1.2525342389296643, 2.1694548544931966, 0.0], [2.5050689805550834, -2.9023119467050844e-07, 0.0], [0.0, 0.0, -20.5]], "coords": [[1.2525334563338155, -0.7231518518485102, -12.499999999999998], [1.2525347768139914, -0.7231522731964979, -7.999999999999998], [-1.2525347765351569, 0.7231522732868183, -7.999999999999998], [-1.252533541923069, 0.7231519776191331, -12.499999999999998]], "elements": ["B", "C", "C", "N"], "abc": [2.505064, 2.50507, 20.5], "angles": [90.0, 90.0, 60.0001], "cartesian": true, "props": ["", "", "", ""]}, "film_sl": {"lattice_mat": [[-1.2321, -2.13406, 0.0], [-2.46419, 0.0, 0.0], [0.0, 0.0, 38.80307]], "coords": [[-1.23209353627283, 0.7113537750014078, 0.0], [1.2320935362728302, -0.7113537750014078, 0.0]], "elements": ["C", "C"], "abc": [2.4642, 2.46419, 38.80307], "angles": [90.0, 90.0, 60.0], "cartesian": true, "props": ["", ""]}, "subs_sl": {"lattice_mat": [[-1.25521, -2.17409, 0.0], [-2.51042, 0.0, 0.0], [0.0, 0.0, 38.70726]], "coords": [[-1.2552090957859803, 0.7246969798957358, 0.0], [1.2552090957859803, -0.7246969798957358, 0.0]], "elements": ["B", "N"], "abc": [2.510422, 2.51042, 38.70726], "angles": [90.0, 90.0, 60.0], "cartesian": true, "props": ["", ""]}}, "jid_film": "JVASP-667", "jid_subs": "JVASP-688", "miller_film": [0, 0, 1], "miller_subs": [0, 0, 1], "prev": "0.22", "Wad": -0.0657668945639138}